id,sales
0,15.382635
1,17.52422
2,18.0155
3,19.639505
4,20.593363
5,23.714422
6,23.741749
7,16.6872
8,18.9162
9,19.075
10,20.622719
11,22.017555
12,23.67777
13,24.70947
14,17.170895
15,19.704033
16,19.910934
17,21.209236
18,22.96516
19,24.436514
20,25.468214
21,17.825678
22,20.317238
23,20.78624
24,22.36463
25,23.452444
26,24.9238
27,26.559544
28,18.238604
29,21.231073
30,21.717894
31,23.613768
32,24.436417
33,25.964834
34,27.33578
35,19.048077
36,22.417006
37,22.638655
38,24.615122
39,25.681465
40,27.32222
41,28.840899
42,19.912172
43,23.398582
44,23.398582
45,25.299412
46,26.650887
47,28.541239
48,29.798788
49,20.65021
50,24.086784
51,24.344982
52,25.932806
53,27.703115
54,29.474804
55,30.744812
56,21.327875
57,25.009834
58,25.009834
59,26.689814
60,28.431267
61,30.64943
62,32.03989
63,22.315018
64,25.886826
65,26.1535
66,27.569435
67,30.099249
68,31.785992
69,33.176437
70,23.22634
71,26.51352
72,26.767204
73,28.564285
74,30.664383
75,32.302555
76,34.121037
77,23.80347
78,27.050295
79,27.219965
80,29.281397
81,31.319315
82,33.530056
83,35.250748
84,24.046204
85,27.936033
86,28.184088
87,30.206892
88,32.35087
89,34.300564
90,18.238604
91,21.661932
92,20.78624
93,22.36463
94,23.21793
95,25.873755
96,27.824615
97,18.527689
98,21.798025
99,21.717894
100,23.52042
101,24.810362
102,27.031075
103,28.13144
104,19.211786
105,22.511917
106,22.511917
107,24.488384
108,25.484203
109,27.587587
110,28.583418
111,19.752502
112,22.871258
113,23.14032
114,25.00806
115,26.359535
116,28.211895
117,29.308193
118,20.332764
119,23.366169
120,23.513668
121,25.674608
122,26.931585
123,28.703272
124,29.97328
125,21.142485
126,24.344982
127,24.713299
128,26.301123
129,27.703115
130,29.474804
131,31.30309
132,21.70455
133,25.163763
134,25.39361
135,26.881014
136,28.904535
137,30.740953
138,32.170933
139,22.452272
140,26.114853
141,26.114853
142,27.984062
143,30.087418
144,31.77416
145,33.326427
146,23.187693
147,26.728558
148,26.728558
149,28.564285
150,30.664383
151,32.302555
152,34.121037
153,23.80347
154,27.050295
155,27.219965
156,29.281397
157,31.319315
158,33.530056
159,35.250748
160,24.046204
161,27.936033
162,28.184088
163,30.206892
164,32.35087
165,34.300564
166,35.897057
167,24.668839
168,28.628418
169,28.628418
170,30.614199
171,32.978523
172,35.143665
173,36.77242
174,25.136936
175,29.176899
176,29.176899
177,31.209044
178,33.72068
179,35.693848
180,15.911859
181,18.492971
182,18.9162
183,20.139225
184,22.097687
185,24.05692
186,23.181
187,17.170895
188,19.351593
189,19.351593
190,20.856796
191,22.558853
192,24.03021
193,25.06191
194,17.707062
195,20.317238
196,20.317238
197,21.61554
198,22.96516
199,24.787786
200,26.0282
201,18.121012
202,21.055729
203,21.055729
204,22.75996
205,23.847775
206,25.706572
207,26.946985
208,18.527689
209,21.798025
210,21.798025
211,23.778683
212,25.068624
213,26.808022
214,28.284386
215,19.454657
216,22.77018
217,22.77018
218,24.807648
219,26.026577
220,27.741316
221,29.432117
222,20.288418
223,23.505766
224,23.624432
225,25.418077
226,26.931585
227,28.703272
228,29.97328
229,21.142485
230,24.344982
231,24.713299
232,26.301123
233,27.703115
234,29.474804
235,31.30309
236,21.70455
237,25.163763
238,25.39361
239,26.91966
240,28.916367
241,30.752785
242,32.221634
243,22.757593
244,26.1535
245,26.330162
246,28.022709
247,30.099249
248,31.98668
249,33.37713
250,23.265602
251,26.767204
252,26.767204
253,28.62647
254,30.664383
255,32.792778
256,34.121037
257,23.973137
258,27.219965
259,27.219965
260,29.281397
261,31.622574
262,33.6918
263,35.250748
264,24.443981
265,28.184088
266,28.184088
267,30.44563
268,32.35087
269,34.338108
270,17.436504
271,20.110336
272,20.110336
273,23.110683
274,23.662962
275,24.025599
276,25.468214
277,18.121012
278,21.055729
279,21.231073
280,23.016186
281,23.995275
282,25.31913
283,26.946985
284,18.527689
285,21.798025
286,21.798025
287,23.66792
288,24.810362
289,26.549759
290,28.026905
291,19.211786
292,22.380392
293,22.511917
294,24.488384
295,25.423203
296,27.063957
297,28.583418
298,19.752502
299,22.871258
300,22.871258
301,25.266323
302,26.617798
303,28.470158
304,29.636755
305,20.492434
306,23.939285
307,23.939285
308,25.932806
309,27.505363
310,29.27705
311,30.744812
312,21.327875
313,24.713299
314,25.009834
315,26.597658
316,28.419436
317,30.637598
318,31.98919
319,22.276371
320,25.670979
321,25.848179
322,27.530788
323,29.634142
324,31.77416
325,33.125736
326,23.004335
327,26.474873
328,26.474873
329,28.564285
330,30.602198
331,32.302555
332,33.630814
333,23.80347
334,27.050295
335,27.050295
336,29.281397
337,31.319315
338,33.226795
339,34.858315
340,24.046204
341,27.936033
342,27.936033
343,30.206892
344,32.032368
345,34.300564
346,35.859512
347,24.668839
348,28.446487
349,28.628418
350,30.614199
351,32.561623
352,35.143665
353,36.77242
354,25.097466
355,29.176899
356,29.176899
357,31.209044
358,33.72068
359,35.693848
360,14.386392
361,15.840662
362,16.7591
363,17.611845
364,19.248434
365,20.616247
366,22.633316
367,15.382635
368,17.52422
369,17.52422
370,18.955135
371,20.297096
372,21.428497
373,23.032883
374,16.263971
375,18.492971
376,18.492971
377,19.50398
378,21.105722
379,22.605976
380,24.048592
381,16.894302
382,19.075
383,19.075
384,20.622719
385,22.097687
386,23.530272
387,24.70947
388,17.436504
389,19.910934
390,19.910934
391,21.873802
392,23.223423
393,24.694777
394,25.725695
395,18.245274
396,21.07991
397,21.07991
398,23.018223
399,24.436417
400,25.964834
401,27.204466
402,18.852276
403,22.221205
404,22.417006
405,24.615122
406,25.54994
407,27.32222
408,28.421803
409,19.70527
410,23.12952
411,23.398582
412,25.266323
413,26.617798
414,28.470158
415,29.636755
416,20.65021
417,24.086784
418,24.344982
419,25.971453
420,27.517195
421,29.486635
422,30.795515
423,21.366522
424,25.048481
425,25.048481
426,26.689814
427,28.431267
428,30.64943
429,32.14325
430,22.315018
431,25.886826
432,26.1535
433,27.569435
434,30.099249
435,31.785992
436,33.176437
437,23.22634
438,26.51352
439,26.767204
440,28.564285
441,30.664383
442,32.302555
443,34.121037
444,23.80347
445,27.050295
446,27.219965
447,29.281397
448,31.319315
449,33.530056
450,11.971621
451,13.431958
452,13.431958
453,14.253566
454,16.21503
455,16.991718
456,18.781778
457,13.496959
458,14.964806
459,15.307322
460,16.160065
461,17.828463
462,18.60515
463,19.450731
464,14.058785
465,16.251484
466,16.251484
467,17.104229
468,18.746904
469,19.639965
470,20.865162
471,15.119049
472,17.014452
473,17.260632
474,18.113375
475,19.512026
476,20.616247
477,22.029518
478,15.420581
479,17.52422
480,18.0155
481,19.213398
482,20.555359
483,21.68676
484,23.85173
485,16.495018
486,18.82261
487,19.174463
488,20.320997
489,21.999226
490,23.525114
491,24.966951
492,17.330564
493,19.962296
494,20.169197
495,21.873802
496,23.114697
497,24.694777
498,26.076967
499,18.280682
500,21.07991
501,21.489336
502,23.018223
503,24.436417
504,25.964834
505,27.204466
506,18.852276
507,22.417006
508,22.417006
509,24.653769
510,25.561771
511,27.334051
512,28.472506
513,19.743917
514,23.168167
515,23.43723
516,25.30497
517,26.662718
518,28.55307
519,29.687458
520,20.688856
521,24.125431
522,24.383629
523,25.971453
524,27.714947
525,29.486635
526,30.795515
527,21.663057
528,25.048481
529,25.20241
530,26.689814
531,28.916367
532,30.64943
533,32.14325
534,22.49092
535,26.1535
536,26.1535
537,28.022709
538,30.099249
539,31.785992
540,12.834339
541,14.728421
542,15.307322
543,16.693403
544,17.295124
545,18.071812
546,18.917393
547,14.058785
548,15.840662
549,16.251484
550,17.104229
551,18.239288
552,19.132349
553,20.485546
554,15.119049
555,17.014452
556,17.014452
557,18.113375
558,19.248434
559,20.616247
560,21.861725
561,15.420581
562,17.52422
563,17.52422
564,18.955135
565,20.297096
566,21.428497
567,22.79918
568,15.911859
569,18.492971
570,18.492971
571,19.762243
572,21.363985
573,22.864239
574,24.158573
575,17.053972
576,19.609856
577,19.609856
578,20.880981
579,22.35595
580,24.140974
581,25.319391
582,17.866732
583,20.5755
584,20.5755
585,21.873802
586,23.574694
587,25.182062
588,26.421694
589,18.398273
590,21.489336
591,21.976156
592,23.505041
593,24.436417
594,26.34073
595,27.80307
596,19.048077
597,22.638655
598,22.638655
599,24.785294
600,25.693296
601,27.334051
602,28.891602
603,20.219881
604,23.43723
605,23.544413
606,25.338058
607,26.781384
608,28.55307
609,29.849491
610,20.922937
611,24.383629
612,24.383629
613,26.33977
614,27.714947
615,29.486635
616,31.353792
617,21.663057
618,25.20241
619,25.432257
620,26.91966
621,28.916367
622,30.752785
623,32.221634
624,22.757593
625,26.1535
626,26.330162
627,28.022709
628,30.099249
629,31.98668
630,19.294987
631,22.871258
632,22.241413
633,25.674543
634,27.697422
635,28.277796
636,29.070103
637,20.332764
638,23.681023
639,23.681023
640,25.674543
641,27.351635
642,29.018787
643,30.289577
644,21.168205
645,24.455036
646,24.455036
647,26.04286
648,27.549387
649,29.282442
650,31.045609
651,21.54488
652,24.751572
653,24.751572
654,26.339396
655,28.161173
656,29.89423
657,31.731707
658,21.928654
659,25.135347
660,25.135347
661,27.09815
662,29.00789
663,30.740953
664,32.170933
665,22.718946
666,26.114853
667,26.114853
668,28.088596
669,30.15332
670,31.97485
671,33.326427
672,23.226955
673,26.728558
674,26.728558
675,28.587824
676,30.652552
677,32.78095
678,34.070335
679,23.764824
680,27.181318
681,27.181318
682,29.24275
683,31.307484
684,33.518227
685,35.200047
686,24.007557
687,27.897387
688,28.145441
689,30.206892
690,32.35087
691,34.300564
692,35.897057
693,24.668839
694,28.628418
695,28.628418
696,30.614199
697,32.978523
698,35.143665
699,36.77242
700,25.136936
701,29.176899
702,29.176899
703,31.209044
704,33.72068
705,35.693848
706,37.642075
707,25.545017
708,30.273308
709,30.273308
710,32.130344
711,34.271564
712,36.352024
713,38.698063
714,26.382975
715,30.717155
716,30.717155
717,32.709446
718,35.22341
719,37.44319
720,15.911859
721,18.0155
722,18.492971
723,19.710882
724,21.016592
725,24.05692
726,22.874157
727,16.894302
728,19.075
729,19.351593
730,20.622719
731,22.097687
732,23.67777
733,24.561972
734,17.436504
735,19.910934
736,19.910934
737,21.61554
738,22.96516
739,24.436514
740,25.468214
741,17.825678
742,20.78624
743,20.821648
744,22.36463
745,23.452444
746,25.31913
747,26.559544
748,18.527689
749,21.717894
750,21.717894
751,23.613768
752,24.436417
753,26.34073
754,27.80307
755,19.371456
756,22.638655
757,22.638655
758,24.746647
759,25.681465
760,27.741316
761,28.840899
762,20.181234
763,23.398582
764,23.505766
765,25.418077
766,26.769552
767,28.541239
768,29.798788
769,20.88429
770,24.344982
771,24.344982
772,26.301123
773,27.703115
774,29.474804
775,30.744812
776,21.62441
777,25.009834
778,25.163763
779,26.91966
780,28.916367
781,30.64943
782,32.14325
783,22.49092
784,26.1535
785,26.1535
786,28.022709
787,30.099249
788,31.785992
789,33.37713
790,23.265602
791,26.767204
792,26.767204
793,28.62647
794,30.664383
795,32.792778
796,34.121037
797,23.973137
798,27.219965
799,27.219965
800,29.281397
801,31.622574
802,33.6918
803,35.250748
804,24.443981
805,28.184088
806,28.184088
807,30.44563
808,32.35087
809,34.338108
810,15.911859
811,18.9162
812,19.281902
813,20.415817
814,23.11266
815,24.645227
816,25.781462
817,17.707062
818,20.110336
819,20.317238
820,22.148483
821,23.599943
822,24.9238
823,26.164213
824,18.121012
825,21.231073
826,21.231073
827,23.355505
828,24.178154
829,25.706572
830,26.946985
831,18.527689
832,21.962942
833,21.962942
834,24.13521
835,24.810362
836,27.031075
837,28.026905
838,19.294987
839,22.511917
840,22.511917
841,24.807648
842,25.742466
843,27.84585
844,28.840899
845,20.181234
846,23.398582
847,23.505766
848,25.418077
849,26.769552
850,28.541239
851,29.798788
852,20.88429
853,24.344982
854,24.344982
855,26.301123
856,27.703115
857,29.474804
858,30.744812
859,21.62441
860,25.009834
861,25.163763
862,26.881014
863,28.904535
864,30.637598
865,32.09255
866,22.452272
867,26.114853
868,26.114853
869,28.022709
870,30.099249
871,31.785992
872,33.37713
873,23.22634
874,26.767204
875,26.767204
876,28.62647
877,30.664383
878,32.792778
879,34.121037
880,23.80347
881,27.219965
882,27.219965
883,29.281397
884,31.622574
885,33.6918
886,35.250748
887,24.443981
888,28.184088
889,28.184088
890,30.44563
891,32.35087
892,34.338108
893,36.21027
894,24.8507
895,28.628418
896,28.998955
897,31.031105
898,32.978523
899,35.205235
900,40.96915
901,46.904724
902,48.837383
903,51.33599
904,54.39621
905,58.217785
906,62.88232
907,41.668182
908,47.650486
909,48.645794
910,52.50368
911,55.248875
912,58.89892
913,62.88232
914,41.7228
915,48.12253
916,48.79151
917,52.71625
918,55.71962
919,59.36475
920,63.3883
921,41.83481
922,48.79151
923,49.53943
924,53.081913
925,56.08528
926,59.974762
927,63.3883
928,42.21676
929,49.673893
930,49.673893
931,53.80644
932,56.809807
933,60.93126
934,64.45522
935,42.740685
936,50.144047
937,50.144047
938,54.209835
939,57.332687
940,61.66743
941,65.378685
942,43.505
943,51.15067
944,51.15067
945,55.06415
946,58.24781
947,62.96354
948,66.82535
949,44.225178
950,52.27569
951,52.341763
952,55.41003
953,59.41196
954,64.215546
955,67.42087
956,44.494026
957,52.90608
958,52.90608
959,56.047485
960,60.624985
961,64.62487
962,68.11302
963,44.78289
964,53.543182
965,53.543182
966,56.67713
967,60.55901
968,64.62487
969,68.11302
970,44.78289
971,53.543182
972,53.543182
973,56.67713
974,60.55901
975,64.62487
976,68.11302
977,44.78289
978,53.543182
979,53.543182
980,56.67713
981,60.55901
982,64.62487
983,68.11302
984,44.78289
985,53.543182
986,53.543182
987,56.67713
988,60.55901
989,64.62487
990,53.844868
991,62.53673
992,63.76259
993,65.146545
994,66.22195
995,74.170334
996,77.969604
997,53.018723
998,61.767433
999,61.767433
1000,64.687096
1001,68.62646
1002,74.170334
1003,77.90483
1004,53.018723
1005,61.672554
1006,61.672554
1007,65.00591
1008,69.40633
1009,74.170334
1010,77.90483
1011,53.018723
1012,61.672554
1013,61.672554
1014,65.00591
1015,69.62181
1016,74.170334
1017,77.90483
1018,53.018723
1019,61.672554
1020,61.672554
1021,65.34237
1022,69.95827
1023,74.50679
1024,78.2405
1025,53.24756
1026,62.00903
1027,62.00903
1028,65.34237
1029,69.95827
1030,74.50679
1031,78.2405
1032,53.24756
1033,62.10391
1034,62.10391
1035,65.34237
1036,69.95827
1037,74.50679
1038,78.2405
1039,53.24756
1040,62.10391
1041,62.10391
1042,65.34237
1043,69.95827
1044,74.50679
1045,78.2405
1046,53.24756
1047,62.10391
1048,62.10391
1049,65.4361
1050,69.9701
1051,74.51862
1052,78.29121
1053,53.286205
1054,62.197628
1055,62.197628
1056,65.4361
1057,69.9701
1058,74.51862
1059,78.29121
1060,53.286205
1061,62.197628
1062,62.197628
1063,65.4361
1064,69.9701
1065,74.51862
1066,78.29121
1067,53.286205
1068,62.197628
1069,62.197628
1070,65.4361
1071,69.9701
1072,74.51862
1073,78.29121
1074,53.286205
1075,62.197628
1076,62.197628
1077,65.4361
1078,69.9701
1079,74.51862
1080,48.51686
1081,54.44815
1082,55.61021
1083,58.155106
1084,60.57824
1085,67.04503
1086,70.147835
1087,47.21627
1088,54.44815
1089,54.44815
1090,57.85904
1091,62.783974
1092,67.04503
1093,70.36332
1094,47.21627
1095,54.44815
1096,54.44815
1097,57.909348
1098,63.221725
1099,67.04503
1100,70.36332
1101,47.21627
1102,54.44815
1103,54.44815
1104,57.909348
1105,63.221725
1106,67.04503
1107,70.36332
1108,47.21627
1109,54.44815
1110,54.44815
1111,58.24445
1112,63.60968
1113,67.43296
1114,70.750465
1115,47.452778
1116,54.783253
1117,54.783253
1118,58.19414
1119,63.60968
1120,67.43296
1121,70.750465
1122,47.452778
1123,54.783253
1124,54.783253
1125,58.19414
1126,63.60968
1127,67.43296
1128,70.750465
1129,47.452778
1130,54.783253
1131,54.783253
1132,58.19414
1133,63.60968
1134,67.43296
1135,70.750465
1136,47.452778
1137,54.783253
1138,54.783253
1139,58.232788
1140,63.62151
1141,67.44479
1142,70.80117
1143,47.491425
1144,54.8219
1145,54.8219
1146,58.232788
1147,63.62151
1148,67.44479
1149,70.80117
1150,47.491425
1151,54.8219
1152,54.8219
1153,58.232788
1154,63.62151
1155,67.44479
1156,70.80117
1157,47.491425
1158,54.8219
1159,54.8219
1160,58.232788
1161,63.62151
1162,67.44479
1163,70.80117
1164,47.491425
1165,54.8219
1166,54.8219
1167,58.232788
1168,63.62151
1169,67.44479
1170,40.789303
1171,47.09207
1172,47.28366
1173,48.238144
1174,50.689133
1175,54.88168
1176,58.102478
1177,40.139084
1178,46.372234
1179,46.372234
1180,48.932495
1181,52.134895
1182,54.963238
1183,58.740406
1184,40.139084
1185,46.02387
1186,46.02387
1187,49.302303
1188,52.717163
1189,55.601166
1190,58.740406
1191,40.139084
1192,46.02387
1193,46.02387
1194,49.69298
1195,52.717163
1196,55.601166
1197,58.740406
1198,40.139084
1199,46.02387
1200,46.02387
1201,50.028084
1202,53.22185
1203,56.105854
1204,59.301964
1205,40.448486
1206,47.00919
1207,47.00919
1208,51.06062
1209,53.79942
1210,56.683426
1211,60.369736
1212,41.20761
1213,47.81701
1214,47.81701
1215,51.56658
1216,54.9229
1217,57.806908
1218,61.21102
1219,41.90469
1220,48.403015
1221,48.403015
1222,52.838783
1223,55.583977
1224,58.557804
1225,62.247356
1226,41.95931
1227,49.011513
1228,49.126614
1229,53.09
1230,56.06655
1231,60.07734
1232,63.826176
1233,42.62983
1234,50.04764
1235,50.04764
1236,53.845085
1237,56.821636
1238,61.26225
1239,64.83493
1240,43.231533
1241,50.790504
1242,50.790504
1243,54.647293
1244,57.74333
1245,61.921402
1246,65.67154
1247,43.657566
1248,51.516487
1249,51.516487
1250,55.382603
1251,58.6815
1252,62.97537
1253,66.87605
1254,44.24197
1255,52.38041
1256,52.38041
1257,55.448677
1258,59.42379
1259,64.22738
1260,29.921785
1261,34.343575
1262,33.578854
1263,35.810226
1264,38.750385
1265,39.73464
1266,45.627445
1267,29.980875
1268,34.21566
1269,34.133526
1270,36.626892
1271,38.980877
1272,41.300835
1273,44.29038
1274,30.202644
1275,34.437424
1276,34.437424
1277,37.179733
1278,39.57429
1279,41.894245
1280,43.86514
1281,30.685535
1282,34.92031
1283,34.92031
1284,37.296783
1285,39.57429
1286,41.894245
1287,43.86514
1288,30.685535
1289,34.92031
1290,34.92031
1291,37.55505
1292,39.832558
1293,42.15251
1294,44.122623
1295,31.187647
1296,35.521023
1297,35.521023
1298,37.897495
1299,40.620575
1300,42.94053
1301,44.91064
1302,31.423407
1303,36.112797
1304,36.21608
1305,38.592552
1306,40.793747
1307,43.2227
1308,45.100277
1309,31.57398
1310,36.286034
1311,36.286034
1312,38.592552
1313,40.793747
1314,43.2227
1315,45.525517
1316,31.57398
1317,36.286034
1318,36.286034
1319,38.6312
1320,40.805576
1321,43.234528
1322,45.576218
1323,31.612627
1324,36.32468
1325,36.32468
1326,38.6312
1327,40.805576
1328,43.234528
1329,45.576218
1330,31.612627
1331,36.32468
1332,36.32468
1333,38.6312
1334,40.805576
1335,43.234528
1336,45.576218
1337,31.612627
1338,36.32468
1339,36.32468
1340,38.6312
1341,40.805576
1342,43.234528
1343,45.576218
1344,31.612627
1345,36.32468
1346,36.32468
1347,38.6312
1348,40.805576
1349,43.234528
1350,33.36118
1351,38.66296
1352,38.66296
1353,40.933575
1354,42.639847
1355,46.72733
1356,49.748005
1357,33.36118
1358,38.66296
1359,38.66296
1360,40.933575
1361,43.653088
1362,46.342094
1363,49.240067
1364,33.36118
1365,38.66296
1366,38.66296
1367,40.933575
1368,43.653088
1369,46.342094
1370,49.240067
1371,33.36118
1372,38.66296
1373,38.66296
1374,40.933575
1375,43.653088
1376,46.342094
1377,49.240067
1378,33.36118
1379,38.66296
1380,38.66296
1381,41.19184
1382,43.911354
1383,46.60036
1384,49.49755
1385,33.52085
1386,38.921227
1387,38.921227
1388,41.19184
1389,43.911354
1390,46.60036
1391,49.49755
1392,33.52085
1393,38.921227
1394,38.921227
1395,41.19184
1396,43.911354
1397,46.60036
1398,49.49755
1399,33.52085
1400,38.921227
1401,38.921227
1402,41.19184
1403,43.911354
1404,46.60036
1405,49.49755
1406,33.52085
1407,38.921227
1408,38.921227
1409,41.230488
1410,43.923183
1411,46.61219
1412,49.548252
1413,33.559498
1414,38.959873
1415,38.959873
1416,41.230488
1417,43.923183
1418,46.61219
1419,49.548252
1420,33.559498
1421,38.959873
1422,38.959873
1423,41.230488
1424,43.923183
1425,46.61219
1426,49.548252
1427,33.559498
1428,38.959873
1429,38.959873
1430,41.230488
1431,43.923183
1432,46.61219
1433,49.548252
1434,33.559498
1435,38.959873
1436,38.959873
1437,41.230488
1438,43.923183
1439,46.61219
1440,26.15077
1441,28.767948
1442,28.397408
1443,29.921324
1444,33.53272
1445,34.853004
1446,37.616936
1447,25.3467
1448,28.87999
1449,28.87999
1450,31.28255
1451,33.450584
1452,35.42375
1453,37.616936
1454,25.3467
1455,29.419392
1456,29.419392
1457,31.28255
1458,33.450584
1459,35.42375
1460,37.616936
1461,25.3467
1462,29.485294
1463,29.976398
1464,31.8008
1465,33.968834
1466,36.049294
1467,38.275112
1468,25.837793
1469,29.976398
1470,29.976398
1471,32.091698
1472,34.347046
1473,36.60083
1474,39.13959
1475,26.344328
1476,30.678509
1477,31.03375
1478,32.6708
1479,35.211582
1480,37.639526
1481,39.773624
1482,26.877619
1483,31.527334
1484,31.600647
1485,33.35799
1486,35.898773
1487,38.565414
1488,40.268066
1489,27.383038
1490,32.06801
1491,32.06801
1492,34.242264
1493,36.783886
1494,39.28671
1495,41.036938
1496,28.162117
1497,32.66696
1498,32.66696
1499,34.729877
1500,37.102356
1501,39.78024
1502,41.614216
1503,28.584175
1504,33.127983
1505,33.127983
1506,35.44149
1507,37.80066
1508,40.37383
1509,42.22058
1510,29.44017
1511,33.875767
1512,33.875767
1513,36.189274
1514,38.226284
1515,41.257565
1516,43.104317
1517,30.120102
1518,34.43044
1519,34.43044
1520,36.93858
1521,39.250973
1522,41.57093
1523,43.579914
1524,30.883852
1525,35.217224
1526,35.217224
1527,37.476646
1528,39.844387
1529,42.16434
1530,55.37241
1531,64.87766
1532,64.78278
1533,69.75469
1534,76.649086
1535,78.163574
1536,85.62143
1537,55.829243
1538,65.18571
1539,65.18571
1540,69.97018
1541,75.08187
1542,79.90804
1543,83.32616
1544,55.37241
1545,64.87766
1546,64.87766
1547,69.533356
1548,74.27016
1549,79.1611
1550,82.563286
1551,55.37241
1552,64.87766
1553,64.87766
1554,69.533356
1555,74.0837
1556,79.1611
1557,82.563286
1558,55.37241
1559,64.87766
1560,64.87766
1561,69.86981
1562,74.42016
1563,79.49756
1564,82.89896
1565,55.601246
1566,65.21412
1567,65.21412
1568,69.86981
1569,74.42016
1570,79.49756
1571,82.89896
1572,55.601246
1573,65.21412
1574,65.21412
1575,69.86981
1576,74.42016
1577,79.49756
1578,82.89896
1579,55.601246
1580,65.21412
1581,65.21412
1582,69.86981
1583,74.42016
1584,79.49756
1585,82.89896
1586,55.601246
1587,65.21412
1588,65.21412
1589,69.96354
1590,74.43199
1591,79.50939
1592,82.94966
1593,55.639893
1594,65.307846
1595,65.307846
1596,69.96354
1597,74.43199
1598,79.50939
1599,82.94966
1600,55.639893
1601,65.307846
1602,65.307846
1603,69.96354
1604,74.43199
1605,79.50939
1606,82.94966
1607,55.639893
1608,65.307846
1609,65.307846
1610,69.96354
1611,74.43199
1612,79.50939
1613,82.94966
1614,55.639893
1615,65.307846
1616,65.307846
1617,69.96354
1618,74.43199
1619,79.50939
1620,43.441967
1621,52.471893
1622,50.819763
1623,56.11889
1624,59.1522
1625,60.71988
1626,65.61965
1627,43.98867
1628,51.940586
1629,51.748997
1630,55.008854
1631,59.25514
1632,62.575584
1633,66.538475
1634,43.966816
1635,52.00666
1636,52.00666
1637,55.07493
1638,59.321213
1639,63.33234
1640,66.538475
1641,43.966816
1642,52.00666
1643,52.00666
1644,55.07493
1645,59.321213
1646,63.33234
1647,66.538475
1648,43.966816
1649,52.00666
1650,52.00666
1651,55.41003
1652,59.656315
1653,63.720295
1654,67.42087
1655,44.42337
1656,52.806995
1657,52.90608
1658,56.00884
1659,60.379253
1660,64.61304
1661,68.06232
1662,44.744244
1663,53.504536
1664,53.504536
1665,56.638485
1666,60.54718
1667,64.61304
1668,68.06232
1669,44.744244
1670,53.504536
1671,53.504536
1672,56.638485
1673,60.54718
1674,64.61304
1675,68.06232
1676,44.744244
1677,53.504536
1678,53.504536
1679,56.67713
1680,60.55901
1681,64.62487
1682,68.11302
1683,44.78289
1684,53.543182
1685,53.543182
1686,56.67713
1687,60.55901
1688,64.62487
1689,68.11302
1690,44.78289
1691,53.543182
1692,53.543182
1693,56.67713
1694,60.55901
1695,64.62487
1696,68.11302
1697,44.78289
1698,53.543182
1699,53.543182
1700,56.67713
1701,60.55901
1702,64.62487
1703,68.11302
1704,44.78289
1705,53.543182
1706,53.543182
1707,56.67713
1708,60.55901
1709,64.62487
1710,43.568897
1711,48.307514
1712,44.669746
1713,46.849915
1714,53.401375
1715,56.28538
1716,59.441643
1717,40.789303
1718,47.09207
1719,45.849857
1720,48.734245
1721,53.401375
1722,56.28538
1723,59.776123
1724,40.789303
1725,47.115517
1726,46.674088
1727,50.662575
1728,53.464317
1729,56.348324
1730,59.78957
1731,40.789303
1732,47.17846
1733,46.73703
1734,50.725517
1735,53.758213
1736,56.64222
1737,60.035416
1738,40.971104
1739,47.381794
1740,46.940365
1741,51.27488
1742,54.193428
1743,57.077435
1744,60.48155
1745,41.205658
1746,47.81701
1747,47.37558
1748,51.862682
1749,54.9229
1750,57.806908
1751,61.21102
1752,41.90469
1753,48.403015
1754,48.403015
1755,52.838783
1756,55.583977
1757,58.557804
1758,62.247356
1759,41.95931
1760,49.011513
1761,49.126614
1762,53.051353
1763,56.05472
1764,60.06551
1765,63.775475
1766,42.591183
1767,50.008995
1768,50.008995
1769,53.845085
1770,56.821636
1771,61.26225
1772,64.83493
1773,43.231533
1774,50.790504
1775,50.790504
1776,54.647293
1777,57.74333
1778,61.921402
1779,65.67154
1780,43.657566
1781,51.516487
1782,51.516487
1783,55.382603
1784,58.6815
1785,62.97537
1786,66.87605
1787,44.24197
1788,52.38041
1789,52.38041
1790,55.448677
1791,59.42379
1792,64.22738
1793,67.47157
1794,44.532673
1795,52.944725
1796,52.944725
1797,56.047485
1798,60.624985
1799,64.62487
1800,22.04953
1801,23.677692
1802,25.229845
1803,26.042181
1804,29.163063
1805,29.216541
1806,31.045609
1807,22.03738
1808,25.135347
1809,25.229845
1810,26.622751
1811,28.815529
1812,30.48269
1813,31.835062
1814,22.401329
1815,25.589916
1816,25.589916
1817,27.272526
1818,29.37588
1819,31.062628
1820,32.86825
1821,22.844666
1822,26.033253
1823,26.033253
1824,27.830334
1825,30.078417
1826,31.716587
1827,33.068943
1828,23.028023
1829,26.21661
1830,26.21661
1831,28.525639
1832,30.590366
1833,32.228542
1834,33.580112
1835,23.506338
1836,26.790743
1837,27.011648
1838,28.808733
1839,30.873463
1840,32.78095
1841,34.504353
1842,23.93449
1843,27.181318
1844,27.589113
1845,29.546011
1846,31.77248
1847,33.67997
1848,35.577724
1849,24.405334
1850,28.145441
1851,28.370298
1852,30.406982
1853,32.376583
1854,34.32628
1855,36.15957
1856,24.812054
1857,28.589771
1858,28.960308
1859,31.031105
1860,32.978523
1861,35.143665
1862,37.15346
1863,25.136936
1864,29.176899
1865,29.716301
1866,31.57946
1867,33.72068
1868,35.693848
1869,38.550663
1870,26.03611
1871,30.273308
1872,30.273308
1873,32.217655
1874,34.358875
1875,36.806007
1876,39.190292
1877,26.738218
1878,31.072397
1879,31.072397
1880,32.91761
1881,35.431576
1882,38.057068
1883,40.154953
1884,26.915806
1885,31.639294
1886,31.751656
1887,33.56045
1888,36.074417
1889,39.038033
1890,31.737953
1891,38.039043
1892,35.924484
1893,38.231003
1894,39.756645
1895,42.47007
1896,48.115955
1897,31.803854
1898,36.53436
1899,35.957813
1900,38.334286
1901,40.53548
1902,43.459625
1903,46.648796
1904,31.803854
1905,36.41731
1906,36.347355
1907,38.82948
1908,41.030674
1909,43.459625
1910,45.763226
1911,31.803854
1912,36.41731
1913,36.41731
1914,38.82948
1915,41.030674
1916,43.459625
1917,45.763226
1918,31.803854
1919,36.41731
1920,36.41731
1921,39.087746
1922,41.28894
1923,43.71789
1924,46.02071
1925,31.963531
1926,36.675575
1927,36.91267
1928,39.32484
1929,41.57207
1930,43.886806
1931,46.189625
1932,32.02312
1933,36.91267
1934,36.91267
1935,39.32484
1936,41.57207
1937,43.886806
1938,46.189625
1939,32.02312
1940,36.91267
1941,36.91267
1942,39.32484
1943,41.57207
1944,43.886806
1945,46.189625
1946,32.02312
1947,36.91267
1948,36.91267
1949,39.363487
1950,41.5839
1951,43.898636
1952,46.240326
1953,32.061768
1954,36.951317
1955,37.15932
1956,39.69608
1957,41.916492
1958,44.231228
1959,46.572918
1960,32.100887
1961,37.15932
1962,37.27637
1963,39.69608
1964,41.916492
1965,44.231228
1966,46.572918
1967,32.100887
1968,37.27637
1969,37.6402
1970,39.79556
1971,42.374203
1972,44.688942
1973,47.030632
1974,32.464714
1975,38.09087
1976,38.09087
1977,40.361485
1978,43.026993
1979,45.07242
1980,27.03047
1981,30.85762
1982,30.245537
1983,30.734196
1984,32.708427
1985,34.791435
1986,37.122574
1987,26.084871
1988,29.976398
1989,29.485294
1990,31.28255
1991,33.450584
1992,36.049294
1993,38.242477
1994,25.837793
1995,29.976398
1996,29.976398
1997,31.833435
1998,34.00147
1999,36.293243
2000,38.389877
2001,25.84072
2002,30.06371
2003,30.06371
2004,31.920742
2005,34.170914
2006,36.342564
2007,38.389877
2008,25.84072
2009,30.06371
2010,30.06371
2011,32.17901
2012,34.785717
2013,37.005493
2014,39.13959
2015,26.699572
2016,31.03375
2017,31.03375
2018,32.878963
2019,35.419746
2020,38.328285
2021,40.10425
2022,26.87716
2023,31.600647
2024,31.713009
2025,33.521805
2026,36.062588
2027,39.026203
2028,40.728855
2029,27.383038
2030,32.600006
2031,32.600006
2032,34.50277
2033,36.85384
2034,39.440613
2035,41.235718
2036,28.235023
2037,32.79732
2038,32.79732
2039,34.860237
2040,37.102356
2041,39.78024
2042,41.614216
2043,28.876194
2044,33.127983
2045,33.127983
2046,35.44149
2047,38.04248
2048,40.37383
2049,42.22058
2050,29.558613
2051,33.875767
2052,33.875767
2053,36.189274
2054,38.83671
2055,41.257565
2056,43.104317
2057,30.179192
2058,34.43044
2059,34.43044
2060,36.99376
2061,39.250973
2062,41.57093
2063,43.579914
2064,30.883852
2065,35.217224
2066,35.217224
2067,37.476646
2068,39.844387
2069,42.16434
2070,29.01872
2071,34.402664
2072,33.39505
2073,35.810226
2074,38.297478
2075,42.319485
2076,43.696968
2077,29.980875
2078,34.21566
2079,34.133526
2080,36.626892
2081,38.980877
2082,41.300835
2083,43.27173
2084,30.202644
2085,34.437424
2086,34.437424
2087,36.696846
2088,38.980877
2089,41.300835
2090,43.27173
2091,30.202644
2092,34.437424
2093,34.437424
2094,36.696846
2095,38.980877
2096,41.300835
2097,43.27173
2098,30.202644
2099,34.437424
2100,34.437424
2101,36.955112
2102,39.239143
2103,41.5591
2104,44.122623
2105,30.845205
2106,35.178577
2107,35.178577
2108,37.438
2109,39.832558
2110,42.604008
2111,44.57412
2112,31.187647
2113,35.521023
2114,36.112797
2115,38.48927
2116,40.620575
2117,43.2227
2118,45.100277
2119,31.57398
2120,36.21608
2121,36.286034
2122,38.592552
2123,40.793747
2124,43.2227
2125,45.525517
2126,31.57398
2127,36.286034
2128,36.286034
2129,38.6312
2130,40.805576
2131,43.234528
2132,45.576218
2133,31.612627
2134,36.32468
2135,36.32468
2136,38.6312
2137,40.805576
2138,43.234528
2139,45.576218
2140,31.612627
2141,36.32468
2142,36.32468
2143,38.6312
2144,40.805576
2145,43.234528
2146,45.576218
2147,31.612627
2148,36.32468
2149,36.32468
2150,38.6312
2151,40.805576
2152,43.234528
2153,45.576218
2154,31.612627
2155,36.32468
2156,36.32468
2157,38.6312
2158,40.805576
2159,43.234528
2160,21.168205
2161,24.455036
2162,24.495346
2163,26.622751
2164,28.646273
2165,30.416788
2166,32.144135
2167,21.928654
2168,25.412716
2169,25.412716
2170,27.005854
2171,28.828024
2172,31.062628
2173,32.414978
2174,22.559277
2175,25.85659
2176,26.033253
2177,27.830334
2178,29.829155
2179,31.515898
2180,33.068943
2181,23.028023
2182,26.21661
2183,26.21661
2184,28.01369
2185,30.078417
2186,31.970276
2187,33.322628
2188,23.214785
2189,26.470295
2190,26.470295
2191,28.525639
2192,30.652552
2193,32.290726
2194,33.580112
2195,23.764824
2196,27.011648
2197,27.011648
2198,28.808733
2199,31.307484
2200,33.214966
2201,34.504353
2202,23.926872
2203,27.589113
2204,27.897387
2205,29.854284
2206,32.02054
2207,34.057648
2208,35.577724
2209,24.630192
2210,28.370298
2211,28.40784
2212,30.444525
2213,32.549793
2214,34.6638
2215,36.15957
2216,25.058819
2217,28.960308
2218,28.960308
2219,31.031105
2220,33.156464
2221,35.205235
2222,37.15346
2223,25.545017
2224,29.716301
2225,29.716301
2226,31.57946
2227,34.23893
2228,36.31939
2229,38.583298
2230,26.03611
2231,30.360619
2232,30.360619
2233,32.574192
2234,34.797546
2235,37.44319
2236,39.61616
2237,26.931284
2238,31.219889
2239,31.219889
2240,33.323322
2241,35.910603
2242,38.41343
2243,40.318768
2244,27.066696
2245,31.751656
2246,32.106655
2247,34.28091
2248,36.53521
2249,39.29854
2250,21.171677
2251,23.30938
2252,24.879122
2253,27.176287
2254,27.705915
2255,31.144766
2256,32.06574
2257,21.928654
2258,25.412716
2259,25.495419
2260,27.110386
2261,28.828024
2262,31.062628
2263,32.414978
2264,22.559277
2265,25.85659
2266,26.033253
2267,27.830334
2268,29.829155
2269,31.515898
2270,33.068943
2271,23.028023
2272,26.21661
2273,26.21661
2274,28.01369
2275,30.078417
2276,31.970276
2277,33.322628
2278,23.214785
2279,26.470295
2280,26.470295
2281,28.525639
2282,30.652552
2283,32.290726
2284,33.580112
2285,23.764824
2286,27.011648
2287,27.011648
2288,28.808733
2289,31.307484
2290,33.214966
2291,34.504353
2292,23.926872
2293,27.589113
2294,27.897387
2295,29.854284
2296,32.02054
2297,34.057648
2298,35.577724
2299,24.630192
2300,28.370298
2301,28.40784
2302,30.444525
2303,32.549793
2304,34.6638
2305,36.15957
2306,25.058819
2307,28.960308
2308,28.960308
2309,31.031105
2310,33.156464
2311,35.205235
2312,37.15346
2313,25.545017
2314,29.716301
2315,29.716301
2316,31.57946
2317,34.23893
2318,36.31939
2319,38.583298
2320,26.03611
2321,30.360619
2322,30.360619
2323,32.574192
2324,34.797546
2325,37.44319
2326,39.61616
2327,26.931284
2328,31.219889
2329,31.219889
2330,33.323322
2331,35.910603
2332,38.41343
2333,40.318768
2334,27.066696
2335,31.751656
2336,32.106655
2337,34.28091
2338,36.53521
2339,39.29854
2340,18.238604
2341,22.05425
2342,21.27691
2343,22.890575
2344,25.872849
2345,27.168491
2346,28.338814
2347,19.211786
2348,22.620644
2349,22.511917
2350,24.401886
2351,25.768314
2352,27.587587
2353,28.583418
2354,19.752502
2355,23.14032
2356,23.14032
2357,25.00806
2358,26.359535
2359,28.211895
2360,29.379274
2361,20.332764
2362,23.513668
2363,23.513668
2364,25.416346
2365,26.673323
2366,28.44501
2367,29.7158
2368,20.72462
2369,24.08672
2370,24.08672
2371,25.932806
2372,27.505363
2373,29.474804
2374,30.744812
2375,21.327875
2376,25.009834
2377,25.009834
2378,26.651167
2379,28.419436
2380,30.637598
2381,31.98919
2382,22.276371
2383,25.765476
2384,25.848179
2385,27.530788
2386,29.634142
2387,31.77416
2388,33.125736
2389,23.004335
2390,26.474873
2391,26.474873
2392,28.525639
2393,30.590366
2394,32.228542
2395,33.580112
2396,23.506338
2397,27.011648
2398,27.011648
2399,28.84738
2400,30.885294
2401,33.226795
2402,34.555054
2403,23.965519
2404,27.62776
2405,27.936033
2406,29.892931
2407,32.032368
2408,34.069477
2409,35.859512
2410,24.668839
2411,28.446487
2412,28.446487
2413,30.614199
2414,32.561623
2415,34.67563
2416,36.77242
2417,25.097466
2418,28.998955
2419,29.176899
2420,31.209044
2421,33.156464
2422,35.693848
2423,37.642075
2424,25.545017
2425,29.716301
2426,30.273308
2427,32.09771
2428,34.271564
2429,36.352024
2430,32.599094
2431,37.611683
2432,38.32792
2433,41.654026
2434,46.281128
2435,49.092667
2436,53.22641
2437,33.83107
2438,40.189777
2439,40.415462
2440,43.495743
2441,46.289047
2442,49.18624
2443,51.9337
2444,34.908745
2445,40.81412
2446,40.81412
2447,43.62659
2448,46.289047
2449,49.18624
2450,51.9337
2451,35.130978
2452,40.81412
2453,40.81412
2454,43.62659
2455,46.289047
2456,49.18624
2457,51.9337
2458,35.130978
2459,40.81412
2460,40.81412
2461,43.884857
2462,47.060276
2463,49.704784
2464,52.45146
2465,35.499496
2466,41.645657
2467,41.645657
2468,44.42833
2469,47.642776
2470,50.201622
2471,53.18048
2472,35.982826
2473,41.8643
2474,41.8643
2475,44.837044
2476,47.99441
2477,50.553257
2478,54.038708
2479,36.37017
2480,42.251644
2481,42.251644
2482,45.4064
2483,48.563766
2484,51.32515
2485,54.2576
2486,36.80788
2487,42.552334
2488,42.552334
2489,45.783306
2490,48.903046
2491,52.433643
2492,54.908577
2493,37.45499
2494,43.339687
2495,43.339687
2496,46.692516
2497,49.97669
2498,53.330498
2499,55.798473
2500,38.078106
2501,43.73587
2502,43.73587
2503,46.781467
2504,50.496407
2505,53.43963
2506,56.237537
2507,38.84782
2508,44.719933
2509,44.719933
2510,47.4763
2511,51.31713
2512,54.260353
2513,56.72833
2514,39.094547
2515,44.96666
2516,44.96666
2517,48.164455
2518,51.755447
2519,54.68045
2520,25.422781
2521,29.976398
2522,29.976398
2523,31.833435
2524,34.083603
2525,35.999794
2526,38.882107
2527,25.84072
2528,30.06371
2529,30.06371
2530,31.920742
2531,34.170914
2532,36.13125
2533,38.882107
2534,26.184658
2535,30.420246
2536,30.420246
2537,32.27728
2538,34.52745
2539,36.747227
2540,39.307976
2541,26.539902
2542,30.775488
2543,30.775488
2544,32.412533
2545,35.16148
2546,37.38126
2547,39.51614
2548,26.732967
2549,30.92298
2550,30.92298
2551,33.284676
2552,35.82546
2553,38.4016
2554,40.10425
2555,27.02805
2556,31.713009
2557,31.713009
2558,34.242264
2559,36.52338
2560,39.026203
2561,40.98936
2562,28.162117
2563,32.600006
2564,32.66696
2565,34.69123
2566,36.960167
2567,39.76841
2568,41.563515
2569,28.545528
2570,32.79732
2571,32.79732
2572,35.402843
2573,37.67178
2574,40.120182
2575,41.928062
2576,29.401524
2577,33.653316
2578,33.653316
2579,36.189274
2580,38.226284
2581,40.647133
2582,42.493885
2583,30.120102
2584,34.37135
2585,34.37135
2586,36.93858
2587,39.02048
2588,41.34044
2589,43.579914
2590,30.40096
2591,35.217224
2592,35.217224
2593,37.476646
2594,39.844387
2595,42.16434
2596,44.173325
2597,31.226294
2598,35.55967
2599,35.55967
2600,38.527916
2601,40.632404
2602,42.95236
2603,44.96134
2604,31.612627
2605,36.254726
2606,36.254726
2607,38.6312
2608,40.805576
2609,43.234528
2610,27.115454
2611,31.454746
2612,31.342384
2613,33.099724
2614,35.82751
2615,37.169945
2616,39.846767
2617,26.964571
2618,31.342384
2619,31.342384
2620,33.099724
2621,35.640507
2622,38.143333
2623,40.010582
2624,26.86838
2625,31.454746
2626,31.454746
2627,33.26354
2628,35.80432
2629,38.307148
2630,40.010582
2631,26.86838
2632,31.454746
2633,31.454746
2634,33.26354
2635,35.80432
2636,38.307148
2637,40.010582
2638,26.86838
2639,31.454746
2640,31.454746
2641,33.521805
2642,36.062588
2643,38.565414
2644,40.268066
2645,27.383038
2646,32.06801
2647,32.06801
2648,34.242264
2649,36.85384
2650,39.28671
2651,41.036938
2652,28.162117
2653,32.66696
2654,32.66696
2655,34.69123
2656,37.090527
2657,39.76841
2658,41.563515
2659,28.545528
2660,32.79732
2661,33.089336
2662,35.402843
2663,37.78883
2664,40.120182
2665,42.16988
2666,29.401524
2667,33.653316
2668,33.83712
2669,36.189274
2670,38.226284
2671,40.647133
2672,43.104317
2673,30.120102
2674,34.37135
2675,34.43044
2676,36.93858
2677,39.02048
2678,41.57093
2679,43.579914
2680,30.883852
2681,35.217224
2682,35.217224
2683,37.476646
2684,39.844387
2685,42.16434
2686,44.62482
2687,31.226294
2688,35.55967
2689,36.151443
2690,38.527916
2691,40.632404
2692,42.95236
2693,45.150978
2694,31.612627
2695,36.254726
2696,36.32468
2697,38.6312
2698,40.805576
2699,43.234528
2700,15.119049
2701,17.260632
2702,17.52422
2703,18.904839
2704,20.35415
2705,20.01958
2706,20.904438
2707,15.911859
2708,18.0155
2709,18.0155
2710,18.955135
2711,20.531178
2712,21.428497
2713,22.576584
2714,16.263971
2715,18.492971
2716,18.564348
2717,19.50398
2718,21.105722
2719,22.254124
2720,23.901093
2721,16.894302
2722,19.075
2723,19.075
2724,20.346127
2725,22.097687
2726,23.530272
2727,24.70947
2728,17.170895
2729,19.910934
2730,19.910934
2731,21.467499
2732,23.223423
2733,24.694777
2734,25.725695
2735,18.245274
2736,21.07991
2737,21.07991
2738,23.018223
2739,24.436417
2740,25.964834
2741,27.204466
2742,18.852276
2743,22.221205
2744,22.417006
2745,24.615122
2746,25.54994
2747,27.32222
2748,28.421803
2749,19.70527
2750,23.12952
2751,23.398582
2752,25.266323
2753,26.617798
2754,28.470158
2755,29.636755
2756,20.65021
2757,24.086784
2758,24.344982
2759,25.971453
2760,27.517195
2761,29.486635
2762,30.795515
2763,21.366522
2764,25.048481
2765,25.048481
2766,26.689814
2767,28.431267
2768,30.64943
2769,32.14325
2770,22.315018
2771,25.886826
2772,26.1535
2773,27.569435
2774,30.099249
2775,31.785992
2776,33.176437
2777,23.22634
2778,26.51352
2779,26.767204
2780,28.564285
2781,30.664383
2782,32.302555
2783,34.121037
2784,23.80347
2785,27.050295
2786,27.219965
2787,29.281397
2788,31.319315
2789,33.530056
2790,20.755707
2791,22.510475
2792,23.92302
2793,25.159815
2794,26.3226
2795,29.364576
2796,29.7158
2797,20.72462
2798,23.681023
2799,24.08672
2800,25.674543
2801,27.2471
2802,29.282442
2803,30.487331
2804,21.168205
2805,24.455036
2806,24.455036
2807,26.04286
2808,28.107664
2809,29.840721
2810,31.045609
2811,21.698807
2812,24.9055
2813,25.135347
2814,26.622751
2815,28.646273
2816,30.379335
2817,31.835062
2818,22.116701
2819,25.412716
2820,25.589916
2821,27.264116
2822,29.634142
2823,31.32089
2824,33.125736
2825,23.004335
2826,26.291515
2827,26.474873
2828,28.271954
2829,30.590366
2830,32.228542
2831,33.580112
2832,23.506338
2833,26.790743
2834,27.011648
2835,28.808733
2836,30.873463
2837,32.78095
2838,34.504353
2839,23.93449
2840,27.181318
2841,27.589113
2842,29.546011
2843,31.77248
2844,33.67997
2845,35.577724
2846,24.405334
2847,28.145441
2848,28.370298
2849,30.44563
2850,32.388412
2851,34.593494
2852,36.21027
2853,24.8507
2854,28.998955
2855,28.998955
2856,31.031105
2857,33.156464
2858,35.205235
2859,37.15346
2860,25.450523
2861,29.716301
2862,29.716301
2863,31.57946
2864,33.72068
2865,36.31939
2866,38.550663
2867,26.03611
2868,30.273308
2869,30.360619
2870,32.217655
2871,34.715412
2872,37.017323
2873,39.61616
2874,26.738218
2875,31.072397
2876,31.219889
2877,32.91761
2878,35.837288
2879,38.41343
2880,17.707062
2881,20.110336
2882,21.209179
2883,21.7075
2884,24.089773
2885,24.290283
2886,27.226011
2887,18.238604
2888,21.231073
2889,21.798025
2890,23.246778
2891,24.178154
2892,25.706572
2893,27.182833
2894,18.692606
2895,22.158743
2896,22.158743
2897,24.13521
2898,25.291677
2899,27.031075
2900,28.164322
2901,19.294987
2902,22.681644
2903,22.681644
2904,24.738998
2905,25.768314
2906,27.587587
2907,28.583418
2908,20.021564
2909,23.14032
2910,23.14032
2911,25.266323
2912,26.650887
2913,28.541239
2914,29.636755
2915,20.88429
2916,24.086784
2917,24.344982
2918,25.932806
2919,27.703115
2920,29.474804
2921,30.744812
2922,21.62441
2923,25.009834
2924,25.009834
2925,26.651167
2926,28.904535
2927,30.637598
2928,32.09255
2929,22.276371
2930,25.848179
2931,26.114853
2932,27.530788
2933,30.087418
2934,31.77416
2935,33.125736
2936,23.187693
2937,26.474873
2938,26.728558
2939,28.564285
2940,30.602198
2941,32.302555
2942,33.630814
2943,23.80347
2944,27.050295
2945,27.050295
2946,29.281397
2947,31.319315
2948,33.226795
2949,34.858315
2950,24.046204
2951,27.936033
2952,27.936033
2953,30.206892
2954,32.032368
2955,34.300564
2956,35.859512
2957,24.668839
2958,28.446487
2959,28.628418
2960,30.614199
2961,32.561623
2962,35.143665
2963,36.77242
2964,25.097466
2965,29.176899
2966,29.176899
2967,31.209044
2968,33.72068
2969,35.693848
2970,19.294987
2971,22.241413
2972,23.608166
2973,25.04115
2974,26.681725
2975,28.074272
2976,29.553766
2977,20.332764
2978,23.366169
2979,23.828522
2980,25.416346
2981,26.673323
2982,28.44501
2983,29.7158
2984,20.72462
2985,24.08672
2986,24.08672
2987,25.674543
2988,27.2471
2989,29.018787
2990,30.487331
2991,21.168205
2992,24.455036
2993,24.455036
2994,26.04286
2995,27.549387
2996,29.840721
2997,31.045609
2998,21.54488
2999,24.751572
3000,24.9055
3001,26.651167
3002,28.904535
3003,30.637598
3004,32.09255
3005,22.276371
3006,25.753681
3007,26.020355
3008,27.530788
3009,30.087418
3010,31.77416
3011,33.125736
3012,23.187693
3013,26.474873
3014,26.728558
3015,28.525639
3016,30.590366
3017,32.290726
3018,33.580112
3019,23.764824
3020,27.011648
3021,27.011648
3022,28.808733
3023,31.307484
3024,33.214966
3025,34.504353
3026,23.926872
3027,27.589113
3028,27.897387
3029,29.892931
3030,32.032368
3031,34.069477
3032,35.628426
3033,24.668839
3034,28.408945
3035,28.446487
3036,30.614199
3037,32.561623
3038,34.67563
3039,36.77242
3040,25.097466
3041,28.998955
3042,29.176899
3043,31.209044
3044,33.156464
3045,35.693848
3046,37.642075
3047,25.545017
3048,29.716301
3049,30.273308
3050,32.09771
3051,34.271564
3052,36.352024
3053,38.583298
3054,26.039036
3055,30.717155
3056,30.717155
3057,32.574192
3058,35.22341
3059,37.44319
3060,11.3951645
3061,12.797475
3062,13.431958
3063,14.253566
3064,15.256843
3065,16.429333
3066,17.805494
3067,12.834339
3068,14.728421
3069,14.728421
3070,15.81755
3071,16.952608
3072,18.071812
3073,18.917393
3074,14.058785
3075,15.840662
3076,15.840662
3077,16.693403
3078,18.239288
3079,19.132349
3080,19.97793
3081,14.863698
3082,16.7591
3083,17.014452
3084,17.867197
3085,19.002256
3086,20.265759
3087,21.11134
3088,15.382635
3089,17.52422
3090,17.52422
3091,18.722118
3092,20.06408
3093,21.68676
3094,23.05666
3095,16.07153
3096,18.751234
3097,18.751234
3098,19.762243
3099,21.715837
3100,22.864239
3101,24.690355
3102,17.330564
3103,19.609856
3104,19.609856
3105,20.880981
3106,22.70839
3107,24.140974
3108,25.725695
3109,17.985348
3110,20.5755
3111,20.5755
3112,22.406746
3113,23.710707
3114,25.577393
3115,26.817024
3116,18.687359
3117,21.976156
3118,21.976156
3119,23.81733
3120,25.080456
3121,26.819853
3122,28.335089
3123,19.493303
3124,22.808826
3125,22.869827
3126,25.035908
3127,26.038408
3128,28.344366
3129,29.48282
3130,20.53108
3131,23.663078
3132,23.663078
3133,25.713255
3134,26.943417
3135,29.288881
3136,30.597761
3137,21.366522
3138,24.751945
3139,24.751945
3140,26.636305
3141,28.273224
3142,30.164324
3143,32.03989
3144,22.12697
3145,25.709625
3146,25.709625
3147,27.302763
3148,29.645973
3149,31.332722
3150,11.156538
3151,12.308287
3152,12.308287
3153,12.752613
3154,14.345777
3155,14.973435
3156,15.783004
3157,11.971621
3158,13.844998
3159,13.844998
3160,14.666614
3161,16.21503
3162,16.991718
3163,18.338493
3164,13.496959
3165,14.964806
3166,15.307322
3167,16.160065
3168,17.828463
3169,18.60515
3170,19.450731
3171,14.058785
3172,16.251484
3173,16.251484
3174,17.104229
3175,18.746904
3176,19.639965
3177,20.865162
3178,15.119049
3179,17.014452
3180,17.260632
3181,18.371637
3182,19.770288
3183,20.9614
3184,22.286999
3185,16.07153
3186,18.273762
3187,18.273762
3188,19.690866
3189,21.058527
3190,22.289791
3191,23.85173
3192,16.84687
3193,19.333263
3194,19.333263
3195,20.880981
3196,22.35595
3197,23.788534
3198,25.319391
3199,17.596174
3200,20.5755
3201,20.5755
3202,21.873802
3203,23.574694
3204,25.182062
3205,26.421694
3206,18.398273
3207,21.489336
3208,21.976156
3209,23.543688
3210,24.448248
3211,26.352562
3212,27.853773
3213,19.410103
3214,22.677301
3215,22.808826
3216,24.785294
3217,25.754297
3218,27.753147
3219,29.48282
3220,20.219881
3221,23.544413
3222,23.663078
3223,25.456724
3224,26.781384
3225,28.715103
3226,30.023983
3227,21.181131
3228,24.383629
3229,24.751945
3230,26.33977
3231,27.714947
3232,30.044912
3233,31.353792
3234,21.897123
3235,25.432257
3236,25.432257
3237,27.136797
3238,29.019722
3239,30.83118
3240,11.971621
3241,12.797475
3242,12.797475
3243,14.666614
3244,16.21503
3245,18.170279
3246,18.338493
3247,13.335532
3248,14.964806
3249,15.307322
3250,16.160065
3251,17.828463
3252,18.60515
3253,19.450731
3254,14.058785
3255,16.251484
3256,16.251484
3257,17.104229
3258,18.746904
3259,19.639965
3260,20.865162
3261,15.119049
3262,17.014452
3263,17.260632
3264,18.113375
3265,19.512026
3266,20.616247
3267,22.029518
3268,15.420581
3269,17.52422
3270,18.0155
3271,19.213398
3272,20.555359
3273,21.68676
3274,23.85173
3275,16.495018
3276,18.82261
3277,19.174463
3278,20.320997
3279,21.999226
3280,23.525114
3281,24.966951
3282,17.330564
3283,19.962296
3284,20.169197
3285,21.873802
3286,23.114697
3287,24.694777
3288,26.076967
3289,18.280682
3290,21.07991
3291,21.489336
3292,23.018223
3293,24.436417
3294,25.964834
3295,27.204466
3296,18.852276
3297,22.417006
3298,22.417006
3299,24.653769
3300,25.561771
3301,27.334051
3302,28.472506
3303,19.743917
3304,23.168167
3305,23.43723
3306,25.30497
3307,26.662718
3308,28.55307
3309,29.687458
3310,20.688856
3311,24.125431
3312,24.383629
3313,25.971453
3314,27.714947
3315,29.486635
3316,30.795515
3317,21.663057
3318,25.048481
3319,25.20241
3320,26.689814
3321,28.916367
3322,30.64943
3323,32.14325
3324,22.49092
3325,26.1535
3326,26.1535
3327,28.022709
3328,30.099249
3329,31.785992
3330,16.894302
3331,19.872707
3332,19.351593
3333,21.209236
3334,22.369995
3335,24.436514
3336,25.676928
3337,17.707062
3338,20.317238
3339,20.317238
3340,22.228617
3341,23.452444
3342,24.9238
3343,26.164213
3344,18.238604
3345,21.231073
3346,21.231073
3347,23.355505
3348,24.178154
3349,25.706572
3350,26.946985
3351,18.527689
3352,21.962942
3353,21.962942
3354,24.13521
3355,24.810362
3356,27.031075
3357,28.026905
3358,19.294987
3359,22.511917
3360,22.511917
3361,24.807648
3362,25.742466
3363,27.84585
3364,28.840899
3365,20.181234
3366,23.398582
3367,23.505766
3368,25.418077
3369,26.769552
3370,28.541239
3371,29.798788
3372,20.88429
3373,24.344982
3374,24.344982
3375,26.301123
3376,27.703115
3377,29.474804
3378,30.744812
3379,21.62441
3380,25.009834
3381,25.163763
3382,26.881014
3383,28.904535
3384,30.637598
3385,32.09255
3386,22.452272
3387,26.114853
3388,26.114853
3389,28.022709
3390,30.099249
3391,31.785992
3392,33.37713
3393,23.22634
3394,26.767204
3395,26.767204
3396,28.62647
3397,30.664383
3398,32.792778
3399,34.121037
3400,23.80347
3401,27.219965
3402,27.219965
3403,29.281397
3404,31.622574
3405,33.6918
3406,35.250748
3407,24.443981
3408,28.184088
3409,28.184088
3410,30.44563
3411,32.35087
3412,34.338108
3413,36.21027
3414,24.8507
3415,28.628418
3416,28.998955
3417,31.031105
3418,32.978523
3419,35.205235
3420,16.335348
3421,18.564348
3422,19.69354
3423,19.944963
3424,20.66474
3425,23.401175
3426,23.637676
3427,17.170895
3428,19.351593
3429,19.558495
3430,20.622719
3431,22.017555
3432,23.67777
3433,25.06191
3434,17.436504
3435,19.910934
3436,20.317238
3437,21.61554
3438,22.96516
3439,24.436514
3440,25.676928
3441,18.085604
3442,20.821648
3443,21.055729
3444,22.36463
3445,23.847775
3446,25.31913
3447,26.946985
3448,18.527689
3449,21.717894
3450,21.798025
3451,23.613768
3452,24.601332
3453,26.808022
3454,28.284386
3455,19.371456
3456,22.77018
3457,22.77018
3458,24.807648
3459,25.93208
3460,27.741316
3461,29.432117
3462,20.181234
3463,23.505766
3464,23.624432
3465,25.418077
3466,26.769552
3467,28.703272
3468,29.97328
3469,21.142485
3470,24.344982
3471,24.344982
3472,26.301123
3473,27.703115
3474,29.474804
3475,31.30309
3476,21.70455
3477,25.163763
3478,25.163763
3479,26.91966
3480,28.916367
3481,30.752785
3482,32.14325
3483,22.49092
3484,26.1535
3485,26.1535
3486,28.022709
3487,30.099249
3488,31.785992
3489,33.37713
3490,23.265602
3491,26.767204
3492,26.767204
3493,28.62647
3494,30.664383
3495,32.792778
3496,34.121037
3497,23.973137
3498,27.219965
3499,27.219965
3500,29.281397
3501,31.622574
3502,33.6918
3503,35.250748
3504,24.443981
3505,28.184088
3506,28.184088
3507,30.44563
3508,32.35087
3509,34.338108
3510,18.327913
3511,20.614746
3512,20.79009
3513,23.767937
3514,23.847775
3515,24.632072
3516,28.569504
3517,18.527689
3518,21.717894
3519,21.882807
3520,24.13521
3521,24.810362
3522,26.822361
3523,28.164322
3524,19.294987
3525,22.511917
3526,22.511917
3527,24.549385
3528,25.484203
3529,27.483053
3530,28.583418
3531,19.752502
3532,22.871258
3533,23.14032
3534,25.00806
3535,26.359535
3536,28.211895
3537,29.308193
3538,20.332764
3539,23.366169
3540,23.513668
3541,25.674608
3542,26.931585
3543,28.703272
3544,29.97328
3545,21.142485
3546,24.344982
3547,24.713299
3548,26.301123
3549,27.703115
3550,29.474804
3551,31.30309
3552,21.70455
3553,25.163763
3554,25.39361
3555,26.881014
3556,28.904535
3557,30.740953
3558,32.170933
3559,22.452272
3560,26.114853
3561,26.114853
3562,27.984062
3563,30.087418
3564,31.77416
3565,33.326427
3566,23.187693
3567,26.728558
3568,26.728558
3569,28.564285
3570,30.664383
3571,32.302555
3572,34.121037
3573,23.80347
3574,27.050295
3575,27.219965
3576,29.281397
3577,31.319315
3578,33.530056
3579,35.250748
3580,24.046204
3581,27.936033
3582,28.184088
3583,30.206892
3584,32.35087
3585,34.300564
3586,35.897057
3587,24.668839
3588,28.628418
3589,28.628418
3590,30.614199
3591,32.978523
3592,35.143665
3593,36.77242
3594,25.136936
3595,29.176899
3596,29.176899
3597,31.209044
3598,33.72068
3599,35.693848
3600,12.834339
3601,14.227225
3602,14.728421
3603,16.693403
3604,17.828463
3605,19.502432
3606,19.450731
3607,14.058785
3608,16.251484
3609,16.251484
3610,17.611845
3611,18.746904
3612,20.01958
3613,20.865162
3614,15.119049
3615,17.260632
3616,17.260632
3617,18.376966
3618,19.512026
3619,20.937218
3620,22.029518
3621,15.911859
3622,18.0155
3623,18.0155
3624,18.955135
3625,20.297096
3626,21.960152
3627,23.59425
3628,16.335348
3629,18.564348
3630,18.564348
3631,20.114096
3632,21.715837
3633,23.248522
3634,24.966951
3635,17.330564
3636,19.609856
3637,19.609856
3638,21.467499
3639,22.70839
3640,24.694777
3641,25.725695
3642,17.985348
3643,20.5755
3644,21.044502
3645,22.622892
3646,24.106037
3647,25.577393
3648,27.204466
3649,18.687359
3650,21.976156
3651,22.221205
3652,24.245974
3653,25.54994
3654,27.289337
3655,28.421803
3656,19.515657
3657,23.020794
3658,23.12952
3659,25.30497
3660,26.62963
3661,28.481989
3662,29.687458
3663,20.53108
3664,24.125431
3665,24.125431
3666,25.971453
3667,27.517195
3668,29.486635
3669,30.795515
3670,21.366522
3671,25.048481
3672,25.048481
3673,26.689814
3674,28.431267
3675,30.64943
3676,32.14325
3677,22.315018
3678,25.886826
3679,26.1535
3680,27.569435
3681,30.099249
3682,31.785992
3683,33.176437
3684,23.22634
3685,26.51352
3686,26.767204
3687,28.564285
3688,30.664383
3689,32.302555
3690,18.80205
3691,19.075
3692,19.792576
3693,20.415817
3694,22.44841
3695,23.044256
3696,24.561972
3697,17.707062
3698,19.910934
3699,19.910934
3700,21.209236
3701,22.96516
3702,24.436514
3703,25.468214
3704,17.825678
3705,20.317238
3706,20.78624
3707,22.36463
3708,23.452444
3709,24.9238
3710,26.559544
3711,18.238604
3712,21.231073
3713,21.717894
3714,23.355505
3715,24.178154
3716,25.706572
3717,26.946985
3718,18.692606
3719,21.962942
3720,22.158743
3721,24.393473
3722,25.54994
3723,27.289337
3724,28.317268
3725,19.515657
3726,23.020794
3727,23.12952
3728,25.266323
3729,26.617798
3730,28.470158
3731,29.636755
3732,20.492434
3733,24.086784
3734,24.086784
3735,25.932806
3736,27.505363
3737,29.474804
3738,30.744812
3739,21.327875
3740,25.009834
3741,25.009834
3742,26.651167
3743,28.419436
3744,30.637598
3745,31.98919
3746,22.276371
3747,25.765476
3748,25.848179
3749,27.569435
3750,29.645973
3751,31.785992
3752,33.176437
3753,23.22634
3754,26.51352
3755,26.51352
3756,28.564285
3757,30.602198
3758,32.302555
3759,33.630814
3760,23.80347
3761,27.050295
3762,27.050295
3763,29.281397
3764,31.319315
3765,33.226795
3766,34.858315
3767,24.046204
3768,27.936033
3769,27.936033
3770,30.206892
3771,32.032368
3772,34.300564
3773,35.859512
3774,24.668839
3775,28.446487
3776,28.628418
3777,30.614199
3778,32.561623
3779,35.143665
3780,16.6872
3781,19.69354
3782,18.492971
3783,19.953718
3784,21.370703
3785,20.987514
3786,23.637676
3787,16.894302
3788,19.281902
3789,19.075
3790,20.346127
3791,21.821095
3792,23.044256
3793,24.70947
3794,17.170895
3795,19.558495
3796,19.558495
3797,21.209236
3798,22.450127
3799,24.03021
3800,25.468214
3801,17.707062
3802,20.317238
3803,20.317238
3804,21.695671
3805,22.96516
3806,24.787786
3807,26.164213
3808,18.121012
3809,21.055729
3810,21.231073
3811,23.018223
3812,24.288916
3813,25.964834
3814,27.204466
3815,18.687359
3816,22.221205
3817,22.417006
3818,24.393473
3819,25.54994
3820,27.32222
3821,28.421803
3822,19.70527
3823,23.12952
3824,23.12952
3825,25.266323
3826,26.617798
3827,28.470158
3828,29.636755
3829,20.492434
3830,24.086784
3831,24.086784
3832,25.932806
3833,27.505363
3834,29.474804
3835,30.744812
3836,21.327875
3837,25.009834
3838,25.009834
3839,26.689814
3840,28.431267
3841,30.64943
3842,32.03989
3843,22.315018
3844,25.886826
3845,26.1535
3846,27.569435
3847,30.099249
3848,31.785992
3849,33.176437
3850,23.22634
3851,26.51352
3852,26.767204
3853,28.564285
3854,30.664383
3855,32.302555
3856,34.121037
3857,23.80347
3858,27.050295
3859,27.219965
3860,29.281397
3861,31.319315
3862,33.530056
3863,35.250748
3864,24.046204
3865,27.936033
3866,28.184088
3867,30.206892
3868,32.35087
3869,34.300564
3870,14.386392
3871,16.7591
3872,17.52422
3873,19.702763
3874,19.598915
3875,21.541016
3876,21.795437
3877,15.911859
3878,18.0155
3879,18.492971
3880,19.639505
3881,20.800264
3882,22.254124
3883,23.330833
3884,16.6872
3885,18.9162
3886,19.075
3887,20.346127
3888,21.740963
3889,23.530272
3890,24.70947
3891,17.170895
3892,19.351593
3893,19.558495
3894,21.209236
3895,22.450127
3896,24.03021
3897,25.468214
3898,17.707062
3899,20.317238
3900,20.317238
3901,21.953934
3902,23.574694
3903,25.182062
3904,26.421694
3905,18.398273
3906,21.489336
3907,21.976156
3908,23.505041
3909,24.436417
3910,26.34073
3911,27.80307
3912,19.048077
3913,22.638655
3914,22.638655
3915,24.746647
3916,25.681465
3917,27.32222
3918,28.840899
3919,19.912172
3920,23.398582
3921,23.398582
3922,25.299412
3923,26.650887
3924,28.541239
3925,29.798788
3926,20.65021
3927,24.086784
3928,24.344982
3929,25.971453
3930,27.714947
3931,29.486635
3932,30.795515
3933,21.663057
3934,25.048481
3935,25.20241
3936,26.689814
3937,28.916367
3938,30.64943
3939,32.14325
3940,22.49092
3941,26.1535
3942,26.1535
3943,28.022709
3944,30.099249
3945,31.785992
3946,33.37713
3947,23.265602
3948,26.767204
3949,26.767204
3950,28.62647
3951,30.664383
3952,32.792778
3953,34.121037
3954,23.973137
3955,27.219965
3956,27.219965
3957,29.281397
3958,31.622574
3959,33.6918
3960,11.3951645
3961,13.431958
3962,13.431958
3963,14.253566
3964,15.256843
3965,16.429333
3966,17.805494
3967,13.335532
3968,14.728421
3969,14.964806
3970,15.81755
3971,17.295124
3972,18.071812
3973,19.450731
3974,14.058785
3975,15.840662
3976,15.840662
3977,17.104229
3978,18.239288
3979,19.132349
3980,20.692448
3981,14.863698
3982,17.014452
3983,17.014452
3984,18.113375
3985,19.248434
3986,20.616247
3987,21.861725
3988,15.420581
3989,17.52422
3990,17.52422
3991,19.213398
3992,20.555359
3993,21.68676
3994,23.05666
3995,16.423641
3996,18.751234
3997,18.82261
3998,20.320997
3999,21.715837
4000,23.248522
4001,24.966951
4002,17.330564
4003,19.609856
4004,19.962296
4005,21.467499
4006,23.114697
4007,24.694777
4008,25.725695
4009,17.985348
4010,21.044502
4011,21.07991
4012,23.018223
4013,24.253538
4014,25.964834
4015,27.204466
4016,18.687359
4017,22.221205
4018,22.417006
4019,24.43212
4020,25.561771
4021,27.334051
4022,28.472506
4023,19.743917
4024,23.168167
4025,23.43723
4026,25.30497
4027,26.662718
4028,28.55307
4029,29.687458
4030,20.688856
4031,24.125431
4032,24.383629
4033,25.971453
4034,27.714947
4035,29.486635
4036,30.795515
4037,21.663057
4038,25.048481
4039,25.20241
4040,26.689814
4041,28.916367
4042,30.64943
4043,32.14325
4044,22.49092
4045,26.1535
4046,26.1535
4047,28.022709
4048,30.099249
4049,31.785992
4050,11.156538
4051,12.308287
4052,12.308287
4053,13.342504
4054,14.345777
4055,14.973435
4056,16.718151
4057,12.452114
4058,13.844998
4059,13.844998
4060,15.079968
4061,16.21503
4062,17.492912
4063,18.574877
4064,13.496959
4065,15.307322
4066,15.307322
4067,16.693403
4068,17.828463
4069,18.60515
4070,19.450731
4071,14.386392
4072,16.251484
4073,16.251484
4074,17.611845
4075,18.746904
4076,19.81268
4077,20.865162
4078,15.119049
4079,17.260632
4080,17.260632
4081,18.63523
4082,19.770288
4083,20.9614
4084,22.286999
4085,16.07153
4086,18.273762
4087,18.273762
4088,19.690866
4089,21.058527
4090,22.289791
4091,23.85173
4092,16.84687
4093,19.333263
4094,19.333263
4095,20.880981
4096,22.35595
4097,23.788534
4098,25.319391
4099,17.596174
4100,20.5755
4101,20.5755
4102,21.873802
4103,23.574694
4104,25.182062
4105,26.421694
4106,18.398273
4107,21.489336
4108,21.976156
4109,23.543688
4110,24.448248
4111,26.352562
4112,27.853773
4113,19.410103
4114,22.677301
4115,22.808826
4116,24.785294
4117,25.754297
4118,27.753147
4119,29.48282
4120,20.219881
4121,23.544413
4122,23.663078
4123,25.456724
4124,26.781384
4125,28.715103
4126,30.023983
4127,21.181131
4128,24.383629
4129,24.751945
4130,26.33977
4131,27.714947
4132,30.044912
4133,31.353792
4134,21.897123
4135,25.432257
4136,25.432257
4137,27.136797
4138,29.019722
4139,30.83118
4140,10.659501
4141,11.81125
4142,11.81125
4143,12.255575
4144,13.258847
4145,14.480986
4146,15.783004
4147,11.971621
4148,13.431958
4149,13.431958
4150,14.666614
4151,15.801675
4152,16.991718
4153,18.338493
4154,13.335532
4155,14.964806
4156,14.964806
4157,16.160065
4158,17.295124
4159,18.60515
4160,19.450731
4161,14.058785
4162,15.840662
4163,16.251484
4164,17.104229
4165,18.239288
4166,19.639965
4167,20.692448
4168,15.119049
4169,17.014452
4170,17.260632
4171,18.371637
4172,19.770288
4173,20.87451
4174,22.286999
4175,16.07153
4176,18.273762
4177,18.273762
4178,19.213398
4179,21.058527
4180,22.289791
4181,23.85173
4182,16.84687
4183,19.174463
4184,19.333263
4185,20.60439
4186,22.35595
4187,23.788534
4188,24.966951
4189,17.596174
4190,20.169197
4191,20.5755
4192,21.873802
4193,23.223423
4194,25.04605
4195,26.21298
4196,18.280682
4197,21.489336
4198,21.489336
4199,23.543688
4200,24.448248
4201,26.185379
4202,27.386482
4203,19.086723
4204,22.455652
4205,22.677301
4206,24.653769
4207,25.693296
4208,27.334051
4209,28.891602
4210,19.950819
4211,23.43723
4212,23.43723
4213,25.338058
4214,26.781384
4215,28.55307
4216,29.849491
4217,20.688856
4218,24.383629
4219,24.383629
4220,25.971453
4221,27.714947
4222,29.486635
4223,30.795515
4224,21.663057
4225,25.048481
4226,25.20241
4227,26.689814
4228,28.916367
4229,30.64943
4230,17.825678
4231,21.832367
4232,19.351593
4233,21.381458
4234,23.316431
4235,25.237047
4236,25.468214
4237,18.121012
4238,21.13586
4239,20.821648
4240,22.75996
4241,23.995275
4242,25.915285
4243,26.946985
4244,18.527689
4245,21.798025
4246,21.717894
4247,23.52042
4248,24.810362
4249,26.549759
4250,27.54559
4251,19.211786
4252,22.380392
4253,22.380392
4254,24.488384
4255,25.423203
4256,27.063957
4257,28.164322
4258,19.752502
4259,22.871258
4260,22.871258
4261,24.997261
4262,26.617798
4263,28.437069
4264,29.565674
4265,20.492434
4266,23.624432
4267,23.939285
4268,25.58011
4269,27.505363
4270,29.27705
4271,30.547058
4272,21.327875
4273,24.713299
4274,24.713299
4275,26.597658
4276,28.365927
4277,30.152493
4278,31.98919
4279,22.088324
4280,25.670979
4281,25.670979
4282,27.264116
4283,29.634142
4284,31.32089
4285,33.125736
4286,23.004335
4287,26.291515
4288,26.474873
4289,28.3106
4290,30.602198
4291,32.24037
4292,33.630814
4293,23.544985
4294,27.050295
4295,27.050295
4296,28.84738
4297,30.885294
4298,33.226795
4299,34.555054
4300,23.965519
4301,27.62776
4302,27.936033
4303,29.892931
4304,32.032368
4305,34.069477
4306,35.859512
4307,24.668839
4308,28.446487
4309,28.446487
4310,30.614199
4311,32.561623
4312,34.67563
4313,36.77242
4314,25.097466
4315,28.998955
4316,29.176899
4317,31.209044
4318,33.156464
4319,35.693848
4320,15.119049
4321,17.52422
4322,18.0155
4323,18.955135
4324,20.531178
4325,21.651093
4326,23.032883
4327,16.263971
4328,18.492971
4329,18.564348
4330,19.50398
4331,21.457575
4332,22.605976
4333,24.048592
4334,16.894302
4335,19.075
4336,19.351593
4337,20.622719
4338,22.097687
4339,23.530272
4340,24.70947
4341,17.436504
4342,19.910934
4343,19.910934
4344,21.61554
4345,22.96516
4346,24.436514
4347,25.468214
4348,17.825678
4349,20.78624
4350,20.821648
4351,22.622892
4352,23.710707
4353,25.577393
4354,26.817024
4355,18.687359
4356,21.976156
4357,21.976156
4358,23.778683
4359,25.068624
4360,26.808022
4361,28.284386
4362,19.454657
4363,22.77018
4364,22.83118
4365,24.807648
4366,26.026577
4367,27.741316
4368,29.432117
4369,20.288418
4370,23.505766
4371,23.624432
4372,25.418077
4373,26.931585
4374,28.703272
4375,29.97328
4376,21.142485
4377,24.344982
4378,24.713299
4379,26.33977
4380,27.714947
4381,29.486635
4382,31.353792
4383,21.897123
4384,25.20241
4385,25.432257
4386,26.91966
4387,29.019722
4388,30.752785
4389,32.221634
4390,22.757593
4391,26.1535
4392,26.330162
4393,28.022709
4394,30.165152
4395,31.98668
4396,33.37713
4397,23.265602
4398,26.767204
4399,26.767204
4400,28.62647
4401,30.664383
4402,32.792778
4403,34.121037
4404,23.973137
4405,27.219965
4406,27.219965
4407,29.281397
4408,31.622574
4409,33.6918
4410,14.863698
4411,16.7591
4412,17.46753
4413,18.113375
4414,20.039898
4415,21.159813
4416,22.029518
4417,15.911859
4418,18.0155
4419,18.0155
4420,18.955135
4421,21.034346
4422,22.182747
4423,23.59425
4424,16.335348
4425,18.9162
4426,18.9162
4427,19.855833
4428,21.821095
4429,23.253675
4430,24.70947
4431,17.170895
4432,19.351593
4433,19.351593
4434,20.622719
4435,22.450127
4436,24.03021
4437,25.06191
4438,17.707062
4439,20.317238
4440,20.317238
4441,21.873802
4442,23.223423
4443,25.04605
4444,26.421694
4445,18.280682
4446,21.489336
4447,21.489336
4448,23.505041
4449,24.436417
4450,26.173548
4451,27.33578
4452,19.048077
4453,22.417006
4454,22.638655
4455,24.615122
4456,25.681465
4457,27.32222
4458,28.840899
4459,19.912172
4460,23.398582
4461,23.398582
4462,25.299412
4463,26.650887
4464,28.541239
4465,29.798788
4466,20.65021
4467,24.086784
4468,24.344982
4469,25.971453
4470,27.714947
4471,29.486635
4472,30.795515
4473,21.663057
4474,25.048481
4475,25.20241
4476,26.689814
4477,28.916367
4478,30.64943
4479,32.14325
4480,22.49092
4481,26.1535
4482,26.1535
4483,28.022709
4484,30.099249
4485,31.785992
4486,33.37713
4487,23.265602
4488,26.767204
4489,26.767204
4490,28.62647
4491,30.664383
4492,32.792778
4493,34.121037
4494,23.973137
4495,27.219965
4496,27.219965
4497,29.281397
4498,31.622574
4499,33.6918
4500,35.05604
4501,41.876328
4502,42.649277
4503,47.975605
4504,50.4179
4505,52.163548
4506,54.60039
4507,37.029636
4508,43.350006
4509,43.350006
4510,46.837032
4511,49.706593
4512,52.70463
4513,55.134518
4514,37.879787
4515,43.350006
4516,43.350006
4517,46.395603
4518,50.062366
4519,53.060402
4520,55.490288
4521,37.879787
4522,43.350006
4523,43.350006
4524,46.395603
4525,50.062366
4526,53.060402
4527,55.490288
4528,37.879787
4529,43.350006
4530,43.350006
4531,46.65387
4532,50.320633
4533,53.4278
4534,55.856903
4535,38.12841
4536,43.697224
4537,43.697224
4538,46.74282
4539,50.484577
4540,53.757732
4541,56.186836
4542,38.809174
4543,44.681286
4544,44.681286
4545,47.437653
4546,51.3053
4547,54.248524
4548,56.677628
4549,38.809174
4550,44.681286
4551,44.681286
4552,47.87908
4553,51.743618
4554,54.66862
4555,57.097725
4556,39.0559
4557,44.928013
4558,44.996998
4559,48.371857
4560,51.96285
4561,54.88785
4562,57.436554
4563,39.226913
4564,45.035645
4565,45.035645
4566,48.535057
4567,52.226772
4568,55.151775
4569,57.71011
4570,39.974834
4571,45.904015
4572,45.904015
4573,49.676052
4574,52.673416
4575,55.31017
4576,58.44921
4577,40.414238
4578,46.397617
4579,46.397617
4580,50.103302
4581,53.23368
4582,56.117683
4583,59.867294
4584,41.064457
4585,47.11078
4586,47.11078
4587,51.099266
4588,54.105145
4589,56.98915
4590,49.28765
4591,55.12017
4592,55.12017
4593,59.91657
4594,64.01407
4595,65.87537
4596,67.39066
4597,47.21627
4598,54.44815
4599,54.44815
4600,58.97835
4601,63.221725
4602,66.80106
4603,70.147835
4604,47.21627
4605,54.44815
4606,54.44815
4607,57.85904
4608,63.221725
4609,66.80106
4610,70.36332
4611,47.21627
4612,54.44815
4613,54.44815
4614,57.909348
4615,63.221725
4616,66.80106
4617,70.36332
4618,47.21627
4619,54.44815
4620,54.44815
4621,58.24445
4622,63.60968
4623,67.188995
4624,70.750465
4625,47.452778
4626,54.783253
4627,54.783253
4628,58.19414
4629,63.60968
4630,67.43296
4631,70.750465
4632,47.452778
4633,54.783253
4634,54.783253
4635,58.19414
4636,63.60968
4637,67.43296
4638,70.750465
4639,47.452778
4640,54.783253
4641,54.783253
4642,58.19414
4643,63.60968
4644,67.43296
4645,70.750465
4646,47.452778
4647,54.783253
4648,54.783253
4649,58.232788
4650,63.62151
4651,67.44479
4652,70.80117
4653,47.491425
4654,54.8219
4655,54.8219
4656,58.232788
4657,63.62151
4658,67.44479
4659,70.80117
4660,47.491425
4661,54.8219
4662,54.8219
4663,58.232788
4664,63.62151
4665,67.44479
4666,70.80117
4667,47.491425
4668,54.8219
4669,54.8219
4670,58.232788
4671,63.62151
4672,67.44479
4673,70.80117
4674,47.491425
4675,54.8219
4676,54.8219
4677,58.232788
4678,63.62151
4679,67.44479
4680,44.309486
4681,49.673893
4682,49.865482
4683,53.081913
4684,54.898384
4685,61.935955
4686,64.39708
4687,42.504177
4688,49.673893
4689,49.673893
4690,53.471336
4691,56.474705
4692,60.862465
4693,64.39708
4694,42.504177
4695,49.808945
4696,49.808945
4697,53.697376
4698,56.700745
4699,60.862465
4700,64.39708
4701,42.504177
4702,49.808945
4703,49.808945
4704,53.697376
4705,56.700745
4706,60.862465
4707,64.39708
4708,42.504177
4709,49.808945
4710,49.808945
4711,54.03248
4712,57.035847
4713,61.25042
4714,64.784225
4715,43.192886
4716,50.751858
4717,50.751858
4718,54.608646
4719,57.7315
4720,61.909573
4721,65.620834
4722,43.61892
4723,51.47784
4724,51.47784
4725,55.343956
4726,58.66967
4727,62.96354
4728,66.82535
4729,44.203323
4730,52.341763
4731,52.341763
4732,55.41003
4733,59.41196
4734,64.215546
4735,67.42087
4736,44.494026
4737,52.90608
4738,52.90608
4739,56.047485
4740,60.624985
4741,64.62487
4742,68.11302
4743,44.78289
4744,53.543182
4745,53.543182
4746,56.67713
4747,60.55901
4748,64.62487
4749,68.11302
4750,44.78289
4751,53.543182
4752,53.543182
4753,56.67713
4754,60.55901
4755,64.62487
4756,68.11302
4757,44.78289
4758,53.543182
4759,53.543182
4760,56.67713
4761,60.55901
4762,64.62487
4763,68.11302
4764,44.78289
4765,53.543182
4766,53.543182
4767,56.67713
4768,60.55901
4769,64.62487
4770,39.189487
4771,47.115517
4772,45.890488
4773,52.07533
4774,55.248875
4775,57.817917
4776,63.3883
4777,40.96915
4778,48.067913
4779,47.626484
4780,52.50368
4781,55.248875
4782,58.217785
4783,62.88232
4784,41.692184
4785,48.67641
4786,48.12253
4787,52.534298
4788,55.25379
4789,58.89892
4790,63.3883
4791,41.83481
4792,48.79151
4793,48.79151
4794,52.71625
4795,55.71962
4796,59.730408
4797,63.3883
4798,42.21676
4799,49.53943
4800,49.53943
4801,53.417015
4802,56.809807
4803,60.93126
4804,64.45522
4805,42.591183
4806,50.144047
4807,50.144047
4808,54.03248
4809,57.332687
4810,61.66743
4811,65.378685
4812,43.505
4813,51.15067
4814,51.15067
4815,55.06415
4816,58.24781
4817,62.96354
4818,66.82535
4819,44.225178
4820,52.27569
4821,52.341763
4822,55.41003
4823,59.41196
4824,64.215546
4825,67.42087
4826,44.494026
4827,52.90608
4828,52.90608
4829,56.047485
4830,60.624985
4831,64.62487
4832,68.11302
4833,44.78289
4834,53.543182
4835,53.543182
4836,56.67713
4837,60.55901
4838,64.62487
4839,68.11302
4840,44.78289
4841,53.543182
4842,53.543182
4843,56.67713
4844,60.55901
4845,64.62487
4846,68.11302
4847,44.78289
4848,53.543182
4849,53.543182
4850,56.67713
4851,60.55901
4852,64.62487
4853,68.11302
4854,44.78289
4855,53.543182
4856,53.543182
4857,56.67713
4858,60.55901
4859,64.62487
4860,26.964571
4861,30.92298
4862,31.029402
4863,34.253136
4864,35.991325
4865,37.64897
4866,40.010582
4867,26.86838
4868,31.454746
4869,31.454746
4870,33.345673
4871,35.80432
4872,38.307148
4873,40.010582
4874,26.86838
4875,31.454746
4876,31.454746
4877,33.26354
4878,35.80432
4879,38.307148
4880,40.010582
4881,26.86838
4882,31.454746
4883,31.454746
4884,33.26354
4885,35.80432
4886,38.307148
4887,40.010582
4888,26.86838
4889,31.454746
4890,31.454746
4891,33.521805
4892,36.062588
4893,38.565414
4894,40.268066
4895,27.383038
4896,32.06801
4897,32.06801
4898,34.242264
4899,36.85384
4900,39.28671
4901,41.036938
4902,28.162117
4903,32.66696
4904,32.66696
4905,34.69123
4906,37.090527
4907,39.76841
4908,41.563515
4909,28.545528
4910,32.79732
4911,33.089336
4912,35.402843
4913,37.78883
4914,40.120182
4915,42.16988
4916,29.401524
4917,33.653316
4918,33.83712
4919,36.189274
4920,38.226284
4921,40.647133
4922,43.104317
4923,30.120102
4924,34.37135
4925,34.43044
4926,36.93858
4927,39.02048
4928,41.57093
4929,43.579914
4930,30.883852
4931,35.217224
4932,35.217224
4933,37.476646
4934,39.844387
4935,42.16434
4936,44.62482
4937,31.226294
4938,35.55967
4939,36.151443
4940,38.527916
4941,40.632404
4942,42.95236
4943,45.150978
4944,31.612627
4945,36.254726
4946,36.32468
4947,38.6312
4948,40.805576
4949,43.234528
4950,29.752676
4951,32.677834
4952,31.809748
4953,34.1786
4954,37.530563
4955,38.451946
4956,41.670578
4957,28.451761
4958,32.408695
4959,32.408695
4960,34.563324
4961,36.94931
4962,39.182346
4963,41.30603
4964,28.385859
4965,32.539055
4966,32.539055
4967,34.563324
4968,36.83226
4969,39.510143
4970,41.30603
4971,28.385859
4972,32.539055
4973,32.539055
4974,34.563324
4975,36.83226
4976,39.510143
4977,41.30603
4978,28.385859
4979,32.539055
4980,32.539055
4981,34.82159
4982,37.090527
4983,39.76841
4984,41.563515
4985,28.545528
4986,32.79732
4987,33.089336
4988,35.402843
4989,37.78883
4990,40.120182
4991,42.16988
4992,29.401524
4993,33.653316
4994,33.83712
4995,36.150627
4996,38.214455
4997,40.635303
4998,43.053616
4999,30.081455
5000,34.332703
5001,34.391792
5002,36.899933
5003,39.00865
5004,41.5591
5005,43.529213
5006,30.362314
5007,35.178577
5008,35.178577
5009,37.476646
5010,39.844387
5011,42.16434
5012,44.173325
5013,31.226294
5014,35.55967
5015,35.55967
5016,38.527916
5017,40.632404
5018,42.95236
5019,44.96134
5020,31.612627
5021,36.254726
5022,36.254726
5023,38.6312
5024,40.805576
5025,43.234528
5026,45.150978
5027,31.612627
5028,36.32468
5029,36.32468
5030,38.6312
5031,40.805576
5032,43.234528
5033,45.576218
5034,31.612627
5035,36.32468
5036,36.32468
5037,38.6312
5038,40.805576
5039,43.234528
5040,26.63847
5041,31.342384
5042,31.53688
5043,33.251812
5044,35.231434
5045,37.169945
5046,39.846767
5047,26.71749
5048,31.342384
5049,31.342384
5050,33.099724
5051,35.640507
5052,38.143333
5053,40.010582
5054,26.86838
5055,31.454746
5056,31.454746
5057,33.26354
5058,35.80432
5059,38.307148
5060,40.010582
5061,26.86838
5062,31.454746
5063,31.454746
5064,33.26354
5065,35.80432
5066,38.307148
5067,40.010582
5068,26.86838
5069,31.454746
5070,31.454746
5071,33.521805
5072,36.062588
5073,38.565414
5074,40.268066
5075,27.383038
5076,32.06801
5077,32.06801
5078,34.242264
5079,36.85384
5080,39.28671
5081,41.036938
5082,28.162117
5083,32.66696
5084,32.66696
5085,34.69123
5086,37.090527
5087,39.76841
5088,41.563515
5089,28.545528
5090,32.79732
5091,33.089336
5092,35.402843
5093,37.78883
5094,40.120182
5095,42.16988
5096,29.401524
5097,33.653316
5098,33.83712
5099,36.189274
5100,38.226284
5101,40.647133
5102,43.104317
5103,30.120102
5104,34.37135
5105,34.43044
5106,36.93858
5107,39.02048
5108,41.57093
5109,43.579914
5110,30.883852
5111,35.217224
5112,35.217224
5113,37.476646
5114,39.844387
5115,42.16434
5116,44.62482
5117,31.226294
5118,35.55967
5119,36.151443
5120,38.527916
5121,40.632404
5122,42.95236
5123,45.150978
5124,31.612627
5125,36.254726
5126,36.32468
5127,38.6312
5128,40.805576
5129,43.234528
5130,50.742245
5131,60.07663
5132,59.391598
5133,63.653778
5134,70.1276
5135,75.97034
5136,75.95327
5137,52.276855
5138,61.066563
5139,60.74873
5140,64.687096
5141,69.085915
5142,73.46973
5143,76.30714
5144,52.659985
5145,61.269062
5146,61.269062
5147,64.687096
5148,69.085915
5149,73.0602
5150,76.5642
5151,52.67119
5152,61.269062
5153,61.269062
5154,64.687096
5155,69.085915
5156,73.0602
5157,76.5642
5158,52.67119
5159,61.269062
5160,61.269062
5161,65.02355
5162,69.42237
5163,73.39666
5164,76.89987
5165,52.900024
5166,61.605537
5167,61.605537
5168,65.02355
5169,69.42237
5170,73.39666
5171,76.89987
5172,52.900024
5173,61.605537
5174,61.605537
5175,65.02355
5176,69.42237
5177,73.39666
5178,76.89987
5179,52.900024
5180,61.605537
5181,61.605537
5182,65.02355
5183,69.42237
5184,73.39666
5185,76.89987
5186,52.900024
5187,61.605537
5188,61.605537
5189,65.11728
5190,69.434204
5191,73.40849
5192,76.95058
5193,53.286205
5194,62.10275
5195,62.10275
5196,65.4361
5197,69.9701
5198,74.295555
5199,78.034836
5200,53.286205
5201,62.197628
5202,62.197628
5203,65.4361
5204,69.9701
5205,74.51862
5206,78.29121
5207,53.286205
5208,62.197628
5209,62.197628
5210,65.4361
5211,69.9701
5212,74.51862
5213,78.29121
5214,53.286205
5215,62.197628
5216,62.197628
5217,65.4361
5218,69.9701
5219,74.51862
5220,42.112694
5221,44.73873
5222,45.849857
5223,51.131367
5224,52.88675
5225,55.601166
5226,58.291428
5227,40.21198
5228,45.849857
5229,46.096764
5230,49.921143
5231,52.717163
5232,55.601166
5233,58.740406
5234,40.21198
5235,46.096764
5236,46.096764
5237,49.729553
5238,52.88675
5239,55.770752
5240,58.967644
5241,40.21198
5242,46.096764
5243,46.096764
5244,49.729553
5245,52.88675
5246,55.770752
5247,58.967644
5248,40.21198
5249,46.096764
5250,46.096764
5251,50.064655
5252,53.22185
5253,56.105854
5254,59.301964
5255,41.02581
5256,47.00919
5257,47.00919
5258,51.06062
5259,53.79942
5260,56.97732
5261,60.369736
5262,41.205658
5263,47.81701
5264,47.81701
5265,51.862682
5266,54.9229
5267,57.806908
5268,61.21102
5269,41.90469
5270,48.403015
5271,48.403015
5272,52.838783
5273,55.583977
5274,58.557804
5275,62.247356
5276,41.95931
5277,49.011513
5278,49.126614
5279,53.09
5280,56.06655
5281,60.07734
5282,63.826176
5283,42.62983
5284,50.04764
5285,50.04764
5286,53.845085
5287,56.821636
5288,61.26225
5289,64.83493
5290,43.231533
5291,50.790504
5292,50.790504
5293,54.647293
5294,57.74333
5295,61.921402
5296,65.67154
5297,43.657566
5298,51.516487
5299,51.516487
5300,55.382603
5301,58.6815
5302,62.97537
5303,66.87605
5304,44.24197
5305,52.38041
5306,52.38041
5307,55.448677
5308,59.42379
5309,64.22738
5310,41.664543
5311,51.940586
5312,50.58886
5313,55.45401
5314,57.005848
5315,58.688534
5316,63.411568
5317,42.504177
5318,50.608345
5319,49.808945
5320,53.697376
5321,56.474705
5322,60.351803
5323,64.06808
5324,42.504177
5325,49.808945
5326,49.673893
5327,53.471336
5328,56.474705
5329,60.477325
5330,64.06808
5331,42.354675
5332,49.673893
5333,49.673893
5334,53.471336
5335,56.474705
5336,60.477325
5337,64.06808
5338,42.354675
5339,49.673893
5340,49.673893
5341,53.80644
5342,56.809807
5343,60.86528
5344,64.784225
5345,42.740685
5346,50.144047
5347,50.144047
5348,54.209835
5349,57.332687
5350,61.66743
5351,65.620834
5352,43.505
5353,51.15067
5354,51.15067
5355,55.06415
5356,58.24781
5357,62.96354
5358,66.82535
5359,44.225178
5360,52.27569
5361,52.341763
5362,55.41003
5363,59.41196
5364,64.215546
5365,67.42087
5366,44.494026
5367,52.90608
5368,52.90608
5369,56.047485
5370,60.624985
5371,64.62487
5372,68.11302
5373,44.78289
5374,53.543182
5375,53.543182
5376,56.67713
5377,60.55901
5378,64.62487
5379,68.11302
5380,44.78289
5381,53.543182
5382,53.543182
5383,56.67713
5384,60.55901
5385,64.62487
5386,68.11302
5387,44.78289
5388,53.543182
5389,53.543182
5390,56.67713
5391,60.55901
5392,64.62487
5393,68.11302
5394,44.78289
5395,53.543182
5396,53.543182
5397,56.67713
5398,60.55901
5399,64.62487
5400,36.92363
5401,45.70896
5402,44.59703
5403,46.888325
5404,52.326485
5405,55.94015
5406,56.420143
5407,38.349525
5408,44.912743
5409,44.669746
5410,47.426113
5411,51.692753
5412,54.410355
5413,56.420143
5414,38.6495
5415,44.669746
5416,44.42302
5417,47.620815
5418,51.238625
5419,53.990257
5420,56.420143
5421,38.6495
5422,44.42302
5423,44.42302
5424,47.620815
5425,51.238625
5426,53.990257
5427,56.420143
5428,38.6495
5429,44.42302
5430,44.42302
5431,47.87908
5432,51.49689
5433,54.248524
5434,56.677628
5435,38.809174
5436,44.681286
5437,44.928013
5438,48.12581
5439,51.743618
5440,54.66862
5441,57.097725
5442,39.188267
5443,44.996998
5444,44.996998
5445,48.49641
5446,51.95102
5447,54.876022
5448,57.385853
5449,39.188267
5450,44.996998
5451,44.996998
5452,48.49641
5453,51.95102
5454,54.876022
5455,57.385853
5456,39.188267
5457,44.996998
5458,44.996998
5459,48.535057
5460,51.96285
5461,54.88785
5462,57.436554
5463,39.974834
5464,45.730003
5465,45.730003
5466,49.22941
5467,52.226772
5468,55.31017
5469,57.811283
5470,40.321175
5471,46.304554
5472,46.304554
5473,50.06673
5474,53.064095
5475,56.117683
5476,58.67645
5477,40.487133
5478,47.047836
5479,47.047836
5480,51.036324
5481,53.81125
5482,56.695255
5483,59.930237
5484,41.246258
5485,47.755543
5486,47.855656
5487,51.60523
5488,54.205257
5489,57.818737
5490,52.67119
5491,59.8612
5492,61.767433
5493,65.479416
5494,68.560425
5495,72.03793
5496,74.79954
5497,52.276855
5498,60.07663
5499,60.596962
5500,64.01499
5501,68.34494
5502,72.03793
5503,75.35548
5504,51.742054
5505,60.282692
5506,60.282692
5507,64.01903
5508,68.34494
5509,72.03793
5510,75.54193
5511,51.742054
5512,60.282692
5513,60.282692
5514,64.01903
5515,68.34494
5516,72.03793
5517,75.54193
5518,51.742054
5519,60.282692
5520,60.282692
5521,64.40696
5522,68.73287
5523,72.837204
5524,76.340416
5525,52.513363
5526,60.984917
5527,61.403038
5528,64.821045
5529,69.146965
5530,73.39666
5531,76.89987
5532,52.900024
5533,61.605537
5534,61.605537
5535,65.02355
5536,69.42237
5537,73.39666
5538,76.89987
5539,52.900024
5540,61.605537
5541,61.605537
5542,65.02355
5543,69.42237
5544,73.39666
5545,76.89987
5546,52.900024
5547,61.605537
5548,61.605537
5549,65.11728
5550,69.434204
5551,73.40849
5552,76.95058
5553,53.286205
5554,62.10275
5555,62.10275
5556,65.4361
5557,69.9701
5558,74.295555
5559,78.034836
5560,53.286205
5561,62.197628
5562,62.197628
5563,65.4361
5564,69.9701
5565,74.51862
5566,78.29121
5567,53.286205
5568,62.197628
5569,62.197628
5570,65.4361
5571,69.9701
5572,74.51862
5573,78.29121
5574,53.286205
5575,62.197628
5576,62.197628
5577,65.4361
5578,69.9701
5579,74.51862
5580,44.626373
5581,52.00666
5582,51.940586
5583,55.008854
5584,58.334568
5585,63.253105
5586,67.67517
5587,43.966816
5588,52.00666
5589,52.00666
5590,55.07493
5591,59.07686
5592,63.8276
5593,67.03372
5594,43.966816
5595,52.00666
5596,52.00666
5597,55.07493
5598,59.321213
5599,63.8276
5600,67.03372
5601,44.186863
5602,52.471893
5603,52.471893
5604,55.634277
5605,59.880558
5606,63.991203
5607,67.19731
5608,44.25752
5609,52.570976
5610,52.570976
5611,56.00884
5612,60.379253
5613,64.37914
5614,68.06232
5615,44.744244
5616,53.504536
5617,53.504536
5618,56.638485
5619,60.54718
5620,64.61304
5621,68.06232
5622,44.744244
5623,53.504536
5624,53.504536
5625,56.638485
5626,60.54718
5627,64.61304
5628,68.06232
5629,44.744244
5630,53.504536
5631,53.504536
5632,56.638485
5633,60.54718
5634,64.61304
5635,68.06232
5636,44.744244
5637,53.504536
5638,53.504536
5639,56.67713
5640,60.55901
5641,64.62487
5642,68.11302
5643,44.78289
5644,53.543182
5645,53.543182
5646,56.67713
5647,60.55901
5648,64.62487
5649,68.11302
5650,44.78289
5651,53.543182
5652,53.543182
5653,56.67713
5654,60.55901
5655,64.62487
5656,68.11302
5657,44.78289
5658,53.543182
5659,53.543182
5660,56.67713
5661,60.55901
5662,64.62487
5663,68.11302
5664,44.78289
5665,53.543182
5666,53.543182
5667,56.67713
5668,60.55901
5669,64.62487
5670,43.708004
5671,50.416756
5672,51.007156
5673,54.273544
5674,56.997585
5675,62.41351
5676,65.23369
5677,43.382412
5678,50.815567
5679,51.334328
5680,54.72905
5681,57.91271
5682,62.41351
5683,65.61965
5684,43.98867
5685,51.748997
5686,51.940586
5687,55.008854
5688,58.334568
5689,63.232063
5690,66.4382
5691,43.966816
5692,52.00666
5693,52.00666
5694,55.07493
5695,59.07686
5696,63.33234
5697,66.538475
5698,43.966816
5699,52.00666
5700,52.00666
5701,55.41003
5702,59.656315
5703,63.720295
5704,67.42087
5705,44.42337
5706,52.806995
5707,52.90608
5708,56.00884
5709,60.379253
5710,64.61304
5711,68.06232
5712,44.744244
5713,53.504536
5714,53.504536
5715,56.638485
5716,60.54718
5717,64.61304
5718,68.06232
5719,44.744244
5720,53.504536
5721,53.504536
5722,56.638485
5723,60.54718
5724,64.61304
5725,68.06232
5726,44.744244
5727,53.504536
5728,53.504536
5729,56.67713
5730,60.55901
5731,64.62487
5732,68.11302
5733,44.78289
5734,53.543182
5735,53.543182
5736,56.67713
5737,60.55901
5738,64.62487
5739,68.11302
5740,44.78289
5741,53.543182
5742,53.543182
5743,56.67713
5744,60.55901
5745,64.62487
5746,68.11302
5747,44.78289
5748,53.543182
5749,53.543182
5750,56.67713
5751,60.55901
5752,64.62487
5753,68.11302
5754,44.78289
5755,53.543182
5756,53.543182
5757,56.67713
5758,60.55901
5759,64.62487
5760,29.514307
5761,34.838177
5762,35.44976
5763,37.296783
5764,39.57429
5765,41.894245
5766,44.29038
5767,30.685535
5768,35.262756
5769,35.262756
5770,37.63923
5771,40.025784
5772,42.34574
5773,44.316635
5774,31.027977
5775,35.262756
5776,35.262756
5777,37.63923
5778,40.025784
5779,42.34574
5780,44.316635
5781,31.027977
5782,35.262756
5783,35.262756
5784,37.63923
5785,40.025784
5786,42.34574
5787,44.316635
5788,31.027977
5789,35.262756
5790,35.262756
5791,37.897495
5792,40.620575
5793,42.94053
5794,44.91064
5795,31.423407
5796,36.112797
5797,36.21608
5798,38.592552
5799,40.793747
5800,43.2227
5801,45.100277
5802,31.57398
5803,36.286034
5804,36.286034
5805,38.592552
5806,40.793747
5807,43.2227
5808,45.525517
5809,31.57398
5810,36.286034
5811,36.286034
5812,38.592552
5813,40.793747
5814,43.2227
5815,45.525517
5816,31.57398
5817,36.286034
5818,36.286034
5819,38.6312
5820,40.805576
5821,43.234528
5822,45.576218
5823,31.612627
5824,36.32468
5825,36.32468
5826,38.6312
5827,40.805576
5828,43.234528
5829,45.576218
5830,31.612627
5831,36.32468
5832,36.32468
5833,38.6312
5834,40.805576
5835,43.234528
5836,45.576218
5837,31.612627
5838,36.32468
5839,36.32468
5840,38.6312
5841,40.805576
5842,43.234528
5843,45.576218
5844,31.612627
5845,36.32468
5846,36.32468
5847,38.6312
5848,40.805576
5849,43.234528
5850,29.573397
5851,35.772396
5852,35.5627
5853,39.229507
5854,43.8271
5855,45.227562
5856,48.633472
5857,31.90257
5858,37.156284
5859,37.606953
5860,40.151436
5861,42.756897
5862,45.227562
5863,48.125534
5864,32.421207
5865,37.88082
5866,37.88082
5867,40.151436
5868,42.756897
5869,45.227562
5870,48.125534
5871,32.599094
5872,37.88082
5873,37.88082
5874,40.151436
5875,42.756897
5876,45.227562
5877,48.125534
5878,32.599094
5879,37.88082
5880,37.88082
5881,40.409702
5882,43.015163
5883,45.48583
5884,48.38302
5885,32.758766
5886,38.139088
5887,38.139088
5888,40.409702
5889,43.015163
5890,45.48583
5891,48.38302
5892,32.758766
5893,38.139088
5894,38.139088
5895,40.409702
5896,43.015163
5897,45.48583
5898,48.38302
5899,32.758766
5900,38.139088
5901,38.139088
5902,40.409702
5903,43.015163
5904,45.48583
5905,48.38302
5906,32.758766
5907,38.139088
5908,38.139088
5909,40.44835
5910,43.026993
5911,45.497658
5912,48.43372
5913,32.797413
5914,38.177734
5915,38.177734
5916,40.44835
5917,43.026993
5918,45.497658
5919,48.43372
5920,32.797413
5921,38.177734
5922,38.177734
5923,40.44835
5924,43.026993
5925,45.497658
5926,48.43372
5927,32.797413
5928,38.177734
5929,38.177734
5930,40.44835
5931,43.026993
5932,45.497658
5933,48.43372
5934,32.797413
5935,38.177734
5936,38.177734
5937,40.44835
5938,43.026993
5939,45.497658
5940,31.006826
5941,36.771454
5942,36.347355
5943,39.066574
5944,41.030674
5945,44.770435
5946,44.842793
5947,31.803854
5948,36.41731
5949,36.41731
5950,38.82948
5951,41.030674
5952,43.459625
5953,44.842793
5954,31.41431
5955,36.027767
5956,36.027767
5957,38.334286
5958,40.53548
5959,42.96443
5960,44.842793
5961,31.41431
5962,36.027767
5963,36.027767
5964,38.334286
5965,40.53548
5966,42.96443
5967,44.842793
5968,31.41431
5969,36.027767
5970,36.027767
5971,38.592552
5972,40.793747
5973,43.2227
5974,45.100277
5975,31.57398
5976,36.286034
5977,36.286034
5978,38.592552
5979,40.793747
5980,43.2227
5981,45.525517
5982,31.57398
5983,36.286034
5984,36.286034
5985,38.592552
5986,40.793747
5987,43.2227
5988,45.525517
5989,31.57398
5990,36.286034
5991,36.286034
5992,38.592552
5993,40.793747
5994,43.2227
5995,45.525517
5996,31.57398
5997,36.286034
5998,36.286034
5999,38.6312
6000,40.805576
6001,43.234528
6002,45.576218
6003,31.612627
6004,36.32468
6005,36.32468
6006,38.6312
6007,40.805576
6008,43.234528
6009,45.576218
6010,31.612627
6011,36.32468
6012,36.32468
6013,38.6312
6014,40.805576
6015,43.234528
6016,45.576218
6017,31.612627
6018,36.32468
6019,36.32468
6020,38.6312
6021,40.805576
6022,43.234528
6023,45.576218
6024,31.612627
6025,36.32468
6026,36.32468
6027,38.6312
6028,40.805576
6029,43.234528
6030,50.343678
6031,56.09571
6032,57.569687
6033,62.785152
6034,66.82559
6035,73.44446
6036,72.18433
6037,49.858418
6038,57.569687
6039,57.569687
6040,62.88003
6041,66.33294
6042,70.73015
6043,73.53255
6044,49.858418
6045,57.569687
6046,57.569687
6047,62.88003
6048,66.33294
6049,70.39728
6050,73.891685
6051,49.858418
6052,57.569687
6053,57.569687
6054,62.88003
6055,66.33294
6056,70.39728
6057,73.891685
6058,49.858418
6059,57.569687
6060,57.569687
6061,63.267986
6062,66.72087
6063,70.78521
6064,74.27883
6065,50.094925
6066,57.90479
6067,57.90479
6068,63.267986
6069,66.72087
6070,70.78521
6071,74.5019
6072,50.094925
6073,57.90479
6074,57.90479
6075,63.267986
6076,66.72087
6077,70.78521
6078,74.5019
6079,50.094925
6080,57.90479
6081,57.90479
6082,63.267986
6083,66.72087
6084,70.78521
6085,74.5019
6086,50.094925
6087,57.90479
6088,57.90479
6089,63.361706
6090,66.732704
6091,70.79704
6092,74.552605
6093,50.13357
6094,57.943436
6095,57.943436
6096,63.361706
6097,66.732704
6098,70.79704
6099,74.552605
6100,50.13357
6101,57.943436
6102,57.943436
6103,63.361706
6104,66.732704
6105,70.79704
6106,74.552605
6107,50.13357
6108,57.943436
6109,57.943436
6110,63.361706
6111,66.732704
6112,70.79704
6113,74.552605
6114,50.13357
6115,57.943436
6116,57.943436
6117,63.361706
6118,66.732704
6119,70.79704
6120,44.186863
6121,53.169434
6122,51.808525
6123,57.524136
6124,62.197746
6125,67.04503
6126,70.65793
6127,45.72343
6128,53.87307
6129,53.87307
6130,57.678253
6131,63.221725
6132,67.04503
6133,70.36332
6134,47.21627
6135,54.44815
6136,54.44815
6137,57.909348
6138,63.221725
6139,67.04503
6140,70.36332
6141,47.21627
6142,54.44815
6143,54.44815
6144,57.909348
6145,63.221725
6146,67.04503
6147,70.36332
6148,47.21627
6149,54.44815
6150,54.44815
6151,58.24445
6152,63.60968
6153,67.43296
6154,70.750465
6155,47.452778
6156,54.783253
6157,54.783253
6158,58.19414
6159,63.60968
6160,67.43296
6161,70.750465
6162,47.452778
6163,54.783253
6164,54.783253
6165,58.19414
6166,63.60968
6167,67.43296
6168,70.750465
6169,47.452778
6170,54.783253
6171,54.783253
6172,58.19414
6173,63.60968
6174,67.43296
6175,70.750465
6176,47.452778
6177,54.783253
6178,54.783253
6179,58.232788
6180,63.62151
6181,67.44479
6182,70.80117
6183,47.491425
6184,54.8219
6185,54.8219
6186,58.232788
6187,63.62151
6188,67.44479
6189,70.80117
6190,47.491425
6191,54.8219
6192,54.8219
6193,58.232788
6194,63.62151
6195,67.44479
6196,70.80117
6197,47.491425
6198,54.8219
6199,54.8219
6200,58.232788
6201,63.62151
6202,67.44479
6203,70.80117
6204,47.491425
6205,54.8219
6206,54.8219
6207,58.232788
6208,63.62151
6209,67.44479
6210,39.677315
6211,48.67641
6212,48.12253
6213,52.71625
6214,55.71962
6215,59.02444
6216,62.88232
6217,41.7228
6218,48.79151
6219,48.79151
6220,52.71625
6221,55.71962
6222,59.609104
6223,63.3883
6224,42.21676
6225,49.53943
6226,49.53943
6227,53.081913
6228,56.474705
6229,60.596157
6230,64.06808
6231,42.354675
6232,49.673893
6233,49.673893
6234,53.471336
6235,56.474705
6236,60.477325
6237,64.06808
6238,42.354675
6239,49.673893
6240,49.673893
6241,53.80644
6242,56.809807
6243,60.86528
6244,64.784225
6245,42.740685
6246,50.144047
6247,50.144047
6248,54.209835
6249,57.332687
6250,61.66743
6251,65.620834
6252,43.505
6253,51.15067
6254,51.15067
6255,55.06415
6256,58.24781
6257,62.96354
6258,66.82535
6259,44.225178
6260,52.27569
6261,52.341763
6262,55.41003
6263,59.41196
6264,64.215546
6265,67.42087
6266,44.494026
6267,52.90608
6268,52.90608
6269,56.047485
6270,60.624985
6271,64.62487
6272,68.11302
6273,44.78289
6274,53.543182
6275,53.543182
6276,56.67713
6277,60.55901
6278,64.62487
6279,68.11302
6280,44.78289
6281,53.543182
6282,53.543182
6283,56.67713
6284,60.55901
6285,64.62487
6286,68.11302
6287,44.78289
6288,53.543182
6289,53.543182
6290,56.67713
6291,60.55901
6292,64.62487
6293,68.11302
6294,44.78289
6295,53.543182
6296,53.543182
6297,56.67713
6298,60.55901
6299,64.62487
6300,47.118946
6301,52.570976
6302,53.449257
6303,55.442688
6304,59.357487
6305,65.86663
6306,67.19731
6307,45.388676
6308,53.169434
6309,53.169434
6310,56.303383
6311,60.278053
6312,64.225105
6313,67.67517
6314,44.947247
6315,53.169434
6316,53.169434
6317,56.303383
6318,60.159225
6319,64.225105
6320,67.67517
6321,44.507736
6322,53.169434
6323,53.169434
6324,56.303383
6325,60.159225
6326,64.225105
6327,67.67517
6328,44.507736
6329,53.169434
6330,53.169434
6331,56.638485
6332,60.54718
6333,64.61304
6334,68.06232
6335,44.744244
6336,53.504536
6337,53.504536
6338,56.638485
6339,60.54718
6340,64.61304
6341,68.06232
6342,44.744244
6343,53.504536
6344,53.504536
6345,56.638485
6346,60.54718
6347,64.61304
6348,68.06232
6349,44.744244
6350,53.504536
6351,53.504536
6352,56.638485
6353,60.54718
6354,64.61304
6355,68.06232
6356,44.744244
6357,53.504536
6358,53.504536
6359,56.67713
6360,60.55901
6361,64.62487
6362,68.11302
6363,44.78289
6364,53.543182
6365,53.543182
6366,56.67713
6367,60.55901
6368,64.62487
6369,68.11302
6370,44.78289
6371,53.543182
6372,53.543182
6373,56.67713
6374,60.55901
6375,64.62487
6376,68.11302
6377,44.78289
6378,53.543182
6379,53.543182
6380,56.67713
6381,60.55901
6382,64.62487
6383,68.11302
6384,44.78289
6385,53.543182
6386,53.543182
6387,56.67713
6388,60.55901
6389,64.62487
6390,71.04657
6391,84.988205
6392,84.79147
6393,92.3914
6394,100.12079
6395,104.52373
6396,113.72941
6397,74.02282
6398,85.31004
6399,85.31004
6400,93.136215
6401,99.50072
6402,103.81827
6403,109.48004
6404,73.83416
6405,84.988205
6406,84.988205
6407,92.23311
6408,98.59761
6409,103.55326
6410,108.691414
6411,73.29424
6412,84.988205
6413,84.988205
6414,92.23311
6415,98.07326
6416,103.08062
6417,107.80579
6418,72.52934
6419,84.5508
6420,84.5508
6421,91.91891
6422,97.759056
6423,103.23906
6424,107.96423
6425,72.633
6426,84.709236
6427,84.709236
6428,91.174095
6429,97.759056
6430,103.23906
6431,107.96423
6432,72.633
6433,84.709236
6434,84.709236
6435,91.174095
6436,97.759056
6437,103.23906
6438,107.96423
6439,72.633
6440,84.709236
6441,84.709236
6442,91.174095
6443,97.759056
6444,103.23906
6445,107.96423
6446,72.633
6447,84.709236
6448,84.709236
6449,91.26782
6450,97.77089
6451,103.25089
6452,108.01494
6453,72.72673
6454,84.80296
6455,84.80296
6456,91.26782
6457,97.77089
6458,103.25089
6459,108.01494
6460,72.72673
6461,84.80296
6462,84.80296
6463,91.26782
6464,97.77089
6465,103.25089
6466,108.01494
6467,72.72673
6468,84.80296
6469,84.80296
6470,91.26782
6471,97.77089
6472,103.25089
6473,108.01494
6474,72.72673
6475,84.80296
6476,84.80296
6477,91.26782
6478,97.77089
6479,103.25089
6480,55.37241
6481,62.6698
6482,66.071075
6483,72.99215
6484,73.860634
6485,79.50948
6486,81.42187
6487,55.37241
6488,64.87766
6489,64.87766
6490,69.86623
6491,73.860634
6492,79.1611
6493,82.563286
6494,55.37241
6495,64.87766
6496,64.87766
6497,69.533356
6498,73.860634
6499,79.1611
6500,82.563286
6501,55.37241
6502,64.87766
6503,64.87766
6504,69.533356
6505,73.860634
6506,79.1611
6507,82.563286
6508,55.37241
6509,64.87766
6510,64.87766
6511,69.86981
6512,74.19709
6513,79.49756
6514,82.89896
6515,55.601246
6516,65.21412
6517,65.21412
6518,69.86981
6519,74.42016
6520,79.49756
6521,82.89896
6522,55.601246
6523,65.21412
6524,65.21412
6525,69.86981
6526,74.42016
6527,79.49756
6528,82.89896
6529,55.601246
6530,65.21412
6531,65.21412
6532,69.86981
6533,74.42016
6534,79.49756
6535,82.89896
6536,55.601246
6537,65.21412
6538,65.21412
6539,69.96354
6540,74.43199
6541,79.50939
6542,82.94966
6543,55.639893
6544,65.307846
6545,65.307846
6546,69.96354
6547,74.43199
6548,79.50939
6549,82.94966
6550,55.639893
6551,65.307846
6552,65.307846
6553,69.96354
6554,74.43199
6555,79.50939
6556,82.94966
6557,55.639893
6558,65.307846
6559,65.307846
6560,69.96354
6561,74.43199
6562,79.50939
6563,82.94966
6564,55.639893
6565,65.307846
6566,65.307846
6567,69.96354
6568,74.43199
6569,79.50939
6570,54.72001
6571,62.29355
6572,63.37916
6573,64.15635
6574,67.287384
6575,75.73876
6576,80.85594
6577,53.48783
6578,62.29355
6579,62.29355
6580,65.750984
6581,69.91212
6582,75.68079
6583,79.58796
6584,53.78315
6585,62.53673
6586,62.53673
6587,66.396454
6588,70.77307
6589,75.68079
6590,79.58796
6591,53.78315
6592,62.53673
6593,62.53673
6594,66.396454
6595,70.77307
6596,75.68079
6597,79.58796
6598,53.78315
6599,62.53673
6600,62.53673
6601,66.73291
6602,71.10953
6603,76.01725
6604,80.07095
6605,54.073704
6606,63.00107
6607,63.00107
6608,66.86077
6609,71.50037
6610,76.07522
6611,80.07095
6612,54.073704
6613,63.00107
6614,63.00107
6615,66.86077
6616,71.50037
6617,76.07522
6618,80.07095
6619,54.073704
6620,63.00107
6621,63.00107
6622,66.86077
6623,71.50037
6624,76.07522
6625,80.07095
6626,54.073704
6627,63.00107
6628,63.00107
6629,66.9545
6630,71.5122
6631,76.08705
6632,80.12166
6633,54.11235
6634,63.094788
6635,63.094788
6636,66.9545
6637,71.5122
6638,76.08705
6639,80.12166
6640,54.11235
6641,63.094788
6642,63.094788
6643,66.9545
6644,71.5122
6645,76.08705
6646,80.12166
6647,54.11235
6648,63.094788
6649,63.094788
6650,66.9545
6651,71.5122
6652,76.08705
6653,80.12166
6654,54.11235
6655,63.094788
6656,63.094788
6657,66.9545
6658,71.5122
6659,76.08705
6660,41.668182
6661,46.904724
6662,47.476475
6663,53.471336
6664,56.474705
6665,61.935955
6666,64.06808
6667,42.21676
6668,48.54412
6669,49.120014
6670,53.471336
6671,56.474705
6672,60.477325
6673,64.06808
6674,42.354675
6675,49.673893
6676,49.673893
6677,53.471336
6678,56.474705
6679,60.477325
6680,64.06808
6681,42.354675
6682,49.673893
6683,49.673893
6684,53.471336
6685,56.474705
6686,60.477325
6687,64.06808
6688,42.354675
6689,49.673893
6690,49.673893
6691,53.80644
6692,56.809807
6693,60.86528
6694,64.784225
6695,42.740685
6696,50.144047
6697,50.144047
6698,54.209835
6699,57.332687
6700,61.66743
6701,65.620834
6702,43.505
6703,51.15067
6704,51.15067
6705,55.06415
6706,58.24781
6707,62.96354
6708,66.82535
6709,44.225178
6710,52.27569
6711,52.341763
6712,55.41003
6713,59.41196
6714,64.215546
6715,67.42087
6716,44.494026
6717,52.90608
6718,52.90608
6719,56.047485
6720,60.624985
6721,64.62487
6722,68.11302
6723,44.78289
6724,53.543182
6725,53.543182
6726,56.67713
6727,60.55901
6728,64.62487
6729,68.11302
6730,44.78289
6731,53.543182
6732,53.543182
6733,56.67713
6734,60.55901
6735,64.62487
6736,68.11302
6737,44.78289
6738,53.543182
6739,53.543182
6740,56.67713
6741,60.55901
6742,64.62487
6743,68.11302
6744,44.78289
6745,53.543182
6746,53.543182
6747,56.67713
6748,60.55901
6749,64.62487
6750,41.692184
6751,48.9831
6752,48.645794
6753,52.50368
6754,55.057285
6755,59.05419
6756,64.06808
6757,42.21676
6758,49.53943
6759,49.53943
6760,53.081913
6761,56.08528
6762,60.596157
6763,64.06808
6764,42.354675
6765,49.673893
6766,49.673893
6767,53.471336
6768,56.474705
6769,60.477325
6770,64.06808
6771,42.354675
6772,49.673893
6773,49.673893
6774,53.471336
6775,56.474705
6776,60.477325
6777,64.06808
6778,42.354675
6779,49.673893
6780,49.673893
6781,53.80644
6782,56.809807
6783,60.86528
6784,64.784225
6785,42.740685
6786,50.144047
6787,50.144047
6788,54.209835
6789,57.332687
6790,61.66743
6791,65.620834
6792,43.505
6793,51.15067
6794,51.15067
6795,55.06415
6796,58.24781
6797,62.96354
6798,66.82535
6799,44.225178
6800,52.27569
6801,52.341763
6802,55.41003
6803,59.41196
6804,64.215546
6805,67.42087
6806,44.494026
6807,52.90608
6808,52.90608
6809,56.047485
6810,60.624985
6811,64.62487
6812,68.11302
6813,44.78289
6814,53.543182
6815,53.543182
6816,56.67713
6817,60.55901
6818,64.62487
6819,68.11302
6820,44.78289
6821,53.543182
6822,53.543182
6823,56.67713
6824,60.55901
6825,64.62487
6826,68.11302
6827,44.78289
6828,53.543182
6829,53.543182
6830,56.67713
6831,60.55901
6832,64.62487
6833,68.11302
6834,44.78289
6835,53.543182
6836,53.543182
6837,56.67713
6838,60.55901
6839,64.62487
6840,37.946632
6841,44.73873
6842,44.73873
6843,48.153854
6844,52.717163
6845,55.923046
6846,56.84024
6847,39.028595
6848,45.43309
6849,45.43309
6850,48.932495
6851,51.956676
6852,54.88168
6853,57.401924
6854,39.776516
6855,45.6071
6856,45.6071
6857,48.932495
6858,51.956676
6859,54.88168
6860,57.401924
6861,39.776516
6862,45.6071
6863,45.6071
6864,48.932495
6865,51.956676
6866,54.88168
6867,57.401924
6868,39.776516
6869,45.6071
6870,45.6071
6871,49.19076
6872,52.214943
6873,55.139946
6874,57.65941
6875,40.282528
6876,46.265907
6877,46.265907
6878,50.028084
6879,53.052265
6880,55.936268
6881,58.625748
6882,40.448486
6883,46.431866
6884,46.431866
6885,50.064655
6886,53.22185
6887,56.620483
6888,59.816593
6889,41.02581
6890,47.072132
6891,47.072132
6892,51.06062
6893,54.093315
6894,56.97732
6895,60.582767
6896,41.205658
6897,47.81701
6898,47.81701
6899,51.90133
6900,54.93473
6901,57.818737
6902,61.751553
6903,41.943336
6904,48.44166
6905,48.465664
6906,52.87743
6907,55.600723
6908,58.569633
6909,62.298058
6910,42.109962
6911,49.16526
6912,49.16526
6913,53.09
6914,56.06655
6915,60.07734
6916,63.826176
6917,42.62983
6918,50.04764
6919,50.04764
6920,53.845085
6921,56.821636
6922,61.26225
6923,64.83493
6924,43.231533
6925,50.790504
6926,50.790504
6927,54.647293
6928,57.74333
6929,61.921402
6930,58.479034
6931,73.929924
6932,68.637405
6933,76.878204
6934,82.02109
6935,90.17792
6936,89.91499
6937,60.521812
6938,71.95499
6939,70.741104
6940,76.269226
6941,81.99547
6942,86.81439
6943,89.91499
6944,61.64676
6945,72.05425
6946,71.349045
6947,76.269226
6948,81.99547
6949,86.115715
6950,89.91499
6951,61.64676
6952,72.05425
6953,72.05425
6954,76.269226
6955,81.99547
6956,86.115715
6957,89.91499
6958,61.64676
6959,72.05425
6960,72.05425
6961,76.568756
6962,82.295
6963,86.415245
6964,90.198494
6965,61.89152
6966,72.35378
6967,72.35378
6968,76.568756
6969,82.295
6970,86.415245
6971,90.99627
6972,61.89152
6973,72.35378
6974,72.35378
6975,76.568756
6976,82.295
6977,86.415245
6978,90.99627
6979,61.89152
6980,72.35378
6981,72.35378
6982,76.568756
6983,82.295
6984,86.415245
6985,90.99627
6986,61.89152
6987,72.35378
6988,72.35378
6989,76.66248
6990,82.30683
6991,86.42708
6992,91.046974
6993,61.98524
6994,72.44751
6995,72.44751
6996,76.66248
6997,82.30683
6998,86.42708
6999,90.937614
7000,61.98524
7001,72.44751
7002,72.44751
7003,76.66248
7004,82.30683
7005,86.42708
7006,91.046974
7007,61.98524
7008,72.44751
7009,72.44751
7010,76.66248
7011,82.30683
7012,86.42708
7013,90.937614
7014,61.98524
7015,72.44751
7016,72.44751
7017,76.66248
7018,82.30683
7019,86.42708
7020,53.48783
7021,61.36435
7022,61.808884
7023,70.27576
7024,72.97878
7025,77.57724
7026,84.377464
7027,54.289406
7028,63.63177
7029,63.89834
7030,69.24332
7031,72.97878
7032,78.02006
7033,81.74302
7034,54.59587
7035,63.993214
7036,63.993214
7037,68.65151
7038,72.97878
7039,78.02006
7040,81.35259
7041,54.59587
7042,63.993214
7043,63.993214
7044,68.43603
7045,72.97878
7046,78.02006
7047,81.35259
7048,54.59587
7049,63.993214
7050,63.993214
7051,68.772484
7052,73.31524
7053,78.356514
7054,81.68826
7055,54.824707
7056,64.32967
7057,64.32967
7058,68.772484
7059,73.31524
7060,78.356514
7061,81.68826
7062,54.824707
7063,64.32967
7064,64.32967
7065,68.772484
7066,73.31524
7067,78.356514
7068,81.68826
7069,54.824707
7070,64.32967
7071,64.32967
7072,68.772484
7073,73.31524
7074,78.356514
7075,81.68826
7076,54.824707
7077,64.32967
7078,64.32967
7079,68.86621
7080,73.32707
7081,78.36835
7082,81.73897
7083,54.863354
7084,64.4234
7085,64.4234
7086,69.458015
7087,73.91888
7088,78.624344
7089,82.129395
7090,55.639893
7091,65.0178
7092,65.307846
7093,69.96354
7094,74.20892
7095,79.44461
7096,82.94966
7097,55.639893
7098,65.307846
7099,65.307846
7100,69.96354
7101,74.43199
7102,79.50939
7103,82.94966
7104,55.639893
7105,65.307846
7106,65.307846
7107,69.96354
7108,74.43199
7109,79.50939
7110,59.87896
7111,64.78278
7112,65.09083
7113,70.489395
7114,75.7138
7115,83.28656
7116,89.93722
7117,58.606373
7118,66.92716
7119,66.92716
7120,71.654175
7121,76.91563
7122,82.21666
7123,85.94854
7124,57.680622
7125,66.92716
7126,66.92716
7127,71.987045
7128,76.91563
7129,81.98503
7130,85.61155
7131,57.021248
7132,66.92716
7133,66.92716
7134,71.987045
7135,76.91563
7136,81.98503
7137,85.61155
7138,57.021248
7139,66.92716
7140,66.92716
7141,72.3235
7142,77.25208
7143,82.32149
7144,85.94722
7145,57.250084
7146,67.26362
7147,67.26362
7148,72.3235
7149,77.955795
7150,82.32149
7151,85.94722
7152,57.250084
7153,67.50758
7154,67.50758
7155,72.3235
7156,77.955795
7157,82.32149
7158,85.94722
7159,57.250084
7160,67.50758
7161,67.50758
7162,72.3235
7163,77.955795
7164,82.32149
7165,85.94722
7166,57.250084
7167,67.50758
7168,67.50758
7169,72.41723
7170,77.96763
7171,82.33332
7172,85.997925
7173,57.28873
7174,67.60131
7175,67.60131
7176,72.41723
7177,77.96763
7178,82.33332
7179,85.997925
7180,57.28873
7181,67.60131
7182,67.60131
7183,72.41723
7184,77.96763
7185,82.33332
7186,85.997925
7187,57.28873
7188,67.60131
7189,67.60131
7190,72.41723
7191,77.96763
7192,82.33332
7193,85.997925
7194,57.28873
7195,67.60131
7196,67.60131
7197,72.41723
7198,77.96763
7199,82.33332
7200,31.63219
7201,35.180622
7202,36.144817
7203,38.14728
7204,41.204685
7205,42.96443
7206,46.81771
7207,31.41431
7208,35.957813
7209,36.027767
7210,38.334286
7211,40.53548
7212,42.96443
7213,45.268032
7214,31.41431
7215,35.957813
7216,36.027767
7217,38.334286
7218,40.53548
7219,42.96443
7220,45.268032
7221,31.41431
7222,35.957813
7223,36.027767
7224,38.334286
7225,40.53548
7226,42.96443
7227,45.268032
7228,31.41431
7229,35.957813
7230,36.027767
7231,38.592552
7232,40.793747
7233,43.2227
7234,45.525517
7235,31.57398
7236,36.21608
7237,36.286034
7238,38.592552
7239,40.793747
7240,43.2227
7241,45.525517
7242,31.57398
7243,36.286034
7244,36.286034
7245,38.592552
7246,40.793747
7247,43.2227
7248,45.525517
7249,31.57398
7250,36.286034
7251,36.286034
7252,38.592552
7253,40.793747
7254,43.2227
7255,45.525517
7256,31.57398
7257,36.286034
7258,36.286034
7259,38.6312
7260,40.805576
7261,43.234528
7262,45.576218
7263,31.612627
7264,36.32468
7265,36.32468
7266,38.6312
7267,40.805576
7268,43.234528
7269,45.576218
7270,31.612627
7271,36.32468
7272,36.32468
7273,38.6312
7274,40.805576
7275,43.234528
7276,45.576218
7277,31.612627
7278,36.32468
7279,36.32468
7280,38.6312
7281,40.805576
7282,43.234528
7283,45.576218
7284,31.612627
7285,36.32468
7286,36.32468
7287,38.6312
7288,40.805576
7289,43.234528
7290,42.504177
7291,48.639626
7292,51.007156
7293,54.62382
7294,56.509155
7295,62.45006
7296,66.538475
7297,43.268494
7298,50.815567
7299,51.334328
7300,54.72905
7301,57.91271
7302,63.232063
7303,66.4382
7304,43.98867
7305,51.748997
7306,51.940586
7307,55.008854
7308,58.400642
7309,63.33234
7310,66.538475
7311,43.966816
7312,52.00666
7313,52.00666
7314,55.07493
7315,59.07686
7316,63.33234
7317,66.538475
7318,43.966816
7319,52.00666
7320,52.00666
7321,55.41003
7322,59.656315
7323,63.720295
7324,67.42087
7325,44.42337
7326,52.806995
7327,52.90608
7328,56.00884
7329,60.379253
7330,64.61304
7331,68.06232
7332,44.744244
7333,53.504536
7334,53.504536
7335,56.638485
7336,60.54718
7337,64.61304
7338,68.06232
7339,44.744244
7340,53.504536
7341,53.504536
7342,56.638485
7343,60.54718
7344,64.61304
7345,68.06232
7346,44.744244
7347,53.504536
7348,53.504536
7349,56.67713
7350,60.55901
7351,64.62487
7352,68.11302
7353,44.78289
7354,53.543182
7355,53.543182
7356,56.67713
7357,60.55901
7358,64.62487
7359,68.11302
7360,44.78289
7361,53.543182
7362,53.543182
7363,56.67713
7364,60.55901
7365,64.62487
7366,68.11302
7367,44.78289
7368,53.543182
7369,53.543182
7370,56.67713
7371,60.55901
7372,64.62487
7373,68.11302
7374,44.78289
7375,53.543182
7376,53.543182
7377,56.67713
7378,60.55901
7379,64.62487
7380,40.96915
7381,48.81338
7382,46.940365
7383,51.438957
7384,52.717163
7385,54.4553
7386,59.545216
7387,40.789303
7388,47.732338
7389,46.73703
7390,50.917107
7391,53.401375
7392,56.348324
7393,60.035416
7394,40.971104
7395,47.381794
7396,46.940365
7397,50.939777
7398,53.758213
7399,56.64222
7400,59.881344
7401,40.971104
7402,47.381794
7403,46.940365
7404,50.939777
7405,53.758213
7406,56.64222
7407,60.035416
7408,40.971104
7409,47.381794
7410,46.940365
7411,51.27488
7412,54.193428
7413,57.077435
7414,60.48155
7415,41.205658
7416,47.81701
7417,47.37558
7418,51.862682
7419,54.9229
7420,57.806908
7421,61.21102
7422,41.90469
7423,48.403015
7424,48.403015
7425,52.838783
7426,55.583977
7427,58.557804
7428,62.247356
7429,41.95931
7430,49.011513
7431,49.126614
7432,53.051353
7433,56.05472
7434,60.06551
7435,63.775475
7436,42.591183
7437,50.008995
7438,50.008995
7439,53.845085
7440,56.821636
7441,61.26225
7442,64.83493
7443,43.231533
7444,50.790504
7445,50.790504
7446,54.647293
7447,57.74333
7448,61.921402
7449,65.67154
7450,43.657566
7451,51.516487
7452,51.516487
7453,55.382603
7454,58.6815
7455,62.97537
7456,66.87605
7457,44.24197
7458,52.38041
7459,52.38041
7460,55.448677
7461,59.42379
7462,64.22738
7463,67.47157
7464,44.532673
7465,52.944725
7466,52.944725
7467,56.047485
7468,60.624985
7469,64.62487
7470,37.604393
7471,45.988792
7472,43.232956
7473,47.005375
7474,52.85081
7475,52.87769
7476,59.039204
7477,38.89623
7478,44.843758
7479,44.669746
7480,48.074944
7481,51.692753
7482,54.617756
7483,58.28643
7484,39.028595
7485,44.73873
7486,44.73873
7487,48.238144
7488,51.692753
7489,54.617756
7490,57.804585
7491,39.028595
7492,44.73873
7493,44.73873
7494,48.238144
7495,51.692753
7496,54.617756
7497,57.12837
7498,39.028595
7499,44.73873
7500,44.73873
7501,48.49641
7502,51.95102
7503,54.876022
7504,57.385853
7505,39.188267
7506,44.996998
7507,44.996998
7508,48.49641
7509,51.95102
7510,54.876022
7511,57.385853
7512,39.188267
7513,44.996998
7514,44.996998
7515,48.49641
7516,51.95102
7517,54.876022
7518,57.385853
7519,39.188267
7520,44.996998
7521,44.996998
7522,48.49641
7523,51.95102
7524,54.876022
7525,57.385853
7526,39.188267
7527,44.996998
7528,44.996998
7529,48.535057
7530,51.96285
7531,54.88785
7532,57.436554
7533,39.974834
7534,45.730003
7535,45.730003
7536,49.22941
7537,52.226772
7538,55.31017
7539,57.811283
7540,40.321175
7541,46.304554
7542,46.304554
7543,50.06673
7544,53.064095
7545,56.117683
7546,58.67645
7547,40.487133
7548,47.047836
7549,47.047836
7550,51.036324
7551,53.81125
7552,56.695255
7553,59.930237
7554,41.246258
7555,47.755543
7556,47.855656
7557,51.60523
7558,54.205257
7559,57.818737
7560,26.317959
7561,31.454746
7562,31.809748
7563,33.837025
7564,37.68705
7565,42.381153
7566,42.095818
7567,28.138777
7568,32.83107
7569,32.83107
7570,35.626423
7571,37.95619
7572,40.326164
7573,41.912395
7574,29.241854
7575,33.39505
7576,33.578854
7577,35.89236
7578,37.95619
7579,40.326164
7580,42.134827
7581,29.426203
7582,33.578854
7583,33.578854
7584,35.89236
7585,37.95619
7586,40.326164
7587,42.134827
7588,29.426203
7589,33.578854
7590,33.578854
7591,36.150627
7592,38.214455
7593,40.635303
7594,42.443184
7595,30.081455
7596,34.332703
7597,34.332703
7598,36.899933
7599,39.00865
7600,41.32861
7601,43.529213
7602,30.362314
7603,34.69569
7604,35.178577
7605,37.438
7606,39.832558
7607,42.15251
7608,44.122623
7609,30.845205
7610,35.521023
7611,35.521023
7612,37.897495
7613,40.28405
7614,42.94053
7615,44.91064
7616,31.423407
7617,36.112797
7618,36.21608
7619,38.6312
7620,40.805576
7621,43.234528
7622,45.150978
7623,31.612627
7624,36.32468
7625,36.32468
7626,38.6312
7627,40.805576
7628,43.234528
7629,45.576218
7630,31.612627
7631,36.32468
7632,36.32468
7633,38.6312
7634,40.805576
7635,43.234528
7636,45.576218
7637,31.612627
7638,36.32468
7639,36.32468
7640,38.6312
7641,40.805576
7642,43.234528
7643,45.576218
7644,31.612627
7645,36.32468
7646,36.32468
7647,38.6312
7648,40.805576
7649,43.234528
7650,29.573397
7651,35.180622
7652,36.144817
7653,37.304188
7654,41.313805
7655,43.884865
7656,46.153603
7657,31.41431
7658,35.957813
7659,36.027767
7660,38.334286
7661,41.030674
7662,42.96443
7663,45.268032
7664,31.41431
7665,35.957813
7666,36.027767
7667,38.334286
7668,40.53548
7669,42.96443
7670,45.268032
7671,31.41431
7672,35.957813
7673,36.027767
7674,38.334286
7675,40.53548
7676,42.96443
7677,45.268032
7678,31.41431
7679,35.957813
7680,36.027767
7681,38.592552
7682,40.793747
7683,43.2227
7684,45.525517
7685,31.57398
7686,36.21608
7687,36.286034
7688,38.592552
7689,40.793747
7690,43.2227
7691,45.525517
7692,31.57398
7693,36.286034
7694,36.286034
7695,38.592552
7696,40.793747
7697,43.2227
7698,45.525517
7699,31.57398
7700,36.286034
7701,36.286034
7702,38.592552
7703,40.793747
7704,43.2227
7705,45.525517
7706,31.57398
7707,36.286034
7708,36.286034
7709,38.6312
7710,40.805576
7711,43.234528
7712,45.576218
7713,31.612627
7714,36.32468
7715,36.32468
7716,38.6312
7717,40.805576
7718,43.234528
7719,45.576218
7720,31.612627
7721,36.32468
7722,36.32468
7723,38.6312
7724,40.805576
7725,43.234528
7726,45.576218
7727,31.612627
7728,36.32468
7729,36.32468
7730,38.6312
7731,40.805576
7732,43.234528
7733,45.576218
7734,31.612627
7735,36.32468
7736,36.32468
7737,38.6312
7738,40.805576
7739,43.234528
7740,23.611599
7741,25.961124
7742,25.589916
7743,27.37706
7744,29.176847
7745,31.650682
7746,34.537903
7747,23.175522
7748,26.21661
7749,26.21661
7750,28.267376
7751,30.332104
7752,32.03246
7753,33.553318
7754,23.214785
7755,26.470295
7756,26.53248
7757,28.329561
7758,30.394289
7759,32.03246
7760,33.322628
7761,23.346668
7762,26.53248
7763,26.53248
7764,28.329561
7765,30.394289
7766,32.03246
7767,33.322628
7768,23.346668
7769,26.53248
7770,26.53248
7771,28.587824
7772,30.652552
7773,32.78095
7774,34.070335
7775,23.764824
7776,27.011648
7777,27.181318
7778,29.24275
7779,31.307484
7780,33.518227
7781,35.200047
7782,24.007557
7783,27.897387
7784,28.145441
7785,30.168245
7786,32.33904
7787,34.288734
7788,35.846355
7789,24.630192
7790,28.589771
7791,28.589771
7792,30.575552
7793,32.549793
7794,35.131836
7795,36.721718
7796,25.058819
7797,29.138252
7798,29.138252
7799,31.209044
7800,33.156464
7801,35.693848
7802,37.642075
7803,25.545017
7804,29.782204
7805,30.273308
7806,32.09771
7807,34.271564
7808,36.352024
7809,38.583298
7810,26.039036
7811,30.717155
7812,30.717155
7813,32.574192
7814,35.22341
7815,37.44319
7816,39.824326
7817,26.931284
7818,31.56598
7819,31.639294
7820,33.396637
7821,36.074417
7822,38.577244
7823,40.779556
7824,27.421684
7825,32.106655
7826,32.106655
7827,34.541416
7828,36.86567
7829,39.346115
7830,46.01746
7831,54.45162
7832,50.60048
7833,57.909348
7834,64.01407
7835,65.40717
7836,68.50999
7837,46.16294
7838,53.87307
7839,53.68148
7840,57.678253
7841,62.516663
7842,65.6314
7843,68.978165
7844,46.16294
7845,53.87307
7846,53.87307
7847,57.524136
7848,61.92452
7849,65.6314
7850,68.978165
7851,46.16294
7852,53.87307
7853,53.87307
7854,57.524136
7855,61.486767
7856,65.6314
7857,68.978165
7858,46.16294
7859,53.87307
7860,53.87307
7861,57.859238
7862,61.87472
7863,66.01933
7864,69.36531
7865,47.221684
7866,54.55216
7867,54.55216
7868,58.24445
7869,63.17193
7870,67.188995
7871,70.750465
7872,47.452778
7873,54.783253
7874,54.783253
7875,58.19414
7876,63.60968
7877,67.43296
7878,70.750465
7879,47.452778
7880,54.783253
7881,54.783253
7882,58.19414
7883,63.60968
7884,67.43296
7885,70.750465
7886,47.452778
7887,54.783253
7888,54.783253
7889,58.232788
7890,63.62151
7891,67.44479
7892,70.80117
7893,47.491425
7894,54.8219
7895,54.8219
7896,58.232788
7897,63.62151
7898,67.44479
7899,70.80117
7900,47.491425
7901,54.8219
7902,54.8219
7903,58.232788
7904,63.62151
7905,67.44479
7906,70.80117
7907,47.491425
7908,54.8219
7909,54.8219
7910,58.232788
7911,63.62151
7912,67.44479
7913,70.80117
7914,47.491425
7915,54.8219
7916,54.8219
7917,58.232788
7918,63.62151
7919,67.44479
7920,39.776516
7921,44.669746
7922,44.669746
7923,48.238144
7924,51.692753
7925,55.568417
7926,55.912205
7927,39.028595
7928,44.669746
7929,44.669746
7930,48.030743
7931,51.48535
7932,54.410355
7933,56.84024
7934,38.89623
7935,44.669746
7936,44.669746
7937,48.030743
7938,51.48535
7939,54.410355
7940,56.84024
7941,38.89623
7942,44.669746
7943,44.669746
7944,48.030743
7945,51.48535
7946,54.410355
7947,56.84024
7948,38.89623
7949,44.669746
7950,44.669746
7951,48.28901
7952,51.743618
7953,54.66862
7954,57.097725
7955,39.188267
7956,44.996998
7957,44.996998
7958,48.49641
7959,51.95102
7960,54.876022
7961,57.385853
7962,39.188267
7963,44.996998
7964,44.996998
7965,48.49641
7966,51.95102
7967,54.876022
7968,57.385853
7969,39.188267
7970,44.996998
7971,44.996998
7972,48.49641
7973,51.95102
7974,54.876022
7975,57.385853
7976,39.188267
7977,44.996998
7978,44.996998
7979,48.535057
7980,51.96285
7981,54.88785
7982,57.436554
7983,39.974834
7984,45.730003
7985,45.730003
7986,49.22941
7987,52.226772
7988,55.31017
7989,57.811283
7990,40.321175
7991,46.304554
7992,46.304554
7993,50.06673
7994,53.064095
7995,56.117683
7996,58.67645
7997,40.487133
7998,47.047836
7999,47.047836
8000,51.036324
8001,53.81125
8002,56.695255
8003,59.930237
8004,41.246258
8005,47.755543
8006,47.855656
8007,51.60523
8008,54.205257
8009,57.818737
8010,37.946632
8011,45.20166
8012,44.42302
8013,47.005375
8014,52.36897
8015,54.666473
8016,55.92935
8017,38.6495
8018,44.843758
8019,44.42302
8020,47.620815
8021,51.48535
8022,53.990257
8023,56.420143
8024,38.6495
8025,44.42302
8026,44.42302
8027,47.620815
8028,51.238625
8029,53.990257
8030,56.420143
8031,38.6495
8032,44.42302
8033,44.42302
8034,47.620815
8035,51.238625
8036,53.990257
8037,56.420143
8038,38.6495
8039,44.42302
8040,44.42302
8041,47.87908
8042,51.49689
8043,54.248524
8044,56.677628
8045,38.809174
8046,44.681286
8047,44.928013
8048,48.12581
8049,51.743618
8050,54.66862
8051,57.097725
8052,39.188267
8053,44.996998
8054,44.996998
8055,48.49641
8056,51.95102
8057,54.876022
8058,57.385853
8059,39.188267
8060,44.996998
8061,44.996998
8062,48.49641
8063,51.95102
8064,54.876022
8065,57.385853
8066,39.188267
8067,44.996998
8068,44.996998
8069,48.535057
8070,51.96285
8071,54.88785
8072,57.436554
8073,39.974834
8074,45.730003
8075,45.730003
8076,49.22941
8077,52.226772
8078,55.31017
8079,57.811283
8080,40.321175
8081,46.304554
8082,46.304554
8083,50.06673
8084,53.064095
8085,56.117683
8086,58.67645
8087,40.487133
8088,47.047836
8089,47.047836
8090,51.036324
8091,53.81125
8092,56.695255
8093,59.930237
8094,41.246258
8095,47.755543
8096,47.855656
8097,51.60523
8098,54.205257
8099,57.818737
8100,47.969254
8101,55.32784
8102,55.98722
8103,61.26768
8104,63.18937
8105,71.0369
8106,72.790375
8107,49.28765
8108,55.98722
8109,55.98722
8110,61.064312
8111,65.06438
8112,69.81512
8113,72.56731
8114,49.367077
8115,55.98722
8116,55.98722
8117,61.064312
8118,65.06438
8119,69.328896
8120,72.56731
8121,49.367077
8122,55.98722
8123,55.98722
8124,61.064312
8125,65.06438
8126,69.328896
8127,72.56731
8128,49.367077
8129,55.98722
8130,55.98722
8131,61.452267
8132,65.45231
8133,69.87018
8134,73.3638
8135,49.684124
8136,56.430813
8137,56.430813
8138,61.560757
8139,65.788994
8140,70.211426
8141,73.705055
8142,49.74871
8143,56.752354
8144,56.752354
8145,62.02067
8146,66.045006
8147,70.42607
8148,73.91969
8149,50.04044
8150,57.44357
8151,57.44357
8152,62.806767
8153,66.72087
8154,70.78521
8155,74.27883
8156,50.094925
8157,57.90479
8158,57.90479
8159,63.361706
8160,66.732704
8161,70.79704
8162,74.552605
8163,50.13357
8164,57.943436
8165,57.943436
8166,63.361706
8167,66.732704
8168,70.79704
8169,74.552605
8170,50.13357
8171,57.943436
8172,57.943436
8173,63.361706
8174,66.732704
8175,70.79704
8176,74.552605
8177,50.13357
8178,57.943436
8179,57.943436
8180,63.361706
8181,66.732704
8182,70.79704
8183,74.552605
8184,50.13357
8185,57.943436
8186,57.943436
8187,63.361706
8188,66.732704
8189,70.79704
8190,63.029743
8191,71.349045
8192,70.74199
8193,78.8313
8194,83.23046
8195,89.22396
8196,99.4334
8197,63.608673
8198,73.96837
8199,73.26317
8200,79.11784
8201,85.077255
8202,89.73706
8203,96.15677
8204,64.289635
8205,74.25491
8206,74.25491
8207,79.4749
8208,85.077255
8209,89.73706
8210,94.67564
8211,64.289635
8212,74.612465
8213,74.612465
8214,79.4749
8215,85.077255
8216,89.73706
8217,93.86402
8218,64.289635
8219,74.612465
8220,74.612465
8221,79.77443
8222,85.376785
8223,90.03659
8224,93.95821
8225,64.534386
8226,74.911995
8227,74.911995
8228,79.77443
8229,85.376785
8230,90.40338
8231,93.95821
8232,64.534386
8233,74.911995
8234,74.911995
8235,79.77443
8236,85.376785
8237,90.40338
8238,93.95821
8239,64.534386
8240,74.911995
8241,74.911995
8242,79.77443
8243,85.376785
8244,90.40338
8245,93.95821
8246,64.534386
8247,74.911995
8248,74.911995
8249,79.86816
8250,85.38862
8251,90.415215
8252,94.00892
8253,65.13221
8254,75.35548
8255,75.35548
8256,80.654015
8257,85.837906
8258,90.73851
8259,94.52152
8260,65.13221
8261,75.46876
8262,75.46876
8263,81.172585
8264,86.218735
8265,90.997925
8266,94.747086
8267,65.27204
8268,75.81742
8269,75.81742
8270,81.55341
8271,86.24759
8272,90.997925
8273,94.747086
8274,65.27204
8275,75.81742
8276,75.81742
8277,81.55341
8278,86.24759
8279,90.997925
8280,47.21627
8281,55.61021
8282,54.217056
8283,57.909348
8284,62.783974
8285,67.59338
8286,70.147835
8287,47.21627
8288,54.44815
8289,54.44815
8290,57.909348
8291,63.221725
8292,67.04503
8293,70.36332
8294,47.21627
8295,54.44815
8296,54.44815
8297,57.909348
8298,63.221725
8299,67.04503
8300,70.36332
8301,47.21627
8302,54.44815
8303,54.44815
8304,57.909348
8305,63.221725
8306,67.04503
8307,70.36332
8308,47.21627
8309,54.44815
8310,54.44815
8311,58.24445
8312,63.60968
8313,67.43296
8314,70.750465
8315,47.452778
8316,54.783253
8317,54.783253
8318,58.19414
8319,63.60968
8320,67.43296
8321,70.750465
8322,47.452778
8323,54.783253
8324,54.783253
8325,58.19414
8326,63.60968
8327,67.43296
8328,70.750465
8329,47.452778
8330,54.783253
8331,54.783253
8332,58.19414
8333,63.60968
8334,67.43296
8335,70.750465
8336,47.452778
8337,54.783253
8338,54.783253
8339,58.232788
8340,63.62151
8341,67.44479
8342,70.80117
8343,47.491425
8344,54.8219
8345,54.8219
8346,58.232788
8347,63.62151
8348,67.44479
8349,70.80117
8350,47.491425
8351,54.8219
8352,54.8219
8353,58.232788
8354,63.62151
8355,67.44479
8356,70.80117
8357,47.491425
8358,54.8219
8359,54.8219
8360,58.232788
8361,63.62151
8362,67.44479
8363,70.80117
8364,47.491425
8365,54.8219
8366,54.8219
8367,58.232788
8368,63.62151
8369,67.44479
8370,49.367077
8371,55.155468
8372,55.155468
8373,58.926594
8374,65.01656
8375,69.577736
8376,71.60916
8377,48.35168
8378,55.51943
8379,55.51943
8380,59.275543
8381,64.26432
8382,68.5859
8383,71.942024
8384,48.35168
8385,55.51943
8386,55.51943
8387,60.030895
8388,64.26432
8389,68.37041
8390,71.942024
8391,48.35168
8392,55.51943
8393,55.51943
8394,60.26426
8395,64.26432
8396,68.37041
8397,71.942024
8398,48.35168
8399,55.51943
8400,55.51943
8401,60.652214
8402,64.65225
8403,68.75834
8404,72.32917
8405,48.58819
8406,56.242897
8407,56.242897
8408,61.404457
8409,65.45231
8410,69.501335
8411,72.95445
8412,49.684124
8413,56.430813
8414,56.430813
8415,61.560757
8416,65.788994
8417,69.87018
8418,73.3638
8419,49.74871
8420,56.752354
8421,56.752354
8422,62.02067
8423,66.045006
8424,70.211426
8425,73.705055
8426,50.04044
8427,57.44357
8428,57.44357
8429,62.900486
8430,66.271484
8431,70.79704
8432,74.32954
8433,50.13357
8434,57.943436
8435,57.943436
8436,63.361706
8437,66.732704
8438,70.79704
8439,74.552605
8440,50.13357
8441,57.943436
8442,57.943436
8443,63.361706
8444,66.732704
8445,70.79704
8446,74.552605
8447,50.13357
8448,57.943436
8449,57.943436
8450,63.361706
8451,66.732704
8452,70.79704
8453,74.552605
8454,50.13357
8455,57.943436
8456,57.943436
8457,63.361706
8458,66.732704
8459,70.79704
8460,38.6495
8461,45.03846
8462,44.409187
8463,45.783344
8464,49.024147
8465,52.163548
8466,54.092453
8467,37.879787
8468,43.524017
8469,43.350006
8470,45.957355
8471,49.024147
8472,52.163548
8473,54.60039
8474,37.879787
8475,43.350006
8476,43.350006
8477,46.395603
8478,49.706593
8479,52.70463
8480,55.134518
8481,37.879787
8482,43.350006
8483,43.350006
8484,46.395603
8485,50.062366
8486,53.060402
8487,55.490288
8488,37.879787
8489,43.350006
8490,43.350006
8491,46.65387
8492,50.320633
8493,53.4278
8494,55.856903
8495,38.12841
8496,43.697224
8497,43.697224
8498,46.74282
8499,50.484577
8500,53.757732
8501,56.186836
8502,38.809174
8503,44.681286
8504,44.681286
8505,47.437653
8506,51.3053
8507,54.248524
8508,56.677628
8509,38.809174
8510,44.681286
8511,44.681286
8512,47.87908
8513,51.743618
8514,54.66862
8515,57.097725
8516,39.0559
8517,44.928013
8518,44.996998
8519,48.371857
8520,51.96285
8521,54.88785
8522,57.436554
8523,39.226913
8524,45.035645
8525,45.035645
8526,48.535057
8527,52.226772
8528,55.151775
8529,57.71011
8530,39.974834
8531,45.904015
8532,45.904015
8533,49.676052
8534,52.673416
8535,55.31017
8536,58.44921
8537,40.414238
8538,46.397617
8539,46.397617
8540,50.103302
8541,53.23368
8542,56.117683
8543,59.867294
8544,41.064457
8545,47.11078
8546,47.11078
8547,51.099266
8548,54.105145
8549,56.98915
8550,37.55665
8551,42.85577
8552,43.438957
8553,47.975605
8554,50.393044
8555,53.990257
8556,57.09636
8557,38.6495
8558,44.42302
8559,44.42302
8560,47.620815
8561,51.047035
8562,53.990257
8563,56.420143
8564,38.6495
8565,44.42302
8566,44.42302
8567,47.620815
8568,51.238625
8569,53.990257
8570,56.420143
8571,38.6495
8572,44.42302
8573,44.42302
8574,47.620815
8575,51.238625
8576,53.990257
8577,56.420143
8578,38.6495
8579,44.42302
8580,44.42302
8581,47.87908
8582,51.49689
8583,54.248524
8584,56.677628
8585,38.809174
8586,44.681286
8587,44.928013
8588,48.12581
8589,51.743618
8590,54.66862
8591,57.097725
8592,39.188267
8593,44.996998
8594,44.996998
8595,48.49641
8596,51.95102
8597,54.876022
8598,57.385853
8599,39.188267
8600,44.996998
8601,44.996998
8602,48.49641
8603,51.95102
8604,54.876022
8605,57.385853
8606,39.188267
8607,44.996998
8608,44.996998
8609,48.535057
8610,51.96285
8611,54.88785
8612,57.436554
8613,39.974834
8614,45.730003
8615,45.730003
8616,49.22941
8617,52.226772
8618,55.31017
8619,57.811283
8620,40.321175
8621,46.304554
8622,46.304554
8623,50.06673
8624,53.064095
8625,56.117683
8626,58.67645
8627,40.487133
8628,47.047836
8629,47.047836
8630,51.036324
8631,53.81125
8632,56.695255
8633,59.930237
8634,41.246258
8635,47.755543
8636,47.855656
8637,51.60523
8638,54.205257
8639,57.818737
8640,35.130978
8641,41.02297
8642,41.38739
8643,44.227142
8644,47.7393
8645,49.283318
8646,52.633736
8647,35.70425
8648,41.38739
8649,41.492435
8650,44.227142
8651,47.38451
8652,49.943356
8653,52.922997
8654,35.809296
8655,41.492435
8656,41.492435
8657,44.227142
8658,47.38451
8659,49.943356
8660,52.922997
8661,35.809296
8662,41.492435
8663,41.492435
8664,44.227142
8665,47.38451
8666,49.943356
8667,52.922997
8668,35.809296
8669,41.492435
8670,41.492435
8671,44.48541
8672,47.642776
8673,50.201622
8674,53.551315
8675,35.982826
8676,41.8643
8677,41.8643
8678,44.837044
8679,47.99441
8680,51.21995
8681,54.038708
8682,36.37017
8683,42.388084
8684,42.388084
8685,45.4064
8686,48.563766
8687,51.833088
8688,54.2576
8689,36.80788
8690,42.552334
8691,42.552334
8692,45.74466
8693,49.282413
8694,52.421814
8695,54.857876
8696,37.416344
8697,43.30104
8698,43.30104
8699,46.692516
8700,49.97669
8701,52.974728
8702,55.798473
8703,38.078106
8704,43.73587
8705,43.73587
8706,46.781467
8707,50.496407
8708,53.43963
8709,56.237537
8710,38.84782
8711,44.719933
8712,44.719933
8713,47.4763
8714,51.31713
8715,54.260353
8716,56.72833
8717,39.094547
8718,44.96666
8719,44.96666
8720,48.164455
8721,51.755447
8722,54.68045
8723,57.436554
8724,39.226913
8725,45.035645
8726,45.035645
8727,48.535057
8728,51.96285
8729,54.88785
8730,60.933384
8731,66.92716
8732,67.17113
8733,73.9759
8734,75.0673
8735,81.98503
8736,85.95994
8737,59.171227
8738,66.92716
8739,67.17113
8740,71.987045
8741,76.91563
8742,81.98503
8743,85.61155
8744,58.606373
8745,66.92716
8746,67.17113
8747,71.987045
8748,76.91563
8749,81.98503
8750,85.61155
8751,57.680622
8752,66.92716
8753,67.17113
8754,71.987045
8755,76.91563
8756,81.98503
8757,85.61155
8758,57.021248
8759,66.92716
8760,67.17113
8761,72.3235
8762,77.25208
8763,82.32149
8764,85.94722
8765,57.250084
8766,67.26362
8767,67.50758
8768,72.3235
8769,77.955795
8770,82.32149
8771,85.94722
8772,57.250084
8773,67.50758
8774,67.50758
8775,72.3235
8776,77.955795
8777,82.32149
8778,85.94722
8779,57.250084
8780,67.50758
8781,67.50758
8782,72.3235
8783,77.955795
8784,82.32149
8785,85.94722
8786,57.250084
8787,67.50758
8788,67.50758
8789,72.41723
8790,77.96763
8791,82.33332
8792,85.997925
8793,57.28873
8794,67.60131
8795,67.60131
8796,72.41723
8797,77.96763
8798,82.33332
8799,85.997925
8800,57.28873
8801,67.60131
8802,67.60131
8803,72.41723
8804,77.96763
8805,82.33332
8806,85.997925
8807,57.28873
8808,67.60131
8809,67.60131
8810,72.41723
8811,77.96763
8812,82.33332
8813,85.997925
8814,57.28873
8815,67.60131
8816,67.60131
8817,72.41723
8818,77.96763
8819,82.33332
8820,52.276855
8821,60.282692
8822,59.077328
8823,63.653778
8824,70.869995
8825,74.35679
8826,76.885345
8827,52.659985
8828,61.066563
8829,60.74873
8830,64.687096
8831,69.62181
8832,73.28327
8833,76.5642
8834,52.67119
8835,61.269062
8836,61.269062
8837,64.687096
8838,69.085915
8839,73.0602
8840,76.5642
8841,52.67119
8842,61.269062
8843,61.269062
8844,64.687096
8845,69.085915
8846,73.0602
8847,76.5642
8848,52.67119
8849,61.269062
8850,61.269062
8851,65.02355
8852,69.42237
8853,73.39666
8854,76.89987
8855,52.900024
8856,61.605537
8857,61.605537
8858,65.02355
8859,69.42237
8860,73.39666
8861,76.89987
8862,52.900024
8863,61.605537
8864,61.605537
8865,65.02355
8866,69.42237
8867,73.39666
8868,76.89987
8869,52.900024
8870,61.605537
8871,61.605537
8872,65.02355
8873,69.42237
8874,73.39666
8875,76.89987
8876,52.900024
8877,61.605537
8878,61.605537
8879,65.11728
8880,69.434204
8881,73.40849
8882,76.95058
8883,53.286205
8884,62.10275
8885,62.10275
8886,65.4361
8887,69.9701
8888,74.295555
8889,78.034836
8890,53.286205
8891,62.197628
8892,62.197628
8893,65.4361
8894,69.9701
8895,74.51862
8896,78.29121
8897,53.286205
8898,62.197628
8899,62.197628
8900,65.4361
8901,69.9701
8902,74.51862
8903,78.29121
8904,53.286205
8905,62.197628
8906,62.197628
8907,65.4361
8908,69.9701
8909,74.51862
8910,57.26187
8911,62.075413
8912,65.96328
8913,70.57509
8914,70.83104
8915,77.19197
8916,78.30894
8917,54.289406
8918,63.726665
8919,63.726665
8920,68.04582
8921,70.83104
8922,75.99513
8923,79.67051
8924,53.844868
8925,62.664593
8926,62.664593
8927,66.76828
8928,70.83104
8929,75.73876
8930,79.73528
8931,53.844868
8932,62.664593
8933,62.664593
8934,66.524315
8935,70.83104
8936,75.73876
8937,79.73528
8938,53.844868
8939,62.664593
8940,62.664593
8941,66.86077
8942,71.167496
8943,76.07522
8944,80.07095
8945,54.073704
8946,63.00107
8947,63.00107
8948,66.86077
8949,71.50037
8950,76.07522
8951,80.07095
8952,54.073704
8953,63.00107
8954,63.00107
8955,66.86077
8956,71.50037
8957,76.07522
8958,80.07095
8959,54.073704
8960,63.00107
8961,63.00107
8962,66.86077
8963,71.50037
8964,76.07522
8965,80.07095
8966,54.073704
8967,63.00107
8968,63.00107
8969,66.9545
8970,71.5122
8971,76.08705
8972,80.12166
8973,54.11235
8974,63.094788
8975,63.094788
8976,66.9545
8977,71.5122
8978,76.08705
8979,80.12166
8980,54.11235
8981,63.094788
8982,63.094788
8983,66.9545
8984,71.5122
8985,76.08705
8986,80.12166
8987,54.11235
8988,63.094788
8989,63.094788
8990,66.9545
8991,71.5122
8992,76.08705
8993,80.12166
8994,54.11235
8995,63.094788
8996,63.094788
8997,66.9545
8998,71.5122
8999,76.08705
9000,42.21676
9001,49.731018
9002,47.622192
9003,53.91649
9004,55.57249
9005,59.21743
9006,56.87757
9007,41.692184
9008,48.645794
9009,48.067913
9010,52.07533
9011,54.820515
9012,58.392376
9013,60.05735
9014,41.668182
9015,48.62179
9016,48.62179
9017,52.50368
9018,55.248875
9019,58.894
9020,61.791798
9021,41.7228
9022,48.67641
9023,48.67641
9024,52.534298
9025,55.25379
9026,58.89892
9027,61.860184
9028,41.7228
9029,48.67641
9030,48.67641
9031,52.8694
9032,55.588894
9033,59.699852
9034,62.753338
9035,42.071316
9036,49.87453
9037,49.87453
9038,53.417015
9039,56.809807
9040,60.93126
9041,64.45522
9042,42.740685
9043,50.144047
9044,50.144047
9045,54.03248
9046,57.332687
9047,61.66743
9048,65.378685
9049,43.505
9050,51.15067
9051,51.15067
9052,55.06415
9053,58.24781
9054,62.96354
9055,66.82535
9056,44.225178
9057,52.27569
9058,52.341763
9059,55.448677
9060,59.42379
9061,64.22738
9062,67.47157
9063,44.532673
9064,52.944725
9065,52.944725
9066,56.047485
9067,60.624985
9068,64.62487
9069,68.11302
9070,44.78289
9071,53.543182
9072,53.543182
9073,56.67713
9074,60.55901
9075,64.62487
9076,68.11302
9077,44.78289
9078,53.543182
9079,53.543182
9080,56.67713
9081,60.55901
9082,64.62487
9083,68.11302
9084,44.78289
9085,53.543182
9086,53.543182
9087,56.67713
9088,60.55901
9089,64.62487
9090,60.88273
9091,70.49714
9092,71.01283
9093,78.1969
9094,85.5554
9095,90.42715
9096,97.30323
9097,62.569553
9098,73.26317
9099,73.96837
9100,79.11784
9101,85.077255
9102,90.10385
9103,94.80962
9104,63.608673
9105,73.96837
9106,74.25491
9107,79.4749
9108,85.077255
9109,90.10385
9110,93.86402
9111,64.289635
9112,74.25491
9113,74.612465
9114,79.4749
9115,85.077255
9116,90.10385
9117,93.67471
9118,64.289635
9119,74.612465
9120,74.612465
9121,79.77443
9122,85.376785
9123,90.40338
9124,93.95821
9125,64.534386
9126,74.911995
9127,74.911995
9128,79.77443
9129,85.376785
9130,90.40338
9131,93.95821
9132,64.534386
9133,74.911995
9134,74.911995
9135,79.77443
9136,85.376785
9137,90.40338
9138,93.95821
9139,64.534386
9140,74.911995
9141,74.911995
9142,79.77443
9143,85.376785
9144,90.40338
9145,93.95821
9146,64.534386
9147,74.911995
9148,74.911995
9149,79.86816
9150,85.38862
9151,90.415215
9152,94.00892
9153,65.13221
9154,75.35548
9155,75.35548
9156,80.654015
9157,85.837906
9158,90.73851
9159,94.52152
9160,65.13221
9161,75.46876
9162,75.46876
9163,81.172585
9164,86.218735
9165,90.997925
9166,94.747086
9167,65.27204
9168,75.81742
9169,75.81742
9170,81.55341
9171,86.24759
9172,90.997925
9173,94.747086
9174,65.27204
9175,75.81742
9176,75.81742
9177,81.55341
9178,86.24759
9179,90.997925
9180,61.03981
9181,67.788506
9182,66.78084
9183,71.00768
9184,77.68411
9185,79.559074
9186,87.2178
9187,59.171227
9188,67.17113
9189,66.92716
9190,71.987045
9191,77.61934
9192,81.46646
9193,85.95994
9194,58.606373
9195,67.17113
9196,66.92716
9197,71.987045
9198,77.61934
9199,81.98503
9200,85.61155
9201,57.680622
9202,67.17113
9203,66.92716
9204,71.987045
9205,77.61934
9206,81.98503
9207,85.61155
9208,57.021248
9209,67.17113
9210,66.92716
9211,72.3235
9212,77.955795
9213,82.32149
9214,85.94722
9215,57.250084
9216,67.50758
9217,67.26362
9218,72.3235
9219,77.955795
9220,82.32149
9221,85.94722
9222,57.250084
9223,67.50758
9224,67.50758
9225,72.3235
9226,77.955795
9227,82.32149
9228,85.94722
9229,57.250084
9230,67.50758
9231,67.50758
9232,72.3235
9233,77.955795
9234,82.32149
9235,85.94722
9236,57.250084
9237,67.50758
9238,67.50758
9239,72.41723
9240,77.96763
9241,82.33332
9242,85.997925
9243,57.28873
9244,67.60131
9245,67.60131
9246,72.41723
9247,77.96763
9248,82.33332
9249,85.997925
9250,57.28873
9251,67.60131
9252,67.60131
9253,72.41723
9254,77.96763
9255,82.33332
9256,85.997925
9257,57.28873
9258,67.60131
9259,67.60131
9260,72.41723
9261,77.96763
9262,82.33332
9263,85.997925
9264,57.28873
9265,67.60131
9266,67.60131
9267,72.41723
9268,77.96763
9269,82.33332
9270,54.59587
9271,64.812325
9272,62.664593
9273,66.524315
9274,71.38698
9275,75.73876
9276,79.73528
9277,53.844868
9278,62.664593
9279,62.664593
9280,66.524315
9281,71.16391
9282,75.73876
9283,79.73528
9284,53.844868
9285,62.664593
9286,62.664593
9287,66.524315
9288,71.16391
9289,75.73876
9290,79.73528
9291,53.844868
9292,62.664593
9293,62.664593
9294,66.524315
9295,71.16391
9296,75.73876
9297,79.73528
9298,53.844868
9299,62.664593
9300,62.664593
9301,66.86077
9302,71.50037
9303,76.07522
9304,80.07095
9305,54.073704
9306,63.00107
9307,63.00107
9308,66.86077
9309,71.50037
9310,76.07522
9311,80.07095
9312,54.073704
9313,63.00107
9314,63.00107
9315,66.86077
9316,71.50037
9317,76.07522
9318,80.07095
9319,54.073704
9320,63.00107
9321,63.00107
9322,66.86077
9323,71.50037
9324,76.07522
9325,80.07095
9326,54.073704
9327,63.00107
9328,63.00107
9329,66.9545
9330,71.5122
9331,76.08705
9332,80.12166
9333,54.11235
9334,63.094788
9335,63.094788
9336,66.9545
9337,71.5122
9338,76.08705
9339,80.12166
9340,54.11235
9341,63.094788
9342,63.094788
9343,66.9545
9344,71.5122
9345,76.08705
9346,80.12166
9347,54.11235
9348,63.094788
9349,63.094788
9350,66.9545
9351,71.5122
9352,76.08705
9353,80.12166
9354,54.11235
9355,63.094788
9356,63.094788
9357,66.9545
9358,71.5122
9359,76.08705
9360,36.078934
9361,43.965446
9362,43.216785
9363,46.20622
9364,48.4687
9365,51.57482
9366,52.537033
9367,37.25667
9368,43.042774
9369,43.042774
9370,45.957355
9371,48.63295
9372,52.163548
9373,54.60039
9374,37.55665
9375,43.042774
9376,43.042774
9377,45.957355
9378,49.024147
9379,52.163548
9380,54.60039
9381,37.55665
9382,43.042774
9383,43.042774
9384,45.957355
9385,49.024147
9386,52.163548
9387,54.60039
9388,37.55665
9389,43.042774
9390,43.042774
9391,46.215622
9392,49.282413
9393,52.421814
9394,55.392002
9395,38.03946
9396,43.608273
9397,43.608273
9398,46.65387
9399,50.320633
9400,53.4278
9401,55.856903
9402,38.12841
9403,43.697224
9404,43.697224
9405,46.74282
9406,50.484577
9407,53.757732
9408,56.186836
9409,38.809174
9410,44.681286
9411,44.681286
9412,47.437653
9413,51.3053
9414,54.248524
9415,56.677628
9416,38.809174
9417,44.681286
9418,44.681286
9419,47.91773
9420,51.755447
9421,54.68045
9422,57.148426
9423,39.094547
9424,44.96666
9425,45.035645
9426,48.371857
9427,51.96285
9428,54.88785
9429,57.436554
9430,39.226913
9431,45.035645
9432,45.209656
9433,49.22941
9434,52.226772
9435,55.151775
9436,57.71011
9437,39.974834
9438,45.904015
9439,46.304554
9440,49.676052
9441,52.673416
9442,55.948097
9443,58.44921
9444,40.414238
9445,46.470512
9446,46.470512
9447,50.103302
9448,53.23368
9449,56.632313
9450,34.345924
9451,40.146324
9452,41.38739
9453,44.00945
9454,46.115036
9455,53.26095
9456,49.863155
9457,35.339825
9458,41.38739
9459,41.38739
9460,44.170063
9461,47.241768
9462,50.451294
9463,51.68604
9464,35.70425
9465,41.492435
9466,41.492435
9467,44.227142
9468,47.38451
9469,49.943356
9470,52.633736
9471,35.809296
9472,41.492435
9473,41.492435
9474,44.227142
9475,47.38451
9476,49.943356
9477,52.922997
9478,35.809296
9479,41.492435
9480,41.492435
9481,44.48541
9482,47.642776
9483,50.201622
9484,53.551315
9485,35.982826
9486,41.8643
9487,41.8643
9488,44.837044
9489,47.99441
9490,51.21995
9491,54.038708
9492,36.37017
9493,42.388084
9494,42.388084
9495,45.4064
9496,48.563766
9497,51.833088
9498,54.2576
9499,36.80788
9500,42.552334
9501,42.552334
9502,45.74466
9503,49.282413
9504,52.421814
9505,54.857876
9506,37.416344
9507,43.30104
9508,43.30104
9509,46.692516
9510,49.97669
9511,52.974728
9512,55.798473
9513,38.078106
9514,43.73587
9515,43.73587
9516,46.781467
9517,50.496407
9518,53.43963
9519,56.237537
9520,38.84782
9521,44.719933
9522,44.719933
9523,47.4763
9524,51.31713
9525,54.260353
9526,56.72833
9527,39.094547
9528,44.96666
9529,44.96666
9530,48.164455
9531,51.755447
9532,54.68045
9533,57.436554
9534,39.226913
9535,45.035645
9536,45.035645
9537,48.535057
9538,51.96285
9539,54.88785
9540,33.57906
9541,38.39382
9542,40.429947
9543,41.107586
9544,43.816483
9545,44.418846
9546,47.239964
9547,33.36118
9548,38.66296
9549,38.66296
9550,40.933575
9551,43.653088
9552,44.802322
9553,48.73973
9554,33.36118
9555,38.66296
9556,38.66296
9557,40.933575
9558,43.653088
9559,45.916855
9560,49.240067
9561,33.36118
9562,38.66296
9563,38.66296
9564,40.933575
9565,43.653088
9566,46.342094
9567,49.240067
9568,33.36118
9569,38.66296
9570,38.66296
9571,41.19184
9572,43.911354
9573,46.60036
9574,49.49755
9575,33.52085
9576,38.921227
9577,38.921227
9578,41.19184
9579,43.911354
9580,46.60036
9581,49.49755
9582,33.52085
9583,38.921227
9584,38.921227
9585,41.19184
9586,43.911354
9587,46.60036
9588,49.49755
9589,33.52085
9590,38.921227
9591,38.921227
9592,41.19184
9593,43.911354
9594,46.60036
9595,49.49755
9596,33.52085
9597,38.921227
9598,38.921227
9599,41.230488
9600,43.923183
9601,46.61219
9602,49.548252
9603,33.559498
9604,38.959873
9605,38.959873
9606,41.230488
9607,43.923183
9608,46.61219
9609,49.548252
9610,33.559498
9611,38.959873
9612,38.959873
9613,41.230488
9614,43.923183
9615,46.61219
9616,49.548252
9617,33.559498
9618,38.959873
9619,38.959873
9620,41.230488
9621,43.923183
9622,46.61219
9623,49.548252
9624,33.559498
9625,38.959873
9626,38.959873
9627,41.230488
9628,43.923183
9629,46.61219
9630,60.94929
9631,65.82711
9632,66.679016
9633,69.51073
9634,76.269135
9635,83.06501
9636,82.06527
9637,58.802055
9638,66.478035
9639,66.478035
9640,70.948845
9641,76.269135
9642,81.33854
9643,84.69188
9644,57.31145
9645,66.478035
9646,66.478035
9647,70.948845
9648,76.269135
9649,81.33854
9650,84.69188
9651,56.593246
9652,66.478035
9653,66.478035
9654,70.948845
9655,76.269135
9656,81.33854
9657,84.69188
9658,56.593246
9659,66.478035
9660,66.478035
9661,71.2853
9662,76.60559
9663,81.674995
9664,85.02755
9665,56.880913
9666,66.87333
9667,66.87333
9668,71.67701
9669,76.60559
9670,81.674995
9671,85.02755
9672,56.880913
9673,66.87333
9674,66.87333
9675,71.67701
9676,76.60559
9677,81.674995
9678,85.02755
9679,56.880913
9680,66.87333
9681,66.87333
9682,71.67701
9683,76.60559
9684,81.674995
9685,85.02755
9686,56.880913
9687,66.87333
9688,66.87333
9689,71.77074
9690,76.617424
9691,81.68683
9692,85.078255
9693,56.91956
9694,66.96706
9695,66.96706
9696,71.77074
9697,76.617424
9698,81.68683
9699,85.078255
9700,56.91956
9701,66.96706
9702,66.96706
9703,71.77074
9704,76.617424
9705,81.68683
9706,85.078255
9707,56.91956
9708,66.96706
9709,66.96706
9710,71.77074
9711,76.617424
9712,81.68683
9713,85.078255
9714,56.91956
9715,66.96706
9716,66.96706
9717,71.77074
9718,76.617424
9719,81.68683
9720,53.48783
9721,65.19814
9722,60.282692
9723,62.985714
9724,68.62646
9725,74.67793
9726,76.15468
9727,53.018723
9728,61.36394
9729,61.066563
9730,64.48459
9731,68.87043
9732,73.28327
9733,76.5642
9734,52.67119
9735,61.269062
9736,61.269062
9737,64.687096
9738,68.87043
9739,73.0602
9740,76.5642
9741,52.67119
9742,61.269062
9743,61.269062
9744,64.687096
9745,68.87043
9746,73.0602
9747,76.5642
9748,52.67119
9749,61.269062
9750,61.269062
9751,65.02355
9752,69.20689
9753,73.39666
9754,76.89987
9755,52.900024
9756,61.605537
9757,61.605537
9758,65.02355
9759,69.42237
9760,73.39666
9761,76.89987
9762,52.900024
9763,61.605537
9764,61.605537
9765,65.02355
9766,69.42237
9767,73.39666
9768,76.89987
9769,52.900024
9770,61.605537
9771,61.605537
9772,65.02355
9773,69.42237
9774,73.39666
9775,76.89987
9776,52.900024
9777,61.605537
9778,61.605537
9779,65.11728
9780,69.434204
9781,73.40849
9782,76.95058
9783,53.286205
9784,62.10275
9785,62.10275
9786,65.4361
9787,69.9701
9788,74.295555
9789,78.034836
9790,53.286205
9791,62.197628
9792,62.197628
9793,65.4361
9794,69.9701
9795,74.51862
9796,78.29121
9797,53.286205
9798,62.197628
9799,62.197628
9800,65.4361
9801,69.9701
9802,74.51862
9803,78.29121
9804,53.286205
9805,62.197628
9806,62.197628
9807,65.4361
9808,69.9701
9809,74.51862
9810,57.021248
9811,68.42613
9812,68.92883
9813,70.762596
9814,79.05169
9815,82.7032
9816,88.70019
9817,57.64767
9818,67.818184
9819,67.818184
9820,72.22559
9821,78.25553
9822,82.21666
9823,86.44456
9824,57.021248
9825,67.17113
9826,67.17113
9827,71.987045
9828,77.61934
9829,81.98503
9830,85.95994
9831,57.021248
9832,67.17113
9833,67.17113
9834,71.987045
9835,77.61934
9836,81.98503
9837,85.61155
9838,57.021248
9839,67.17113
9840,67.17113
9841,72.3235
9842,77.955795
9843,82.32149
9844,85.94722
9845,57.250084
9846,67.50758
9847,67.50758
9848,72.3235
9849,77.955795
9850,82.32149
9851,85.94722
9852,57.250084
9853,67.50758
9854,67.50758
9855,72.3235
9856,77.955795
9857,82.32149
9858,85.94722
9859,57.250084
9860,67.50758
9861,67.50758
9862,72.3235
9863,77.955795
9864,82.32149
9865,85.94722
9866,57.250084
9867,67.50758
9868,67.50758
9869,72.41723
9870,77.96763
9871,82.33332
9872,85.997925
9873,57.28873
9874,67.60131
9875,67.60131
9876,72.41723
9877,77.96763
9878,82.33332
9879,85.997925
9880,57.28873
9881,67.60131
9882,67.60131
9883,72.41723
9884,77.96763
9885,82.33332
9886,85.997925
9887,57.28873
9888,67.60131
9889,67.60131
9890,72.41723
9891,77.96763
9892,82.33332
9893,85.997925
9894,57.28873
9895,67.60131
9896,67.60131
9897,72.41723
9898,77.96763
9899,82.33332
9900,44.404892
9901,49.48727
9902,47.520164
9903,51.33599
9904,55.49673
9905,57.471806
9906,61.791798
9907,41.7228
9908,48.645794
9909,48.067913
9910,52.50368
9911,55.248875
9912,58.217785
9913,61.860184
9914,41.7228
9915,48.67641
9916,48.67641
9917,52.534298
9918,55.25379
9919,58.89892
9920,61.860184
9921,41.7228
9922,48.67641
9923,48.67641
9924,52.534298
9925,55.25379
9926,58.89892
9927,61.860184
9928,41.7228
9929,48.67641
9930,48.67641
9931,52.8694
9932,55.588894
9933,59.699852
9934,62.753338
9935,42.071316
9936,49.87453
9937,49.87453
9938,53.417015
9939,56.809807
9940,60.93126
9941,64.45522
9942,42.740685
9943,50.144047
9944,50.144047
9945,54.03248
9946,57.332687
9947,61.66743
9948,65.378685
9949,43.505
9950,51.15067
9951,51.15067
9952,55.06415
9953,58.24781
9954,62.96354
9955,66.82535
9956,44.225178
9957,52.27569
9958,52.341763
9959,55.448677
9960,59.42379
9961,64.22738
9962,67.47157
9963,44.532673
9964,52.944725
9965,52.944725
9966,56.047485
9967,60.624985
9968,64.62487
9969,68.11302
9970,44.78289
9971,53.543182
9972,53.543182
9973,56.67713
9974,60.55901
9975,64.62487
9976,68.11302
9977,44.78289
9978,53.543182
9979,53.543182
9980,56.67713
9981,60.55901
9982,64.62487
9983,68.11302
9984,44.78289
9985,53.543182
9986,53.543182
9987,56.67713
9988,60.55901
9989,64.62487
9990,59.151035
9991,73.929924
9992,71.32529
9993,75.6297
9994,79.21142
9995,89.926605
9996,87.997246
9997,60.88273
9998,71.95499
9999,71.32529
10000,75.6297
10001,81.1062
10002,86.01662
10003,89.56983
10004,60.94787
10005,71.32529
10006,71.32529
10007,75.6297
10008,81.62477
10009,85.74502
10010,89.55843
10011,60.94787
10012,71.32529
10013,71.32529
10014,75.6297
10015,81.62477
10016,85.396645
10017,89.55843
10018,60.94787
10019,71.32529
10020,71.32529
10021,75.92923
10022,81.9243
10023,85.696175
10024,89.841934
10025,61.19263
10026,72.35378
10027,72.35378
10028,76.568756
10029,82.295
10030,86.06687
10031,90.198494
10032,61.89152
10033,72.35378
10034,72.35378
10035,76.568756
10036,82.295
10037,86.415245
10038,90.99627
10039,61.89152
10040,72.35378
10041,72.35378
10042,76.568756
10043,82.295
10044,86.415245
10045,90.99627
10046,61.89152
10047,72.35378
10048,72.35378
10049,76.66248
10050,82.30683
10051,86.42708
10052,91.046974
10053,61.98524
10054,72.44751
10055,72.44751
10056,76.66248
10057,82.30683
10058,86.42708
10059,90.937614
10060,61.98524
10061,72.44751
10062,72.44751
10063,76.66248
10064,82.30683
10065,86.42708
10066,91.046974
10067,61.98524
10068,72.44751
10069,72.44751
10070,76.66248
10071,82.30683
10072,86.42708
10073,90.937614
10074,61.98524
10075,72.44751
10076,72.44751
10077,76.66248
10078,82.30683
10079,86.42708
10080,55.37241
10081,62.6698
10082,66.91273
10083,69.073906
10084,78.058266
10085,76.81785
10086,83.66314
10087,55.37241
10088,64.87766
10089,64.87766
10090,69.533356
10091,74.97386
10092,78.30973
10093,82.563286
10094,55.37241
10095,64.87766
10096,64.87766
10097,69.533356
10098,74.0837
10099,79.09632
10100,82.563286
10101,55.37241
10102,64.87766
10103,64.87766
10104,69.533356
10105,74.0837
10106,79.1611
10107,82.563286
10108,55.37241
10109,64.87766
10110,64.87766
10111,69.86981
10112,74.42016
10113,79.49756
10114,82.89896
10115,55.601246
10116,65.21412
10117,65.21412
10118,69.86981
10119,74.42016
10120,79.49756
10121,82.89896
10122,55.601246
10123,65.21412
10124,65.21412
10125,69.86981
10126,74.42016
10127,79.49756
10128,82.89896
10129,55.601246
10130,65.21412
10131,65.21412
10132,69.86981
10133,74.42016
10134,79.49756
10135,82.89896
10136,55.601246
10137,65.21412
10138,65.21412
10139,69.96354
10140,74.43199
10141,79.50939
10142,82.94966
10143,55.639893
10144,65.307846
10145,65.307846
10146,69.96354
10147,74.43199
10148,79.50939
10149,82.94966
10150,55.639893
10151,65.307846
10152,65.307846
10153,69.96354
10154,74.43199
10155,79.50939
10156,82.94966
10157,55.639893
10158,65.307846
10159,65.307846
10160,69.96354
10161,74.43199
10162,79.50939
10163,82.94966
10164,55.639893
10165,65.307846
10166,65.307846
10167,69.96354
10168,74.43199
10169,79.50939
10170,54.289406
10171,66.26021
10172,60.993305
10173,66.524315
10174,72.17066
10175,75.99513
10176,79.73528
10177,53.844868
10178,62.664593
10179,62.441853
10180,66.524315
10181,71.16391
10182,75.73876
10183,79.73528
10184,53.844868
10185,62.664593
10186,62.664593
10187,66.524315
10188,71.16391
10189,75.73876
10190,79.73528
10191,53.844868
10192,62.664593
10193,62.664593
10194,66.524315
10195,71.16391
10196,75.73876
10197,79.73528
10198,53.844868
10199,62.664593
10200,62.664593
10201,66.86077
10202,71.50037
10203,76.07522
10204,80.07095
10205,54.073704
10206,63.00107
10207,63.00107
10208,66.86077
10209,71.50037
10210,76.07522
10211,80.07095
10212,54.073704
10213,63.00107
10214,63.00107
10215,66.86077
10216,71.50037
10217,76.07522
10218,80.07095
10219,54.073704
10220,63.00107
10221,63.00107
10222,66.86077
10223,71.50037
10224,76.07522
10225,80.07095
10226,54.073704
10227,63.00107
10228,63.00107
10229,66.9545
10230,71.5122
10231,76.08705
10232,80.12166
10233,54.11235
10234,63.094788
10235,63.094788
10236,66.9545
10237,71.5122
10238,76.08705
10239,80.12166
10240,54.11235
10241,63.094788
10242,63.094788
10243,66.9545
10244,71.5122
10245,76.08705
10246,80.12166
10247,54.11235
10248,63.094788
10249,63.094788
10250,66.9545
10251,71.5122
10252,76.08705
10253,80.12166
10254,54.11235
10255,63.094788
10256,63.094788
10257,66.9545
10258,71.5122
10259,76.08705
10260,33.765167
10261,40.752598
10262,40.752598
10263,43.96519
10264,43.653088
10265,46.72733
10266,47.929256
10267,33.80279
10268,39.37036
10269,39.37036
10270,41.5749
10271,43.653088
10272,46.342094
10273,48.73973
10274,33.36118
10275,38.66296
10276,38.66296
10277,40.933575
10278,43.653088
10279,46.342094
10280,49.240067
10281,33.36118
10282,38.66296
10283,38.66296
10284,40.933575
10285,43.653088
10286,46.342094
10287,49.240067
10288,33.36118
10289,38.66296
10290,38.66296
10291,41.19184
10292,43.911354
10293,46.60036
10294,49.49755
10295,33.52085
10296,38.921227
10297,38.921227
10298,41.19184
10299,43.911354
10300,46.60036
10301,49.49755
10302,33.52085
10303,38.921227
10304,38.921227
10305,41.19184
10306,43.911354
10307,46.60036
10308,49.49755
10309,33.52085
10310,38.921227
10311,38.921227
10312,41.19184
10313,43.911354
10314,46.60036
10315,49.49755
10316,33.52085
10317,38.921227
10318,38.921227
10319,41.230488
10320,43.923183
10321,46.61219
10322,49.548252
10323,33.559498
10324,38.959873
10325,38.959873
10326,41.230488
10327,43.923183
10328,46.61219
10329,49.548252
10330,33.559498
10331,38.959873
10332,38.959873
10333,41.230488
10334,43.923183
10335,46.61219
10336,49.548252
10337,33.559498
10338,38.959873
10339,38.959873
10340,41.230488
10341,43.923183
10342,46.61219
10343,49.548252
10344,33.559498
10345,38.959873
10346,38.959873
10347,41.230488
10348,43.923183
10349,46.61219
10350,37.029636
10351,43.609673
10352,43.042774
10353,46.04302
10354,49.215736
10355,50.961685
10356,53.492176
10357,37.55665
10358,43.042774
10359,43.042774
10360,45.957355
10361,49.024147
10362,51.65561
10363,54.60039
10364,37.55665
10365,43.042774
10366,43.042774
10367,45.957355
10368,49.024147
10369,52.163548
10370,54.60039
10371,37.55665
10372,43.042774
10373,43.042774
10374,45.957355
10375,49.024147
10376,52.163548
10377,54.60039
10378,37.55665
10379,43.042774
10380,43.042774
10381,46.215622
10382,49.282413
10383,52.421814
10384,55.392002
10385,38.03946
10386,43.608273
10387,43.608273
10388,46.65387
10389,50.320633
10390,53.4278
10391,55.856903
10392,38.12841
10393,43.697224
10394,43.697224
10395,46.74282
10396,50.484577
10397,53.757732
10398,56.186836
10399,38.809174
10400,44.681286
10401,44.681286
10402,47.437653
10403,51.3053
10404,54.248524
10405,56.677628
10406,38.809174
10407,44.681286
10408,44.681286
10409,47.91773
10410,51.755447
10411,54.68045
10412,57.148426
10413,39.094547
10414,44.96666
10415,45.035645
10416,48.371857
10417,51.96285
10418,54.88785
10419,57.436554
10420,39.226913
10421,45.035645
10422,45.209656
10423,49.22941
10424,52.226772
10425,55.151775
10426,57.71011
10427,39.974834
10428,45.904015
10429,46.304554
10430,49.676052
10431,52.673416
10432,55.948097
10433,58.44921
10434,40.414238
10435,46.470512
10436,46.470512
10437,50.103302
10438,53.23368
10439,56.632313
10440,33.80279
10441,39.566536
10442,39.566536
10443,42.63448
10444,43.653088
10445,45.916855
10446,49.992073
10447,33.80279
10448,39.37036
10449,39.37036
10450,41.5749
10451,43.763435
10452,46.53969
10453,49.992073
10454,33.80279
10455,39.37036
10456,39.37036
10457,41.5749
10458,44.294415
10459,46.988045
10460,49.992073
10461,33.80279
10462,39.37036
10463,39.37036
10464,41.5749
10465,44.294415
10466,46.988045
10467,49.992073
10468,33.80279
10469,39.37036
10470,39.37036
10471,41.833168
10472,44.55268
10473,47.24631
10474,50.249557
10475,33.962463
10476,39.628628
10477,39.628628
10478,41.833168
10479,44.55268
10480,47.631546
10481,50.249557
10482,33.962463
10483,39.628628
10484,39.628628
10485,41.833168
10486,44.55268
10487,47.631546
10488,50.249557
10489,33.962463
10490,39.628628
10491,39.628628
10492,41.833168
10493,44.55268
10494,47.631546
10495,50.249557
10496,33.962463
10497,39.628628
10498,39.628628
10499,41.871815
10500,44.56451
10501,47.643375
10502,50.30026
10503,34.00111
10504,39.667274
10505,39.667274
10506,41.871815
10507,44.56451
10508,47.643375
10509,50.30026
10510,34.21899
10511,39.667274
10512,39.667274
10513,41.871815
10514,44.56451
10515,47.643375
10516,50.30026
10517,34.21899
10518,39.667274
10519,39.667274
10520,41.871815
10521,44.56451
10522,47.643375
10523,50.30026
10524,34.21899
10525,39.667274
10526,39.667274
10527,41.871815
10528,44.56451
10529,47.643375
10530,57.021248
10531,69.4606
10532,66.478035
10533,70.1161
10534,80.18329
10535,83.06501
10536,81.7324
10537,57.021248
10538,67.77907
10539,66.53687
10540,71.00768
10541,78.20268
10542,81.33854
10543,84.69188
10544,56.652077
10545,66.78084
10546,66.53687
10547,71.34055
10548,76.97284
10549,81.33854
10550,84.69188
10551,56.652077
10552,66.53687
10553,66.53687
10554,71.34055
10555,76.269135
10556,81.33854
10557,84.69188
10558,56.593246
10559,66.478035
10560,66.478035
10561,71.61817
10562,76.60559
10563,81.674995
10564,85.02755
10565,56.880913
10566,66.87333
10567,66.87333
10568,71.67701
10569,76.60559
10570,81.674995
10571,85.02755
10572,56.880913
10573,66.87333
10574,66.87333
10575,71.67701
10576,76.60559
10577,81.674995
10578,85.02755
10579,56.880913
10580,66.87333
10581,66.87333
10582,71.67701
10583,76.60559
10584,81.674995
10585,85.02755
10586,56.880913
10587,66.87333
10588,66.87333
10589,71.77074
10590,76.617424
10591,81.68683
10592,85.078255
10593,56.91956
10594,66.96706
10595,66.96706
10596,71.77074
10597,76.617424
10598,81.68683
10599,85.078255
10600,56.91956
10601,66.96706
10602,66.96706
10603,71.77074
10604,76.617424
10605,81.68683
10606,85.078255
10607,56.91956
10608,66.96706
10609,66.96706
10610,71.77074
10611,76.617424
10612,81.68683
10613,85.078255
10614,56.91956
10615,66.96706
10616,66.96706
10617,71.77074
10618,76.617424
10619,81.68683
10620,49.803932
10621,57.717495
10622,55.98722
10623,61.15919
10624,62.389317
10625,69.81512
10626,72.37793
10627,49.367077
10628,55.98722
10629,55.907795
10630,61.016502
10631,65.01656
10632,69.328896
10633,72.56731
10634,49.367077
10635,55.98722
10636,55.98722
10637,61.064312
10638,65.06438
10639,69.328896
10640,72.56731
10641,49.367077
10642,55.98722
10643,55.98722
10644,61.064312
10645,65.06438
10646,69.328896
10647,72.56731
10648,49.367077
10649,55.98722
10650,55.98722
10651,61.452267
10652,65.45231
10653,69.87018
10654,73.3638
10655,49.684124
10656,56.430813
10657,56.430813
10658,61.560757
10659,65.788994
10660,70.211426
10661,73.705055
10662,49.74871
10663,56.752354
10664,56.752354
10665,62.02067
10666,66.045006
10667,70.42607
10668,73.91969
10669,50.04044
10670,57.44357
10671,57.44357
10672,62.806767
10673,66.72087
10674,70.78521
10675,74.27883
10676,50.094925
10677,57.90479
10678,57.90479
10679,63.361706
10680,66.732704
10681,70.79704
10682,74.552605
10683,50.13357
10684,57.943436
10685,57.943436
10686,63.361706
10687,66.732704
10688,70.79704
10689,74.552605
10690,50.13357
10691,57.943436
10692,57.943436
10693,63.361706
10694,66.732704
10695,70.79704
10696,74.552605
10697,50.13357
10698,57.943436
10699,57.943436
10700,63.361706
10701,66.732704
10702,70.79704
10703,74.552605
10704,50.13357
10705,57.943436
10706,57.943436
10707,63.361706
10708,66.732704
10709,70.79704
10710,54.289406
10711,65.18571
10712,64.57048
10713,70.489395
10714,76.72918
10715,81.98503
10716,88.354324
10717,56.593246
10718,66.478035
10719,66.53687
10720,71.654175
10721,76.91563
10722,81.98503
10723,85.94854
10724,56.652077
10725,66.53687
10726,66.53687
10727,71.34055
10728,76.269135
10729,81.33854
10730,84.69188
10731,56.593246
10732,66.478035
10733,66.478035
10734,71.281715
10735,76.269135
10736,81.33854
10737,84.69188
10738,56.593246
10739,66.478035
10740,66.478035
10741,71.61817
10742,76.60559
10743,81.674995
10744,85.02755
10745,56.880913
10746,66.87333
10747,66.87333
10748,71.67701
10749,76.60559
10750,81.674995
10751,85.02755
10752,56.880913
10753,66.87333
10754,66.87333
10755,71.67701
10756,76.60559
10757,81.674995
10758,85.02755
10759,56.880913
10760,66.87333
10761,66.87333
10762,71.67701
10763,76.60559
10764,81.674995
10765,85.02755
10766,56.880913
10767,66.87333
10768,66.87333
10769,71.77074
10770,76.617424
10771,81.68683
10772,85.078255
10773,56.91956
10774,66.96706
10775,66.96706
10776,71.77074
10777,76.617424
10778,81.68683
10779,85.078255
10780,56.91956
10781,66.96706
10782,66.96706
10783,71.77074
10784,76.617424
10785,81.68683
10786,85.078255
10787,56.91956
10788,66.96706
10789,66.96706
10790,71.77074
10791,76.617424
10792,81.68683
10793,85.078255
10794,56.91956
10795,66.96706
10796,66.96706
10797,71.77074
10798,76.617424
10799,81.68683
10800,49.858418
10801,59.363018
10802,58.157654
10803,64.25896
10804,68.25347
10805,70.88992
10806,75.18483
10807,51.37053
10808,59.193893
10809,58.45856
10810,63.319313
10811,67.46026
10812,71.34796
10813,75.18483
10814,51.37053
10815,59.193893
10816,58.45856
10817,63.319313
10818,67.46026
10819,71.68083
10820,75.18483
10821,51.37053
10822,59.193893
10823,58.45856
10824,63.319313
10825,67.46026
10826,71.68083
10827,75.18483
10828,51.37053
10829,59.193893
10830,58.45856
10831,63.707268
10832,67.84819
10833,72.06876
10834,75.571976
10835,51.585938
10836,59.642635
10837,58.907303
10838,63.95212
10839,68.09305
10840,72.19848
10841,75.70169
10842,51.97856
10843,60.09746
10844,59.36212
10845,64.40696
10846,68.73287
10847,72.425865
10848,75.92908
10849,51.97856
10850,60.670647
10851,60.41173
10852,64.40292
10853,68.728836
10854,72.837204
10855,76.340416
10856,52.513363
10857,60.984917
10858,61.403038
10859,64.91477
10860,69.1588
10861,73.40849
10862,76.95058
10863,52.93867
10864,61.699257
10865,61.699257
10866,65.11728
10867,69.434204
10868,74.295555
10869,78.034836
10870,53.286205
10871,62.10275
10872,62.10275
10873,65.4361
10874,69.9701
10875,74.51862
10876,78.29121
10877,53.286205
10878,62.197628
10879,62.197628
10880,65.4361
10881,69.9701
10882,74.51862
10883,78.29121
10884,53.286205
10885,62.197628
10886,62.197628
10887,65.4361
10888,69.9701
10889,74.51862
10890,75.99646
10891,87.23678
10892,81.026306
10893,94.13877
10894,101.18907
10895,103.81827
10896,108.95642
10897,75.00918
10898,85.775055
10899,84.988205
10900,93.89162
10901,99.68895
10902,103.81827
10903,108.54344
10904,75.00918
10905,85.31004
10906,85.31004
10907,93.136215
10908,98.59761
10909,103.55326
10910,108.278435
10911,74.2806
10912,84.988205
10913,84.988205
10914,92.23311
10915,98.07326
10916,103.55326
10917,108.278435
10918,73.83416
10919,84.5508
10920,84.5508
10921,91.91891
10922,97.759056
10923,103.23906
10924,107.96423
10925,72.633
10926,84.709236
10927,84.709236
10928,91.174095
10929,97.759056
10930,103.23906
10931,107.96423
10932,72.633
10933,84.709236
10934,84.709236
10935,91.174095
10936,97.759056
10937,103.23906
10938,107.96423
10939,72.633
10940,84.709236
10941,84.709236
10942,91.174095
10943,97.759056
10944,103.23906
10945,107.96423
10946,72.633
10947,84.709236
10948,84.709236
10949,91.26782
10950,97.77089
10951,103.25089
10952,108.01494
10953,72.72673
10954,84.80296
10955,84.80296
10956,91.26782
10957,97.77089
10958,103.25089
10959,108.01494
10960,72.72673
10961,84.80296
10962,84.80296
10963,91.26782
10964,97.77089
10965,103.25089
10966,108.01494
10967,72.72673
10968,84.80296
10969,84.80296
10970,91.26782
10971,97.77089
10972,103.25089
10973,108.01494
10974,72.72673
10975,84.80296
10976,84.80296
10977,91.26782
10978,97.77089
10979,103.25089
10980,69.56827
10981,81.65942
10982,80.80415
10983,83.446365
10984,89.56698
10985,97.79076
10986,99.82313
10987,69.08629
10988,80.33914
10989,80.33914
10990,84.54582
10991,89.89403
10992,96.23854
10993,100.34748
10994,69.08629
10995,80.33914
10996,80.33914
10997,84.54582
10998,89.89403
10999,96.20304
11000,100.34748
11001,69.08629
11002,80.33914
11003,80.33914
11004,84.54582
11005,89.89403
11006,96.20304
11007,100.34748
11008,69.08629
11009,80.33914
11010,80.33914
11011,84.75769
11012,90.105896
11013,96.41491
11014,100.50592
11015,69.24338
11016,80.55101
11017,80.55101
11018,84.75769
11019,90.985435
11020,97.25454
11021,101.34555
11022,69.72536
11023,81.40627
11024,81.40627
11025,85.61296
11026,92.305046
11027,97.776024
11028,102.27319
11029,70.171844
11030,81.98168
11031,81.98168
11032,86.67168
11033,93.41432
11034,98.15427
11035,102.711975
11036,70.7476
11037,82.36359
11038,82.36359
11039,87.76354
11040,93.426155
11041,98.1661
11042,102.76268
11043,70.841324
11044,82.45731
11045,82.45731
11046,87.76354
11047,93.426155
11048,98.1661
11049,102.76268
11050,70.841324
11051,82.45731
11052,82.45731
11053,87.76354
11054,93.426155
11055,98.1661
11056,102.76268
11057,70.841324
11058,82.45731
11059,82.45731
11060,87.76354
11061,93.426155
11062,98.1661
11063,102.76268
11064,70.841324
11065,82.45731
11066,82.45731
11067,87.76354
11068,93.426155
11069,98.1661
11070,68.63691
11071,77.082344
11072,79.675026
11073,82.91899
11074,87.05878
11075,97.07817
11076,102.65309
11077,68.506165
11078,79.239685
11079,79.59674
11080,84.32199
11081,89.56698
11082,96.23854
11083,100.856636
11084,68.729996
11085,79.82057
11086,79.82057
11087,84.54582
11088,89.89403
11089,96.20304
11090,100.34748
11091,68.729996
11092,79.82057
11093,79.82057
11094,84.54582
11095,89.89403
11096,96.20304
11097,100.34748
11098,68.729996
11099,79.82057
11100,79.82057
11101,84.75769
11102,90.105896
11103,96.41491
11104,100.50592
11105,68.887085
11106,80.03244
11107,80.03244
11108,84.75769
11109,90.985435
11110,96.41491
11111,100.50592
11112,68.887085
11113,80.55101
11114,80.55101
11115,84.75769
11116,90.985435
11117,96.41491
11118,100.50592
11119,68.887085
11120,80.55101
11121,80.55101
11122,84.75769
11123,90.985435
11124,96.41491
11125,100.50592
11126,68.887085
11127,80.55101
11128,80.55101
11129,84.85142
11130,90.99727
11131,96.42674
11132,100.556625
11133,68.98081
11134,80.64474
11135,81.5
11136,85.70669
11137,92.31688
11138,97.26637
11139,101.396255
11140,69.46278
11141,82.07541
11142,82.07541
11143,86.7654
11144,93.04085
11145,97.78786
11146,102.3239
11147,70.841324
11148,82.45731
11149,82.45731
11150,87.76354
11151,93.426155
11152,98.1661
11153,102.76268
11154,70.841324
11155,82.45731
11156,82.45731
11157,87.76354
11158,93.426155
11159,98.1661
11160,42.354675
11161,50.48272
11162,48.837383
11163,51.52758
11164,53.758213
11165,56.64222
11166,60.05735
11167,41.668182
11168,48.62179
11169,48.074043
11170,51.52758
11171,54.5878
11172,57.471806
11173,61.31368
11174,41.668182
11175,48.62179
11176,48.62179
11177,52.07533
11178,55.248875
11179,58.217785
11180,61.791798
11181,41.7228
11182,48.67641
11183,48.67641
11184,52.534298
11185,55.25379
11186,58.89892
11187,61.860184
11188,41.7228
11189,48.67641
11190,48.67641
11191,52.8694
11192,55.588894
11193,59.699852
11194,62.753338
11195,42.071316
11196,49.87453
11197,49.87453
11198,53.417015
11199,56.809807
11200,60.93126
11201,64.45522
11202,42.740685
11203,50.144047
11204,50.144047
11205,54.03248
11206,57.332687
11207,61.66743
11208,65.378685
11209,43.505
11210,51.15067
11211,51.15067
11212,55.06415
11213,58.24781
11214,62.96354
11215,66.82535
11216,44.225178
11217,52.27569
11218,52.341763
11219,55.448677
11220,59.42379
11221,64.22738
11222,67.47157
11223,44.532673
11224,52.944725
11225,52.944725
11226,56.047485
11227,60.624985
11228,64.62487
11229,68.11302
11230,44.78289
11231,53.543182
11232,53.543182
11233,56.67713
11234,60.55901
11235,64.62487
11236,68.11302
11237,44.78289
11238,53.543182
11239,53.543182
11240,56.67713
11241,60.55901
11242,64.62487
11243,68.11302
11244,44.78289
11245,53.543182
11246,53.543182
11247,56.67713
11248,60.55901
11249,64.62487
11250,45.72343
11251,54.44815
11252,55.61021
11253,57.981205
11254,61.779034
11255,65.40717
11256,68.73421
11257,46.985176
11258,54.217056
11259,54.217056
11260,57.678253
11261,62.07891
11262,66.34723
11263,69.69399
11264,47.21627
11265,54.44815
11266,54.44815
11267,57.909348
11268,63.221725
11269,66.80106
11270,70.36332
11271,47.21627
11272,54.44815
11273,54.44815
11274,57.909348
11275,63.221725
11276,66.80106
11277,70.36332
11278,47.21627
11279,54.44815
11280,54.44815
11281,58.24445
11282,63.60968
11283,67.188995
11284,70.750465
11285,47.452778
11286,54.783253
11287,54.783253
11288,58.19414
11289,63.60968
11290,67.43296
11291,70.750465
11292,47.452778
11293,54.783253
11294,54.783253
11295,58.19414
11296,63.60968
11297,67.43296
11298,70.750465
11299,47.452778
11300,54.783253
11301,54.783253
11302,58.19414
11303,63.60968
11304,67.43296
11305,70.750465
11306,47.452778
11307,54.783253
11308,54.783253
11309,58.232788
11310,63.62151
11311,67.44479
11312,70.80117
11313,47.491425
11314,54.8219
11315,54.8219
11316,58.232788
11317,63.62151
11318,67.44479
11319,70.80117
11320,47.491425
11321,54.8219
11322,54.8219
11323,58.232788
11324,63.62151
11325,67.44479
11326,70.80117
11327,47.491425
11328,54.8219
11329,54.8219
11330,58.232788
11331,63.62151
11332,67.44479
11333,70.80117
11334,47.491425
11335,54.8219
11336,54.8219
11337,58.232788
11338,63.62151
11339,67.44479
11340,40.971104
11341,47.923927
11342,47.019176
11343,48.932495
11344,51.530266
11345,56.28538
11346,59.330776
11347,40.789303
11348,47.115517
11349,47.115517
11350,50.662575
11351,53.401375
11352,56.348324
11353,59.78957
11354,40.971104
11355,47.381794
11356,47.381794
11357,50.939777
11358,53.758213
11359,56.64222
11360,60.035416
11361,40.96915
11362,47.481907
11363,47.481907
11364,51.03989
11365,53.858326
11366,56.742332
11367,60.094376
11368,40.96915
11369,47.481907
11370,47.481907
11371,51.56658
11372,54.193428
11373,57.077435
11374,60.48155
11375,41.205658
11376,47.855267
11377,47.855267
11378,51.862682
11379,54.9229
11380,57.806908
11381,61.21102
11382,41.90469
11383,48.403015
11384,48.403015
11385,52.838783
11386,55.583977
11387,58.557804
11388,62.247356
11389,41.95931
11390,49.011513
11391,49.126614
11392,53.051353
11393,56.05472
11394,60.06551
11395,63.775475
11396,42.591183
11397,50.008995
11398,50.008995
11399,53.845085
11400,56.821636
11401,61.26225
11402,64.83493
11403,43.231533
11404,50.790504
11405,50.790504
11406,54.647293
11407,57.74333
11408,61.921402
11409,65.67154
11410,43.657566
11411,51.516487
11412,51.516487
11413,55.382603
11414,58.6815
11415,62.97537
11416,66.87605
11417,44.24197
11418,52.38041
11419,52.38041
11420,55.448677
11421,59.42379
11422,64.22738
11423,67.47157
11424,44.532673
11425,52.944725
11426,52.944725
11427,56.047485
11428,60.624985
11429,64.62487
11430,69.21197
11431,84.76292
11432,80.14004
11433,84.91847
11434,87.0731
11435,93.35282
11436,95.77184
11437,68.86246
11438,80.11531
11439,79.675026
11440,83.43756
11441,88.54113
11442,94.33187
11443,98.62698
11444,68.06588
11445,79.675026
11446,79.156456
11447,83.43756
11448,89.2311
11449,94.60151
11450,98.61786
11451,68.06588
11452,79.156456
11453,79.156456
11454,83.43756
11455,89.10969
11456,94.60151
11457,98.61786
11458,68.06588
11459,79.156456
11460,79.156456
11461,83.64943
11462,89.321556
11463,94.81338
11464,98.7763
11465,68.22297
11466,79.368324
11467,79.368324
11468,83.64943
11469,89.321556
11470,94.81338
11471,98.7763
11472,68.22297
11473,79.368324
11474,79.368324
11475,83.64943
11476,89.321556
11477,94.81338
11478,98.7763
11479,68.22297
11480,79.368324
11481,79.368324
11482,83.64943
11483,89.321556
11484,94.81338
11485,98.7763
11486,68.22297
11487,79.368324
11488,79.368324
11489,83.74316
11490,89.33339
11491,94.82521
11492,98.827
11493,68.316696
11494,79.46205
11495,79.46205
11496,83.74316
11497,89.33339
11498,94.82521
11499,98.827
11500,68.316696
11501,79.46205
11502,79.46205
11503,83.74316
11504,89.33339
11505,94.82521
11506,98.827
11507,68.316696
11508,79.46205
11509,79.46205
11510,83.74316
11511,89.33339
11512,94.82521
11513,98.827
11514,68.316696
11515,79.46205
11516,79.46205
11517,83.74316
11518,89.33339
11519,94.82521
11520,57.64767
11521,68.42613
11522,68.65985
11523,73.9759
11524,75.0673
11525,81.98503
11526,86.44456
11527,57.021248
11528,67.17113
11529,67.17113
11530,71.987045
11531,76.269135
11532,81.98503
11533,85.95994
11534,57.021248
11535,67.17113
11536,67.17113
11537,71.987045
11538,76.91563
11539,81.98503
11540,85.61155
11541,57.021248
11542,67.17113
11543,67.17113
11544,71.987045
11545,76.91563
11546,81.98503
11547,85.61155
11548,57.021248
11549,67.17113
11550,67.17113
11551,72.3235
11552,77.25208
11553,82.32149
11554,85.94722
11555,57.250084
11556,67.50758
11557,67.50758
11558,72.3235
11559,77.955795
11560,82.32149
11561,85.94722
11562,57.250084
11563,67.50758
11564,67.50758
11565,72.3235
11566,77.955795
11567,82.32149
11568,85.94722
11569,57.250084
11570,67.50758
11571,67.50758
11572,72.3235
11573,77.955795
11574,82.32149
11575,85.94722
11576,57.250084
11577,67.50758
11578,67.50758
11579,72.41723
11580,77.96763
11581,82.33332
11582,85.997925
11583,57.28873
11584,67.60131
11585,67.60131
11586,72.41723
11587,77.96763
11588,82.33332
11589,85.997925
11590,57.28873
11591,67.60131
11592,67.60131
11593,72.41723
11594,77.96763
11595,82.33332
11596,85.997925
11597,57.28873
11598,67.60131
11599,67.60131
11600,72.41723
11601,77.96763
11602,82.33332
11603,85.997925
11604,57.28873
11605,67.60131
11606,67.60131
11607,72.41723
11608,77.96763
11609,82.33332
11610,62.91138
11611,76.99413
11612,76.12517
11613,78.232285
11614,85.00701
11615,88.56178
11616,95.27368
11617,64.289635
11618,75.0755
11619,74.725746
11620,79.11784
11621,85.077255
11622,89.73706
11623,94.67564
11624,64.289635
11625,74.725746
11626,74.612465
11627,79.4749
11628,85.077255
11629,89.73706
11630,93.86402
11631,64.289635
11632,74.612465
11633,74.612465
11634,79.4749
11635,85.077255
11636,89.73706
11637,93.67471
11638,64.289635
11639,74.612465
11640,74.612465
11641,79.77443
11642,85.376785
11643,90.03659
11644,93.95821
11645,64.534386
11646,74.911995
11647,74.911995
11648,79.77443
11649,85.376785
11650,90.40338
11651,93.95821
11652,64.534386
11653,74.911995
11654,74.911995
11655,79.77443
11656,85.376785
11657,90.40338
11658,93.95821
11659,64.534386
11660,74.911995
11661,74.911995
11662,79.77443
11663,85.376785
11664,90.40338
11665,93.95821
11666,64.534386
11667,74.911995
11668,74.911995
11669,79.86816
11670,85.38862
11671,90.415215
11672,94.00892
11673,65.13221
11674,75.35548
11675,75.35548
11676,80.654015
11677,85.837906
11678,90.73851
11679,94.52152
11680,65.13221
11681,75.46876
11682,75.46876
11683,81.172585
11684,86.218735
11685,90.997925
11686,94.747086
11687,65.27204
11688,75.81742
11689,75.81742
11690,81.55341
11691,86.24759
11692,90.997925
11693,94.747086
11694,65.27204
11695,75.81742
11696,75.81742
11697,81.55341
11698,86.24759
11699,90.997925
11700,37.879787
11701,43.042774
11702,43.042774
11703,46.397808
11704,48.210075
11705,52.70463
11706,54.60039
11707,37.55665
11708,43.042774
11709,43.042774
11710,45.957355
11711,49.024147
11712,52.163548
11713,54.60039
11714,37.55665
11715,43.042774
11716,43.042774
11717,45.957355
11718,49.024147
11719,52.163548
11720,54.60039
11721,37.55665
11722,43.042774
11723,43.042774
11724,45.957355
11725,49.024147
11726,52.163548
11727,54.60039
11728,37.55665
11729,43.042774
11730,43.042774
11731,46.215622
11732,49.282413
11733,52.421814
11734,55.392002
11735,38.03946
11736,43.608273
11737,43.608273
11738,46.65387
11739,50.320633
11740,53.4278
11741,55.856903
11742,38.12841
11743,43.697224
11744,43.697224
11745,46.74282
11746,50.484577
11747,53.757732
11748,56.186836
11749,38.809174
11750,44.681286
11751,44.681286
11752,47.437653
11753,51.3053
11754,54.248524
11755,56.677628
11756,38.809174
11757,44.681286
11758,44.681286
11759,47.91773
11760,51.755447
11761,54.68045
11762,57.148426
11763,39.094547
11764,44.96666
11765,45.035645
11766,48.371857
11767,51.96285
11768,54.88785
11769,57.436554
11770,39.226913
11771,45.035645
11772,45.209656
11773,49.22941
11774,52.226772
11775,55.151775
11776,57.71011
11777,39.974834
11778,45.904015
11779,46.304554
11780,49.676052
11781,52.673416
11782,55.948097
11783,58.44921
11784,40.414238
11785,46.470512
11786,46.470512
11787,50.103302
11788,53.23368
11789,56.632313
11790,49.512203
11791,56.09571
11792,57.569687
11793,63.67235
11794,66.73778
11795,65.489456
11796,73.72743
11797,49.447617
11798,56.09571
11799,56.09571
11800,61.26768
11801,65.06438
11802,68.56235
11803,72.976654
11804,49.367077
11805,55.98722
11806,55.98722
11807,61.064312
11808,65.06438
11809,69.1134
11810,72.56731
11811,49.367077
11812,55.98722
11813,55.98722
11814,61.064312
11815,65.06438
11816,69.328896
11817,72.56731
11818,49.367077
11819,55.98722
11820,55.98722
11821,61.452267
11822,65.45231
11823,69.87018
11824,73.3638
11825,49.684124
11826,56.430813
11827,56.430813
11828,61.560757
11829,65.788994
11830,70.211426
11831,73.705055
11832,49.74871
11833,56.752354
11834,56.752354
11835,62.02067
11836,66.045006
11837,70.42607
11838,73.91969
11839,50.04044
11840,57.44357
11841,57.44357
11842,62.806767
11843,66.72087
11844,70.78521
11845,74.27883
11846,50.094925
11847,57.90479
11848,57.90479
11849,63.361706
11850,66.732704
11851,70.79704
11852,74.552605
11853,50.13357
11854,57.943436
11855,57.943436
11856,63.361706
11857,66.732704
11858,70.79704
11859,74.552605
11860,50.13357
11861,57.943436
11862,57.943436
11863,63.361706
11864,66.732704
11865,70.79704
11866,74.552605
11867,50.13357
11868,57.943436
11869,57.943436
11870,63.361706
11871,66.732704
11872,70.79704
11873,74.552605
11874,50.13357
11875,57.943436
11876,57.943436
11877,63.361706
11878,66.732704
11879,70.79704
11880,45.942554
11881,53.169434
11882,51.808525
11883,57.909348
11884,61.783497
11885,68.636856
11886,70.69619
11887,46.985176
11888,54.217056
11889,54.44815
11890,57.909348
11891,62.783974
11892,67.04503
11893,70.36332
11894,47.21627
11895,54.44815
11896,54.44815
11897,57.909348
11898,63.221725
11899,67.04503
11900,70.36332
11901,47.21627
11902,54.44815
11903,54.44815
11904,57.909348
11905,63.221725
11906,67.04503
11907,70.36332
11908,47.21627
11909,54.44815
11910,54.44815
11911,58.24445
11912,63.60968
11913,67.43296
11914,70.750465
11915,47.452778
11916,54.783253
11917,54.783253
11918,58.19414
11919,63.60968
11920,67.43296
11921,70.750465
11922,47.452778
11923,54.783253
11924,54.783253
11925,58.19414
11926,63.60968
11927,67.43296
11928,70.750465
11929,47.452778
11930,54.783253
11931,54.783253
11932,58.19414
11933,63.60968
11934,67.43296
11935,70.750465
11936,47.452778
11937,54.783253
11938,54.783253
11939,58.232788
11940,63.62151
11941,67.44479
11942,70.80117
11943,47.491425
11944,54.8219
11945,54.8219
11946,58.232788
11947,63.62151
11948,67.44479
11949,70.80117
11950,47.491425
11951,54.8219
11952,54.8219
11953,58.232788
11954,63.62151
11955,67.44479
11956,70.80117
11957,47.491425
11958,54.8219
11959,54.8219
11960,58.232788
11961,63.62151
11962,67.44479
11963,70.80117
11964,47.491425
11965,54.8219
11966,54.8219
11967,58.232788
11968,63.62151
11969,67.44479
11970,42.354675
11971,50.608345
11972,49.865482
11973,53.606094
11974,55.248875
11975,58.688534
11976,64.06808
11977,42.354675
11978,49.673893
11979,49.673893
11980,53.471336
11981,56.474705
11982,60.351803
11983,64.06808
11984,42.354675
11985,49.673893
11986,49.673893
11987,53.471336
11988,56.474705
11989,60.477325
11990,64.06808
11991,42.354675
11992,49.673893
11993,49.673893
11994,53.471336
11995,56.474705
11996,60.477325
11997,64.06808
11998,42.354675
11999,49.673893
12000,49.673893
12001,53.80644
12002,56.809807
12003,60.86528
12004,64.784225
12005,42.740685
12006,50.144047
12007,50.144047
12008,54.209835
12009,57.332687
12010,61.66743
12011,65.620834
12012,43.505
12013,51.15067
12014,51.15067
12015,55.06415
12016,58.24781
12017,62.96354
12018,66.82535
12019,44.225178
12020,52.27569
12021,52.341763
12022,55.41003
12023,59.41196
12024,64.215546
12025,67.42087
12026,44.494026
12027,52.90608
12028,52.90608
12029,56.047485
12030,60.624985
12031,64.62487
12032,68.11302
12033,44.78289
12034,53.543182
12035,53.543182
12036,56.67713
12037,60.55901
12038,64.62487
12039,68.11302
12040,44.78289
12041,53.543182
12042,53.543182
12043,56.67713
12044,60.55901
12045,64.62487
12046,68.11302
12047,44.78289
12048,53.543182
12049,53.543182
12050,56.67713
12051,60.55901
12052,64.62487
12053,68.11302
12054,44.78289
12055,53.543182
12056,53.543182
12057,56.67713
12058,60.55901
12059,64.62487
12060,35.86826
12061,43.65723
12062,41.223297
12063,46.20622
12064,48.4687
12065,51.066883
12066,54.000114
12067,36.421173
12068,42.294067
12069,42.129818
12070,45.486393
12071,48.4687
12072,51.57482
12073,54.000114
12074,36.64821
12075,42.294067
12076,42.294067
12077,45.486393
12078,48.63295
12079,51.57482
12080,54.000114
12081,36.64821
12082,42.294067
12083,42.294067
12084,45.486393
12085,48.63295
12086,51.57482
12087,54.000114
12088,36.64821
12089,42.294067
12090,42.294067
12091,45.74466
12092,48.891216
12093,51.833088
12094,54.2576
12095,36.80788
12096,43.30104
12097,43.30104
12098,46.215622
12099,49.282413
12100,52.421814
12101,54.857876
12102,37.739483
12103,43.608273
12104,43.608273
12105,46.65387
12106,50.320633
12107,53.31867
12108,55.856903
12109,38.12841
12110,43.697224
12111,43.697224
12112,46.74282
12113,50.484577
12114,53.4278
12115,56.186836
12116,38.809174
12117,44.681286
12118,44.681286
12119,47.4763
12120,51.31713
12121,54.260353
12122,56.72833
12123,38.84782
12124,44.719933
12125,44.96666
12126,48.164455
12127,51.755447
12128,54.68045
12129,57.148426
12130,39.226913
12131,45.035645
12132,45.035645
12133,48.535057
12134,51.96285
12135,54.88785
12136,57.436554
12137,39.974834
12138,45.904015
12139,45.904015
12140,49.22941
12141,52.673416
12142,55.31017
12143,57.811283
12144,40.321175
12145,46.397617
12146,46.397617
12147,50.06673
12148,53.064095
12149,56.117683
12150,31.43043
12151,34.133526
12152,35.107315
12153,36.813896
12154,39.015766
12155,38.792973
12156,40.58098
12157,29.921785
12158,34.15657
12159,34.15657
12160,35.962315
12161,37.95619
12162,40.326164
12163,42.1857
12164,29.921785
12165,34.15657
12166,34.15657
12167,36.387943
12168,38.566616
12169,40.98747
12170,42.99673
12171,29.980875
12172,34.21566
12173,34.21566
12174,36.641666
12175,38.750385
12176,41.070343
12177,42.99673
12178,29.980875
12179,34.21566
12180,34.21566
12181,36.899933
12182,39.239143
12183,41.5591
12184,43.529213
12185,30.362314
12186,35.178577
12187,35.178577
12188,37.438
12189,39.832558
12190,42.15251
12191,44.122623
12192,31.187647
12193,35.521023
12194,35.521023
12195,37.897495
12196,40.620575
12197,42.94053
12198,44.91064
12199,31.423407
12200,36.112797
12201,36.21608
12202,38.592552
12203,40.793747
12204,43.2227
12205,45.100277
12206,31.57398
12207,36.286034
12208,36.286034
12209,38.6312
12210,40.805576
12211,43.234528
12212,45.576218
12213,31.612627
12214,36.32468
12215,36.32468
12216,38.6312
12217,40.805576
12218,43.234528
12219,45.576218
12220,31.612627
12221,36.32468
12222,36.32468
12223,38.6312
12224,40.805576
12225,43.234528
12226,45.576218
12227,31.612627
12228,36.32468
12229,36.32468
12230,38.6312
12231,40.805576
12232,43.234528
12233,45.576218
12234,31.612627
12235,36.32468
12236,36.32468
12237,38.6312
12238,40.805576
12239,43.234528
12240,27.75537
12241,32.49083
12242,32.610878
12243,32.61893
12244,36.631947
12245,39.510143
12246,40.731876
12247,28.002447
12248,32.34174
12249,32.34174
12250,34.244503
12251,36.7019
12252,39.182346
12253,40.978233
12254,28.075354
12255,32.408695
12256,32.408695
12257,34.432964
12258,36.7019
12259,39.182346
12260,40.978233
12261,28.075354
12262,32.408695
12263,32.408695
12264,34.432964
12265,36.7019
12266,39.182346
12267,40.978233
12268,28.075354
12269,32.408695
12270,32.408695
12271,34.69123
12272,36.960167
12273,39.440613
12274,41.235718
12275,28.545528
12276,32.79732
12277,32.79732
12278,34.82159
12279,37.090527
12280,39.76841
12281,41.928062
12282,28.837547
12283,33.089336
12284,33.089336
12285,35.402843
12286,38.03065
12287,40.362
12288,42.16988
12289,29.401524
12290,33.83712
12291,33.83712
12292,36.150627
12293,38.214455
12294,40.635303
12295,43.053616
12296,30.081455
12297,34.332703
12298,34.391792
12299,36.93858
12300,39.02048
12301,41.57093
12302,43.579914
12303,30.40096
12304,35.217224
12305,35.217224
12306,37.476646
12307,39.844387
12308,42.16434
12309,44.173325
12310,31.226294
12311,35.55967
12312,35.55967
12313,38.527916
12314,40.632404
12315,42.95236
12316,44.96134
12317,31.612627
12318,36.254726
12319,36.254726
12320,38.6312
12321,40.805576
12322,43.234528
12323,45.150978
12324,31.612627
12325,36.32468
12326,36.32468
12327,38.6312
12328,40.805576
12329,43.234528
12330,49.28765
12331,56.28223
12332,55.70509
12333,57.37866
12334,61.92452
12335,64.66908
12336,69.45003
12337,47.21627
12338,54.44815
12339,54.217056
12340,57.678253
12341,62.07891
12342,66.34723
12343,70.36332
12344,47.21627
12345,54.44815
12346,54.44815
12347,57.909348
12348,63.221725
12349,66.80106
12350,70.36332
12351,47.21627
12352,54.44815
12353,54.44815
12354,57.909348
12355,63.221725
12356,66.80106
12357,70.36332
12358,47.21627
12359,54.44815
12360,54.44815
12361,58.24445
12362,63.60968
12363,67.188995
12364,70.750465
12365,47.452778
12366,54.783253
12367,54.783253
12368,58.19414
12369,63.60968
12370,67.43296
12371,70.750465
12372,47.452778
12373,54.783253
12374,54.783253
12375,58.19414
12376,63.60968
12377,67.43296
12378,70.750465
12379,47.452778
12380,54.783253
12381,54.783253
12382,58.19414
12383,63.60968
12384,67.43296
12385,70.750465
12386,47.452778
12387,54.783253
12388,54.783253
12389,58.232788
12390,63.62151
12391,67.44479
12392,70.80117
12393,47.491425
12394,54.8219
12395,54.8219
12396,58.232788
12397,63.62151
12398,67.44479
12399,70.80117
12400,47.491425
12401,54.8219
12402,54.8219
12403,58.232788
12404,63.62151
12405,67.44479
12406,70.80117
12407,47.491425
12408,54.8219
12409,54.8219
12410,58.232788
12411,63.62151
12412,67.44479
12413,70.80117
12414,47.491425
12415,54.8219
12416,54.8219
12417,58.232788
12418,63.62151
12419,67.44479
12420,40.04602
12421,45.849857
12422,47.28366
12423,49.493893
12424,51.160458
12425,55.262814
12426,61.02348
12427,40.21198
12428,46.096764
12429,46.538193
12430,49.729553
12431,52.88675
12432,56.28538
12433,59.237743
12434,40.21198
12435,46.096764
12436,46.096764
12437,49.729553
12438,52.88675
12439,55.770752
12440,59.261494
12441,40.21198
12442,46.096764
12443,46.096764
12444,49.729553
12445,52.88675
12446,55.770752
12447,59.261494
12448,40.21198
12449,46.096764
12450,46.096764
12451,50.064655
12452,53.22185
12453,56.105854
12454,60.110443
12455,41.02581
12456,47.00919
12457,47.072132
12458,51.06062
12459,54.093315
12460,56.97732
12461,60.48155
12462,41.205658
12463,47.81701
12464,47.81701
12465,51.862682
12466,54.9229
12467,57.806908
12468,61.21102
12469,41.90469
12470,48.403015
12471,48.403015
12472,52.838783
12473,55.583977
12474,58.557804
12475,62.247356
12476,41.95931
12477,49.011513
12478,49.126614
12479,53.09
12480,56.06655
12481,60.07734
12482,63.826176
12483,42.62983
12484,50.04764
12485,50.04764
12486,53.845085
12487,56.821636
12488,61.26225
12489,64.83493
12490,43.231533
12491,50.790504
12492,50.790504
12493,54.647293
12494,57.74333
12495,61.921402
12496,65.67154
12497,43.657566
12498,51.516487
12499,51.516487
12500,55.382603
12501,58.6815
12502,62.97537
12503,66.87605
12504,44.24197
12505,52.38041
12506,52.38041
12507,55.448677
12508,59.42379
12509,64.22738
12510,44.149433
12511,50.71265
12512,48.074043
12513,51.899498
12514,51.356255
12515,57.471806
12516,60.05735
12517,41.668182
12518,48.074043
12519,48.035786
12520,51.23148
12521,53.858326
12522,57.471806
12523,60.82385
12524,40.96915
12525,48.074043
12526,48.074043
12527,51.52758
12528,54.5878
12529,57.471806
12530,60.82385
12531,40.96915
12532,48.074043
12533,48.074043
12534,51.52758
12535,54.5878
12536,57.471806
12537,60.82385
12538,40.96915
12539,48.074043
12540,48.074043
12541,51.862682
12542,54.9229
12543,58.15302
12544,61.70085
12545,41.90469
12546,48.980896
12547,48.980896
12548,52.8694
12549,55.588894
12550,59.699852
12551,62.753338
12552,42.453266
12553,49.87453
12554,49.87453
12555,53.80644
12556,56.809807
12557,60.93126
12558,64.45522
12559,42.740685
12560,50.144047
12561,50.144047
12562,54.209835
12563,57.332687
12564,61.66743
12565,65.378685
12566,43.505
12567,51.15067
12568,51.15067
12569,55.1028
12570,58.25964
12571,62.97537
12572,66.87605
12573,44.263824
12574,52.314335
12575,52.38041
12576,55.448677
12577,59.42379
12578,64.22738
12579,67.47157
12580,44.532673
12581,52.944725
12582,52.944725
12583,56.047485
12584,60.624985
12585,64.62487
12586,68.11302
12587,44.78289
12588,53.543182
12589,53.543182
12590,56.67713
12591,60.55901
12592,64.62487
12593,68.11302
12594,44.78289
12595,53.543182
12596,53.543182
12597,56.67713
12598,60.55901
12599,64.62487
12600,53.48783
12601,62.78069
12602,62.29355
12603,67.5422
12604,68.10097
12605,73.115166
12606,74.34009
12607,53.018723
12608,61.767433
12609,61.36394
12610,64.93106
12611,68.81051
12612,72.80314
12613,76.12068
12614,52.67119
12615,61.269062
12616,61.066563
12617,64.48459
12618,68.81051
12619,72.80314
12620,76.30714
12621,52.659985
12622,61.066563
12623,61.066563
12624,64.48459
12625,68.81051
12626,72.80314
12627,76.30714
12628,52.659985
12629,61.066563
12630,61.066563
12631,64.821045
12632,69.146965
12633,73.139595
12634,76.89987
12635,52.900024
12636,61.605537
12637,61.605537
12638,65.02355
12639,69.42237
12640,73.39666
12641,76.89987
12642,52.900024
12643,61.605537
12644,61.605537
12645,65.02355
12646,69.42237
12647,73.39666
12648,76.89987
12649,52.900024
12650,61.605537
12651,61.605537
12652,65.02355
12653,69.42237
12654,73.39666
12655,76.89987
12656,52.900024
12657,61.605537
12658,61.605537
12659,65.11728
12660,69.434204
12661,73.40849
12662,76.95058
12663,53.286205
12664,62.10275
12665,62.10275
12666,65.4361
12667,69.9701
12668,74.295555
12669,78.034836
12670,53.286205
12671,62.197628
12672,62.197628
12673,65.4361
12674,69.9701
12675,74.51862
12676,78.29121
12677,53.286205
12678,62.197628
12679,62.197628
12680,65.4361
12681,69.9701
12682,74.51862
12683,78.29121
12684,53.286205
12685,62.197628
12686,62.197628
12687,65.4361
12688,69.9701
12689,74.51862
12690,78.077095
12691,85.90605
12692,92.3506
12693,91.528175
12694,100.30902
12695,104.52373
12696,109.971344
12697,75.927895
12698,85.90605
12699,88.78114
12700,92.3914
12701,99.50072
12702,103.81827
12703,108.95642
12704,75.00918
12705,85.31004
12706,86.78162
12707,93.136215
12708,99.50072
12709,103.81827
12710,108.54344
12711,75.00918
12712,85.31004
12713,85.775055
12714,93.136215
12715,99.50072
12716,103.81827
12717,108.54344
12718,75.00918
12719,85.31004
12720,85.31004
12721,92.39155
12722,98.75605
12723,103.7117
12724,108.436874
12725,74.38426
12726,85.146645
12727,85.146645
12728,92.39155
12729,98.2317
12730,103.7117
12731,108.436874
12732,73.93782
12733,85.146645
12734,85.146645
12735,92.39155
12736,98.2317
12737,103.7117
12738,108.436874
12739,73.3979
12740,85.146645
12741,85.146645
12742,92.39155
12743,98.2317
12744,103.7117
12745,108.436874
12746,73.3979
12747,85.146645
12748,85.146645
12749,92.485275
12750,98.24353
12751,103.72353
12752,108.48758
12753,73.49163
12754,85.24037
12755,85.24037
12756,92.485275
12757,98.24353
12758,103.72353
12759,108.48758
12760,73.49163
12761,85.24037
12762,85.24037
12763,92.485275
12764,98.24353
12765,103.72353
12766,108.48758
12767,73.49163
12768,85.24037
12769,85.24037
12770,92.485275
12771,98.24353
12772,103.72353
12773,108.48758
12774,73.49163
12775,85.24037
12776,85.24037
12777,92.485275
12778,98.24353
12779,103.72353
12780,68.719574
12781,79.23696
12782,75.68218
12783,73.49348
12784,89.4479
12785,92.90551
12786,98.5005
12787,67.08015
12788,77.8821
12789,75.91949
12790,79.4251
12791,87.68463
12792,92.64284
12793,96.89155
12794,67.08015
12795,77.52505
12796,76.918365
12797,81.77808
12798,87.90514
12799,93.00989
12800,96.97429
12801,67.08015
12802,77.89209
12803,77.2854
12804,82.66369
12805,87.90514
12806,92.90551
12807,96.97429
12808,67.08015
12809,77.89209
12810,77.89209
12811,82.87556
12812,88.11701
12813,93.221756
12814,97.13273
12815,67.237236
12816,78.10396
12817,78.10396
12818,82.87556
12819,88.017914
12820,93.11738
12821,97.266716
12822,67.237236
12823,78.10396
12824,78.10396
12825,82.87556
12826,88.017914
12827,93.11738
12828,97.266716
12829,67.237236
12830,78.10396
12831,78.10396
12832,82.87556
12833,88.017914
12834,93.11738
12835,97.266716
12836,67.237236
12837,78.10396
12838,78.10396
12839,82.969284
12840,88.02975
12841,93.12921
12842,97.31742
12843,67.33096
12844,78.197685
12845,78.833664
12846,83.60527
12847,89.213295
12848,94.29046
12849,98.47867
12850,68.316696
12851,79.104996
12852,79.104996
12853,83.74316
12854,89.33339
12855,94.82521
12856,98.827
12857,68.316696
12858,79.46205
12859,79.46205
12860,83.74316
12861,89.33339
12862,94.82521
12863,98.827
12864,68.316696
12865,79.46205
12866,79.46205
12867,83.74316
12868,89.33339
12869,94.82521
12870,63.608673
12871,71.660736
12872,74.612465
12873,76.18258
12874,88.00171
12875,90.55219
12876,96.15677
12877,64.289635
12878,74.25491
12879,74.96222
12880,79.2218
12881,85.4563
12882,90.42715
12883,95.139694
12884,64.289635
12885,74.612465
12886,74.96222
12887,80.26076
12888,85.52654
12889,90.42715
12890,95.139694
12891,64.79373
12892,74.96222
12893,74.96222
12894,80.77933
12895,85.52654
12896,90.42715
12897,95.139694
12898,64.79373
12899,74.96222
12900,74.96222
12901,81.07886
12902,85.82607
12903,90.72668
12904,95.423195
12905,65.03848
12906,75.61041
12907,75.61041
12908,81.45969
12909,86.2069
12910,90.98609
12911,95.64876
12912,65.178314
12913,75.723694
12914,75.723694
12915,81.45969
12916,86.235756
12917,90.98609
12918,95.64876
12919,65.178314
12920,75.723694
12921,75.723694
12922,81.45969
12923,86.235756
12924,90.98609
12925,95.64876
12926,65.178314
12927,75.723694
12928,75.723694
12929,81.55341
12930,86.24759
12931,90.997925
12932,95.69946
12933,65.27204
12934,75.81742
12935,75.81742
12936,81.55341
12937,86.24759
12938,90.997925
12939,95.69946
12940,65.27204
12941,75.81742
12942,75.81742
12943,81.55341
12944,86.24759
12945,90.997925
12946,95.69946
12947,65.27204
12948,75.81742
12949,75.81742
12950,81.55341
12951,86.24759
12952,90.997925
12953,95.69946
12954,65.27204
12955,75.81742
12956,75.81742
12957,81.55341
12958,86.24759
12959,90.997925
12960,48.51686
12961,54.44815
12962,54.44815
12963,57.71776
12964,63.779182
12965,69.14184
12966,71.47861
12967,47.969254
12968,55.12017
12969,55.12017
12970,58.926594
12971,64.26432
12972,68.5859
12973,71.942024
12974,47.987717
12975,55.155468
12976,55.155468
12977,58.911583
12978,64.26432
12979,68.37041
12980,71.942024
12981,47.987717
12982,55.155468
12983,55.155468
12984,58.911583
12985,64.26432
12986,68.37041
12987,71.942024
12988,47.987717
12989,55.155468
12990,55.155468
12991,59.246685
12992,64.65225
12993,68.75834
12994,72.32917
12995,48.58819
12996,55.85453
12997,55.85453
12998,60.365997
12999,65.404495
13000,69.19424
13001,72.765076
13002,49.603584
13003,56.322323
13004,56.322323
13005,61.452267
13006,65.788994
13007,69.87018
13008,73.3638
13009,49.684124
13010,56.430813
13011,56.430813
13012,62.02067
13013,66.045006
13014,70.211426
13015,73.705055
13016,49.74871
13017,56.752354
13018,56.752354
13019,62.900486
13020,66.271484
13021,70.437904
13022,73.9704
13023,50.079086
13024,57.482216
13025,57.482216
13026,63.361706
13027,66.732704
13028,70.79704
13029,74.32954
13030,50.13357
13031,57.943436
13032,57.943436
13033,63.361706
13034,66.732704
13035,70.79704
13036,74.552605
13037,50.13357
13038,57.943436
13039,57.943436
13040,63.361706
13041,66.732704
13042,70.79704
13043,74.552605
13044,50.13357
13045,57.943436
13046,57.943436
13047,63.361706
13048,66.732704
13049,70.79704
13050,42.354675
13051,50.000534
13052,48.98555
13053,52.28444
13054,56.805996
13055,63.232063
13056,65.23369
13057,42.504177
13058,50.416756
13059,50.416756
13060,53.874733
13061,57.396397
13062,62.178097
13063,65.23369
13064,43.268494
13065,50.815567
13066,50.815567
13067,54.273544
13068,57.396397
13069,62.178097
13070,65.23369
13071,43.268494
13072,50.815567
13073,50.815567
13074,54.273544
13075,57.396397
13076,62.178097
13077,65.23369
13078,43.268494
13079,50.815567
13080,50.815567
13081,54.608646
13082,58.24781
13083,62.801464
13084,66.0068
13085,44.225178
13086,52.0841
13087,52.0841
13088,55.41003
13089,59.41196
13090,63.720295
13091,66.92562
13092,44.42337
13093,52.806995
13094,52.806995
13095,56.00884
13096,60.379253
13097,64.61304
13098,67.81836
13099,44.744244
13100,53.504536
13101,53.504536
13102,56.638485
13103,60.54718
13104,64.61304
13105,68.06232
13106,44.744244
13107,53.504536
13108,53.504536
13109,56.67713
13110,60.55901
13111,64.62487
13112,68.11302
13113,44.78289
13114,53.543182
13115,53.543182
13116,56.67713
13117,60.55901
13118,64.62487
13119,68.11302
13120,44.78289
13121,53.543182
13122,53.543182
13123,56.67713
13124,60.55901
13125,64.62487
13126,68.11302
13127,44.78289
13128,53.543182
13129,53.543182
13130,56.67713
13131,60.55901
13132,64.62487
13133,68.11302
13134,44.78289
13135,53.543182
13136,53.543182
13137,56.67713
13138,60.55901
13139,64.62487
13140,38.6495
13141,45.20166
13142,44.42302
13143,47.005375
13144,51.48535
13145,55.639717
13146,55.92935
13147,38.89623
13148,44.843758
13149,44.669746
13150,47.867542
13151,51.48535
13152,54.410355
13153,56.84024
13154,38.89623
13155,44.669746
13156,44.669746
13157,47.867542
13158,51.48535
13159,54.410355
13160,56.84024
13161,38.89623
13162,44.669746
13163,44.669746
13164,47.867542
13165,51.48535
13166,54.410355
13167,56.84024
13168,38.89623
13169,44.669746
13170,44.669746
13171,48.12581
13172,51.743618
13173,54.66862
13174,57.097725
13175,39.0559
13176,44.996998
13177,44.996998
13178,48.49641
13179,51.95102
13180,54.876022
13181,57.385853
13182,39.188267
13183,44.996998
13184,44.996998
13185,48.49641
13186,51.95102
13187,54.876022
13188,57.385853
13189,39.188267
13190,44.996998
13191,44.996998
13192,48.49641
13193,51.95102
13194,54.876022
13195,57.385853
13196,39.188267
13197,44.996998
13198,44.996998
13199,48.535057
13200,51.96285
13201,54.88785
13202,57.436554
13203,39.974834
13204,45.730003
13205,45.730003
13206,49.22941
13207,52.226772
13208,55.31017
13209,57.811283
13210,40.321175
13211,46.304554
13212,46.304554
13213,50.06673
13214,53.064095
13215,56.117683
13216,58.67645
13217,40.487133
13218,47.047836
13219,47.047836
13220,51.036324
13221,53.81125
13222,56.695255
13223,59.930237
13224,41.246258
13225,47.755543
13226,47.855656
13227,51.60523
13228,54.205257
13229,57.818737
13230,71.50871
13231,86.19344
13232,83.68009
13233,88.50885
13234,93.530235
13235,107.22503
13236,106.24891
13237,72.07974
13238,84.1451
13239,83.68009
13240,89.51541
13241,96.07638
13242,102.69663
13243,106.24891
13244,72.07974
13245,83.68009
13246,83.61509
13247,89.21672
13248,95.72284
13249,100.96942
13250,105.40175
13251,72.07974
13252,83.61509
13253,83.61509
13254,89.21672
13255,95.83293
13256,100.78119
13257,105.40175
13258,72.07974
13259,83.61509
13260,83.61509
13261,89.37516
13262,95.99137
13263,100.93963
13264,105.56019
13265,72.1834
13266,83.77353
13267,83.77353
13268,89.37516
13269,95.99137
13270,100.93963
13271,105.56019
13272,72.1834
13273,83.77353
13274,83.77353
13275,89.37516
13276,95.99137
13277,100.93963
13278,105.56019
13279,72.1834
13280,83.77353
13281,83.77353
13282,89.37516
13283,95.99137
13284,100.93963
13285,105.56019
13286,72.1834
13287,83.77353
13288,83.77353
13289,89.46889
13290,96.003204
13291,100.95146
13292,105.61089
13293,72.27713
13294,83.867256
13295,83.867256
13296,89.46889
13297,95.89311
13298,100.95146
13299,105.61089
13300,72.27713
13301,83.867256
13302,83.867256
13303,89.46889
13304,96.003204
13305,100.95146
13306,105.61089
13307,72.27713
13308,83.867256
13309,83.867256
13310,89.46889
13311,95.89311
13312,100.95146
13313,105.61089
13314,72.27713
13315,83.867256
13316,83.867256
13317,89.46889
13318,96.003204
13319,100.95146
13320,58.635838
13321,65.739
13322,62.6698
13323,70.27576
13324,73.98011
13325,78.340836
13326,81.67824
13327,56.031784
13328,64.587616
13329,64.587616
13330,69.533356
13331,73.57059
13332,78.276054
13333,81.74302
13334,55.37241
13335,64.587616
13336,64.587616
13337,69.24332
13338,73.57059
13339,78.276054
13340,81.74302
13341,55.37241
13342,64.587616
13343,64.587616
13344,69.24332
13345,73.57059
13346,78.276054
13347,81.74302
13348,55.37241
13349,64.587616
13350,64.587616
13351,69.57977
13352,73.90704
13353,78.61251
13354,82.07869
13355,55.601246
13356,64.92407
13357,65.21412
13358,69.86981
13359,74.19709
13360,79.43278
13361,82.89896
13362,55.601246
13363,65.21412
13364,65.21412
13365,69.86981
13366,74.42016
13367,79.49756
13368,82.89896
13369,55.601246
13370,65.21412
13371,65.21412
13372,69.86981
13373,74.42016
13374,79.49756
13375,82.89896
13376,55.601246
13377,65.21412
13378,65.21412
13379,69.96354
13380,74.43199
13381,79.50939
13382,82.94966
13383,55.639893
13384,65.307846
13385,65.307846
13386,69.96354
13387,74.43199
13388,79.50939
13389,82.94966
13390,55.639893
13391,65.307846
13392,65.307846
13393,69.96354
13394,74.43199
13395,79.50939
13396,82.94966
13397,55.639893
13398,65.307846
13399,65.307846
13400,69.96354
13401,74.43199
13402,79.50939
13403,82.94966
13404,55.639893
13405,65.307846
13406,65.307846
13407,69.96354
13408,74.43199
13409,79.50939
13410,66.168396
13411,77.56265
13412,76.31712
13413,84.82142
13414,90.94418
13415,92.8081
13416,95.64169
13417,66.168396
13418,77.89209
13419,77.2854
13420,83.299675
13421,88.05144
13422,93.00989
13423,97.01891
13424,66.168396
13425,77.89209
13426,77.89209
13427,82.66369
13428,87.806046
13429,92.90551
13430,97.10828
13431,66.168396
13432,77.89209
13433,77.89209
13434,82.66369
13435,87.90514
13436,93.00989
13437,97.10828
13438,66.168396
13439,77.89209
13440,77.89209
13441,82.87556
13442,88.11701
13443,93.11738
13444,97.266716
13445,66.325485
13446,78.10396
13447,78.10396
13448,82.87556
13449,88.017914
13450,93.11738
13451,97.266716
13452,66.325485
13453,78.10396
13454,78.10396
13455,82.87556
13456,88.017914
13457,93.11738
13458,97.266716
13459,66.325485
13460,78.10396
13461,78.10396
13462,82.87556
13463,88.017914
13464,93.11738
13465,97.266716
13466,66.325485
13467,78.10396
13468,78.10396
13469,82.969284
13470,88.02975
13471,93.12921
13472,97.31742
13473,66.41921
13474,78.197685
13475,78.197685
13476,82.969284
13477,88.02975
13478,93.12921
13479,97.31742
13480,66.41921
13481,78.197685
13482,78.197685
13483,82.969284
13484,88.02975
13485,93.12921
13486,97.31742
13487,66.41921
13488,78.197685
13489,78.197685
13490,82.969284
13491,88.02975
13492,93.12921
13493,97.31742
13494,66.41921
13495,78.197685
13496,78.197685
13497,82.969284
13498,88.02975
13499,93.12921
13500,17.825678
13501,21.055729
13502,20.79009
13503,23.503004
13504,23.400808
13505,28.178806
13506,30.433966
13507,19.211786
13508,22.511917
13509,22.492783
13510,24.738998
13511,25.673817
13512,28.211895
13513,29.482685
13514,20.021564
13515,23.247503
13516,23.247503
13517,25.159815
13518,26.51129
13519,28.282976
13520,29.553766
13521,20.72462
13522,23.828522
13523,23.828522
13524,25.416346
13525,27.2471
13526,29.018787
13527,30.289577
13528,21.168205
13529,24.455036
13530,24.455036
13531,26.301123
13532,27.80765
13533,30.098984
13534,31.30309
13535,21.858477
13536,25.39361
13537,25.39361
13538,27.09815
13539,29.00789
13540,30.81935
13541,32.170933
13542,22.718946
13543,26.114853
13544,26.291515
13545,28.088596
13546,30.15332
13547,31.97485
13548,33.326427
13549,23.226955
13550,26.728558
13551,26.728558
13552,28.587824
13553,30.652552
13554,32.78095
13555,34.070335
13556,23.764824
13557,27.181318
13558,27.181318
13559,29.281397
13560,31.319315
13561,33.530056
13562,35.250748
13563,24.046204
13564,27.936033
13565,28.184088
13566,30.206892
13567,32.35087
13568,34.300564
13569,35.897057
13570,24.668839
13571,28.628418
13572,28.628418
13573,30.614199
13574,32.978523
13575,35.143665
13576,36.77242
13577,25.136936
13578,29.176899
13579,29.176899
13580,31.209044
13581,33.72068
13582,35.693848
13583,37.642075
13584,25.545017
13585,30.273308
13586,30.273308
13587,32.130344
13588,34.271564
13589,36.352024
13590,19.329386
13591,21.882807
13592,22.414968
13593,23.357868
13594,25.683235
13595,27.063957
13596,28.75791
13597,19.56289
13598,22.572918
13599,22.871258
13600,24.738998
13601,26.359535
13602,28.178806
13603,29.308193
13604,20.128748
13605,23.366169
13606,23.366169
13607,25.159815
13608,26.51129
13609,28.44501
13610,29.7158
13611,20.72462
13612,23.828522
13613,23.828522
13614,25.674543
13615,27.2471
13616,29.018787
13617,30.487331
13618,21.168205
13619,24.455036
13620,24.455036
13621,26.301123
13622,28.365927
13623,30.098984
13624,31.504076
13625,22.088324
13626,25.39361
13627,25.670979
13628,27.09815
13629,29.086287
13630,30.81935
13631,32.672462
13632,22.827673
13633,26.291515
13634,26.291515
13635,28.088596
13636,30.33668
13637,31.97485
13638,33.580112
13639,23.226955
13640,26.728558
13641,26.790743
13642,28.587824
13643,30.873463
13644,32.78095
13645,34.070335
13646,23.93449
13647,27.181318
13648,27.181318
13649,29.281397
13650,31.622574
13651,33.6918
13652,35.250748
13653,24.443981
13654,28.184088
13655,28.184088
13656,30.44563
13657,32.35087
13658,34.338108
13659,36.21027
13660,24.8507
13661,28.628418
13662,28.998955
13663,31.031105
13664,32.978523
13665,35.205235
13666,37.15346
13667,25.136936
13668,29.716301
13669,29.716301
13670,31.57946
13671,33.72068
13672,36.31939
13673,38.550663
13674,26.03611
13675,30.273308
13676,30.360619
13677,32.217655
13678,34.715412
13679,37.017323
13680,21.928654
13681,24.798986
13682,25.762093
13683,27.483803
13684,30.328386
13685,32.9567
13686,35.27518
13687,22.958559
13688,26.375797
13689,26.753386
13690,28.55047
13691,31.049221
13692,32.9567
13693,34.47756
13694,23.627325
13695,26.923056
13696,26.923056
13697,28.984488
13698,31.049221
13699,32.9567
13700,34.47756
13701,23.77482
13702,27.226316
13703,27.226316
13704,29.287748
13705,31.35248
13706,33.421703
13707,34.942562
13708,23.847887
13709,27.639124
13710,27.639124
13711,30.168245
13712,32.02054
13713,34.057648
13714,35.80881
13715,24.630192
13716,28.370298
13717,28.40784
13718,30.575552
13719,32.549793
13720,34.6638
13721,36.721718
13722,25.058819
13723,28.960308
13724,28.960308
13725,31.170397
13726,33.144634
13727,35.193405
13728,37.591373
13729,25.50637
13730,29.677654
13731,29.677654
13732,31.540813
13733,34.2271
13734,36.30756
13735,38.532597
13736,25.997463
13737,30.234661
13738,30.321972
13739,32.574192
13740,34.797546
13741,37.017323
13742,39.61616
13743,26.738218
13744,31.219889
13745,31.219889
13746,33.323322
13747,35.837288
13748,38.41343
13749,40.318768
13750,27.066696
13751,31.751656
13752,31.751656
13753,34.28091
13754,36.53521
13755,39.29854
13756,41.040062
13757,28.200764
13758,32.638653
13759,32.70561
13760,34.729877
13761,37.102356
13762,39.78024
13763,41.614216
13764,28.584175
13765,33.127983
13766,33.127983
13767,35.44149
13768,37.80066
13769,40.37383
13770,17.707062
13771,20.317238
13772,20.887676
13773,20.768257
13774,23.847775
13775,26.01982
13776,26.664078
13777,18.238604
13778,21.231073
13779,21.717894
13780,23.166643
13781,24.178154
13782,26.082468
13783,27.078299
13784,18.692606
13785,22.158743
13786,22.158743
13787,24.13521
13788,25.291677
13789,27.031075
13790,28.164322
13791,19.294987
13792,22.681644
13793,22.681644
13794,24.738998
13795,25.768314
13796,27.587587
13797,28.583418
13798,20.021564
13799,23.14032
13800,23.14032
13801,25.266323
13802,26.650887
13803,28.541239
13804,29.636755
13805,20.88429
13806,24.086784
13807,24.344982
13808,25.932806
13809,27.703115
13810,29.474804
13811,30.744812
13812,21.62441
13813,25.009834
13814,25.009834
13815,26.651167
13816,28.904535
13817,30.637598
13818,32.09255
13819,22.276371
13820,25.848179
13821,26.114853
13822,27.530788
13823,30.087418
13824,31.77416
13825,33.125736
13826,23.187693
13827,26.474873
13828,26.728558
13829,28.564285
13830,30.602198
13831,32.302555
13832,33.630814
13833,23.80347
13834,27.050295
13835,27.050295
13836,29.281397
13837,31.319315
13838,33.226795
13839,34.858315
13840,24.046204
13841,27.936033
13842,27.936033
13843,30.206892
13844,32.032368
13845,34.300564
13846,35.859512
13847,24.668839
13848,28.446487
13849,28.628418
13850,30.614199
13851,32.561623
13852,35.143665
13853,36.77242
13854,25.097466
13855,29.176899
13856,29.176899
13857,31.209044
13858,33.72068
13859,35.693848
13860,12.834339
13861,15.307322
13862,15.840662
13863,16.693403
13864,18.680271
13865,18.60515
13866,21.911755
13867,14.863698
13868,17.014452
13869,17.014452
13870,18.113375
13871,19.512026
13872,20.409346
13873,22.252113
13874,15.420581
13875,17.52422
13876,18.0155
13877,18.955135
13878,20.297096
13879,21.428497
13880,23.032883
13881,16.263971
13882,18.492971
13883,18.564348
13884,19.50398
13885,21.105722
13886,22.605976
13887,24.048592
13888,16.894302
13889,19.075
13890,19.075
13891,20.880981
13892,22.35595
13893,23.788534
13894,25.319391
13895,17.596174
13896,20.5755
13897,20.5755
13898,21.873802
13899,23.574694
13900,25.182062
13901,26.421694
13902,18.398273
13903,21.489336
13904,21.976156
13905,23.505041
13906,24.436417
13907,26.34073
13908,27.80307
13909,19.048077
13910,22.638655
13911,22.638655
13912,24.746647
13913,25.681465
13914,27.32222
13915,28.840899
13916,19.912172
13917,23.398582
13918,23.398582
13919,25.338058
13920,26.662718
13921,28.55307
13922,29.849491
13923,20.688856
13924,24.125431
13925,24.383629
13926,25.971453
13927,27.714947
13928,29.486635
13929,30.795515
13930,21.663057
13931,25.048481
13932,25.20241
13933,26.689814
13934,28.916367
13935,30.64943
13936,32.14325
13937,22.49092
13938,26.1535
13939,26.1535
13940,28.022709
13941,30.099249
13942,31.785992
13943,33.37713
13944,23.265602
13945,26.767204
13946,26.767204
13947,28.62647
13948,30.664383
13949,32.792778
13950,14.386392
13951,15.840662
13952,16.251484
13953,17.611845
13954,19.44324
13955,19.81268
13956,21.568016
13957,15.119049
13958,17.260632
13959,17.52422
13960,18.463856
13961,19.805817
13962,20.703136
13963,22.79918
13964,15.911859
13965,18.0155
13966,18.0155
13967,18.955135
13968,20.800264
13969,21.960152
13970,23.59425
13971,16.335348
13972,18.564348
13973,18.9162
13974,19.855833
13975,21.740963
13976,22.99026
13977,24.432875
13978,17.170895
13979,19.351593
13980,19.351593
13981,20.880981
13982,22.35595
13983,24.140974
13984,25.319391
13985,17.866732
13986,20.5755
13987,20.5755
13988,21.873802
13989,23.574694
13990,25.182062
13991,26.421694
13992,18.398273
13993,21.489336
13994,21.976156
13995,23.505041
13996,24.436417
13997,26.34073
13998,27.80307
13999,19.048077
14000,22.638655
14001,22.638655
14002,24.746647
14003,25.681465
14004,27.32222
14005,28.840899
14006,19.912172
14007,23.398582
14008,23.398582
14009,25.338058
14010,26.662718
14011,28.55307
14012,29.849491
14013,20.688856
14014,24.125431
14015,24.383629
14016,25.971453
14017,27.714947
14018,29.486635
14019,30.795515
14020,21.663057
14021,25.048481
14022,25.20241
14023,26.689814
14024,28.916367
14025,30.64943
14026,32.14325
14027,22.49092
14028,26.1535
14029,26.1535
14030,28.022709
14031,30.099249
14032,31.785992
14033,33.37713
14034,23.265602
14035,26.767204
14036,26.767204
14037,28.62647
14038,30.664383
14039,32.792778
14040,12.834339
14041,14.728421
14042,14.964806
14043,16.160065
14044,16.952608
14045,18.60515
14046,20.11431
14047,14.058785
14048,15.840662
14049,16.251484
14050,17.104229
14051,18.239288
14052,19.639965
14053,21.099243
14054,15.119049
14055,17.014452
14056,17.260632
14057,18.113375
14058,19.512026
14059,20.616247
14060,22.252113
14061,15.420581
14062,18.0155
14063,18.0155
14064,18.955135
14065,20.297096
14066,21.428497
14067,23.59425
14068,16.263971
14069,18.564348
14070,18.564348
14071,19.762243
14072,21.715837
14073,22.864239
14074,24.690355
14075,17.330564
14076,19.609856
14077,19.609856
14078,20.880981
14079,22.70839
14080,24.140974
14081,25.725695
14082,17.985348
14083,20.5755
14084,20.5755
14085,22.406746
14086,23.710707
14087,25.577393
14088,26.817024
14089,18.687359
14090,21.976156
14091,21.976156
14092,23.778683
14093,25.068624
14094,26.808022
14095,28.284386
14096,19.454657
14097,22.77018
14098,22.83118
14099,24.846294
14100,26.038408
14101,28.344366
14102,29.48282
14103,20.327065
14104,23.663078
14105,23.663078
14106,25.618757
14107,26.943417
14108,29.288881
14109,30.597761
14110,21.366522
14111,24.751945
14112,24.751945
14113,26.636305
14114,28.273224
14115,30.164324
14116,32.03989
14117,22.12697
14118,25.709625
14119,25.709625
14120,27.302763
14121,29.645973
14122,31.332722
14123,33.176437
14124,23.042982
14125,26.330162
14126,26.51352
14127,28.3106
14128,30.602198
14129,32.24037
14130,18.692606
14131,22.511917
14132,22.829144
14133,24.814318
14134,25.009394
14135,24.799255
14136,28.75791
14137,19.294987
14138,22.681644
14139,22.681644
14140,24.549385
14141,25.5177
14142,26.855244
14143,28.583418
14144,19.752502
14145,22.871258
14146,22.871258
14147,25.00806
14148,26.359535
14149,28.074272
14150,29.308193
14151,20.332764
14152,23.366169
14153,23.366169
14154,25.254313
14155,26.673323
14156,28.44501
14157,29.7158
14158,20.72462
14159,23.828522
14160,24.08672
14161,25.932806
14162,27.505363
14163,29.474804
14164,30.744812
14165,21.327875
14166,24.713299
14167,25.009834
14168,26.597658
14169,28.419436
14170,30.637598
14171,31.98919
14172,22.276371
14173,25.670979
14174,25.848179
14175,27.530788
14176,29.634142
14177,31.77416
14178,33.125736
14179,23.004335
14180,26.474873
14181,26.474873
14182,28.525639
14183,30.590366
14184,32.228542
14185,33.580112
14186,23.506338
14187,27.011648
14188,27.011648
14189,28.84738
14190,30.885294
14191,33.226795
14192,34.555054
14193,23.965519
14194,27.62776
14195,27.936033
14196,29.892931
14197,32.032368
14198,34.069477
14199,35.859512
14200,24.668839
14201,28.446487
14202,28.446487
14203,30.614199
14204,32.561623
14205,34.67563
14206,36.77242
14207,25.097466
14208,28.998955
14209,29.176899
14210,31.209044
14211,33.156464
14212,35.693848
14213,37.642075
14214,25.545017
14215,29.716301
14216,30.273308
14217,32.09771
14218,34.271564
14219,36.352024
14220,17.170895
14221,20.317238
14222,20.110336
14223,22.620855
14224,23.599943
14225,24.787786
14226,26.164213
14227,18.121012
14228,21.231073
14229,21.231073
14230,23.355505
14231,24.178154
14232,25.706572
14233,26.946985
14234,18.527689
14235,21.962942
14236,21.962942
14237,24.13521
14238,24.810362
14239,27.031075
14240,28.026905
14241,19.294987
14242,22.511917
14243,22.511917
14244,24.549385
14245,25.484203
14246,27.587587
14247,28.583418
14248,19.752502
14249,22.871258
14250,23.14032
14251,25.266323
14252,26.617798
14253,28.470158
14254,29.636755
14255,20.492434
14256,23.939285
14257,24.086784
14258,25.932806
14259,27.505363
14260,29.474804
14261,30.744812
14262,21.327875
14263,25.009834
14264,25.009834
14265,26.651167
14266,28.419436
14267,30.637598
14268,31.98919
14269,22.276371
14270,25.765476
14271,25.848179
14272,27.530788
14273,29.634142
14274,31.77416
14275,33.125736
14276,23.004335
14277,26.474873
14278,26.474873
14279,28.564285
14280,30.602198
14281,32.302555
14282,33.630814
14283,23.80347
14284,27.050295
14285,27.050295
14286,29.281397
14287,31.319315
14288,33.226795
14289,34.858315
14290,24.046204
14291,27.936033
14292,27.936033
14293,30.206892
14294,32.032368
14295,34.300564
14296,35.859512
14297,24.668839
14298,28.446487
14299,28.628418
14300,30.614199
14301,32.561623
14302,35.143665
14303,36.77242
14304,25.097466
14305,29.176899
14306,29.176899
14307,31.209044
14308,33.72068
14309,35.693848
14310,20.07233
14311,21.637625
14312,21.990799
14313,25.207092
14314,25.484203
14315,28.108969
14316,26.703363
14317,19.986584
14318,22.762531
14319,22.762531
14320,25.102558
14321,25.768314
14322,28.178806
14323,29.070103
14324,20.128748
14325,23.247503
14326,23.366169
14327,25.254313
14328,26.51129
14329,28.282976
14330,29.553766
14331,20.72462
14332,23.828522
14333,23.828522
14334,25.416346
14335,27.2471
14336,29.018787
14337,30.289577
14338,21.168205
14339,24.455036
14340,24.455036
14341,26.301123
14342,27.80765
14343,30.098984
14344,31.30309
14345,21.858477
14346,25.39361
14347,25.39361
14348,27.09815
14349,29.00789
14350,30.81935
14351,32.170933
14352,22.718946
14353,26.114853
14354,26.291515
14355,28.088596
14356,30.15332
14357,31.97485
14358,33.326427
14359,23.226955
14360,26.728558
14361,26.728558
14362,28.587824
14363,30.652552
14364,32.78095
14365,34.070335
14366,23.764824
14367,27.181318
14368,27.181318
14369,29.281397
14370,31.319315
14371,33.530056
14372,35.250748
14373,24.046204
14374,27.936033
14375,28.184088
14376,30.206892
14377,32.35087
14378,34.300564
14379,35.897057
14380,24.668839
14381,28.628418
14382,28.628418
14383,30.614199
14384,32.978523
14385,35.143665
14386,36.77242
14387,25.136936
14388,29.176899
14389,29.176899
14390,31.209044
14391,33.72068
14392,35.693848
14393,37.642075
14394,25.545017
14395,30.273308
14396,30.273308
14397,32.130344
14398,34.271564
14399,36.352024
14400,20.541836
14401,24.455036
14402,24.719969
14403,24.802702
14404,28.828024
14405,31.062628
14406,33.14003
14407,21.848518
14408,25.412716
14409,25.412716
14410,26.911356
14411,29.37588
14412,31.515898
14413,32.86825
14414,22.735939
14415,26.033253
14416,26.033253
14417,27.7258
14418,30.078417
14419,31.716587
14420,33.068943
14421,23.028023
14422,26.21661
14423,26.21661
14424,28.267376
14425,30.332104
14426,31.970276
14427,33.322628
14428,23.214785
14429,26.470295
14430,26.470295
14431,28.587824
14432,30.652552
14433,32.290726
14434,34.070335
14435,23.764824
14436,27.011648
14437,27.011648
14438,29.24275
14439,31.307484
14440,33.214966
14441,35.038303
14442,24.007557
14443,27.897387
14444,27.897387
14445,30.168245
14446,32.02054
14447,34.288734
14448,35.80881
14449,24.630192
14450,28.40784
14451,28.589771
14452,30.575552
14453,32.549793
14454,34.6638
14455,36.721718
14456,25.058819
14457,28.960308
14458,29.138252
14459,31.209044
14460,33.156464
14461,35.205235
14462,37.642075
14463,25.545017
14464,29.716301
14465,29.782204
14466,32.09771
14467,34.23893
14468,36.352024
14469,38.583298
14470,26.039036
14471,30.360619
14472,30.717155
14473,32.574192
14474,34.797546
14475,37.44319
14476,39.61616
14477,26.931284
14478,31.219889
14479,31.56598
14480,33.396637
14481,35.910603
14482,38.577244
14483,40.318768
14484,27.066696
14485,32.106655
14486,32.106655
14487,34.28091
14488,36.795715
14489,39.29854
14490,26.497635
14491,30.058533
14492,29.07782
14493,31.833435
14494,33.6813
14495,37.812786
14496,40.89661
14497,26.539902
14498,30.775488
14499,30.775488
14500,32.620697
14501,35.485058
14502,38.143333
14503,39.846767
14504,26.71749
14505,31.342384
14506,31.342384
14507,33.099724
14508,35.640507
14509,38.307148
14510,40.010582
14511,26.86838
14512,31.454746
14513,31.454746
14514,33.26354
14515,35.80432
14516,38.307148
14517,40.010582
14518,26.86838
14519,31.454746
14520,31.454746
14521,33.521805
14522,36.062588
14523,38.565414
14524,40.268066
14525,27.383038
14526,32.06801
14527,32.06801
14528,34.242264
14529,36.85384
14530,39.28671
14531,41.036938
14532,28.162117
14533,32.66696
14534,32.66696
14535,34.69123
14536,37.090527
14537,39.76841
14538,41.563515
14539,28.545528
14540,32.79732
14541,33.089336
14542,35.402843
14543,37.78883
14544,40.120182
14545,42.16988
14546,29.401524
14547,33.653316
14548,33.83712
14549,36.189274
14550,38.226284
14551,40.647133
14552,43.104317
14553,30.120102
14554,34.37135
14555,34.43044
14556,36.93858
14557,39.02048
14558,41.57093
14559,43.579914
14560,30.883852
14561,35.217224
14562,35.217224
14563,37.476646
14564,39.844387
14565,42.16434
14566,44.62482
14567,31.226294
14568,35.55967
14569,36.151443
14570,38.527916
14571,40.632404
14572,42.95236
14573,45.150978
14574,31.612627
14575,36.254726
14576,36.32468
14577,38.6312
14578,40.805576
14579,43.234528
14580,25.422781
14581,30.775488
14582,30.420246
14583,31.833435
14584,34.714455
14585,36.08193
14586,37.992065
14587,26.184658
14588,30.420246
14589,30.420246
14590,32.27728
14591,34.52745
14592,36.747227
14593,38.882107
14594,26.539902
14595,30.775488
14596,30.775488
14597,32.412533
14598,34.953316
14599,37.38126
14600,39.51614
14601,26.732967
14602,30.92298
14603,30.92298
14604,32.620697
14605,35.567192
14606,38.07002
14607,39.846767
14608,26.71749
14609,31.342384
14610,31.342384
14611,33.35799
14612,36.062588
14613,38.565414
14614,40.268066
14615,27.02805
14616,31.713009
14617,32.06801
14618,34.242264
14619,36.593334
14620,39.28671
14621,40.98936
14622,28.162117
14623,32.66696
14624,32.66696
14625,34.69123
14626,37.090527
14627,39.76841
14628,41.563515
14629,28.545528
14630,32.79732
14631,33.089336
14632,35.402843
14633,37.78883
14634,40.120182
14635,42.16988
14636,29.401524
14637,33.653316
14638,33.83712
14639,36.189274
14640,38.226284
14641,40.647133
14642,43.104317
14643,30.120102
14644,34.37135
14645,34.43044
14646,36.93858
14647,39.02048
14648,41.57093
14649,43.579914
14650,30.883852
14651,35.217224
14652,35.217224
14653,37.476646
14654,39.844387
14655,42.16434
14656,44.62482
14657,31.226294
14658,35.55967
14659,36.151443
14660,38.527916
14661,40.632404
14662,42.95236
14663,45.150978
14664,31.612627
14665,36.254726
14666,36.32468
14667,38.6312
14668,40.805576
14669,43.234528
14670,20.727226
14671,24.84607
14672,24.84607
14673,26.339396
14674,28.442703
14675,25.780748
14676,29.436773
14677,21.168205
14678,24.455036
14679,24.455036
14680,26.04286
14681,27.351635
14682,28.914253
14683,30.487331
14684,21.24834
14685,24.455036
14686,24.455036
14687,26.04286
14688,27.549387
14689,29.774818
14690,31.045609
14691,21.54488
14692,24.751572
14693,24.9055
14694,26.392904
14695,28.161173
14696,30.379335
14697,31.731707
14698,21.928654
14699,25.412716
14700,25.412716
14701,27.09815
14702,29.086287
14703,31.32089
14704,32.672462
14705,22.718946
14706,26.291515
14707,26.291515
14708,28.088596
14709,30.33668
14710,31.97485
14711,33.580112
14712,23.226955
14713,26.728558
14714,26.790743
14715,28.587824
14716,30.873463
14717,32.78095
14718,34.070335
14719,23.93449
14720,27.181318
14721,27.181318
14722,29.24275
14723,31.610743
14724,33.67997
14725,35.200047
14726,24.405334
14727,28.145441
14728,28.145441
14729,30.44563
14730,32.35087
14731,34.338108
14732,36.21027
14733,24.8507
14734,28.628418
14735,28.628418
14736,31.031105
14737,32.978523
14738,35.143665
14739,37.15346
14740,25.136936
14741,29.176899
14742,29.716301
14743,31.57946
14744,33.72068
14745,35.693848
14746,38.550663
14747,26.03611
14748,30.273308
14749,30.273308
14750,32.217655
14751,34.358875
14752,36.806007
14753,39.190292
14754,26.738218
14755,31.072397
14756,31.072397
14757,32.91761
14758,35.431576
14759,38.057068
14760,16.335348
14761,18.564348
14762,18.9162
14763,20.633173
14764,21.185854
14765,21.590546
14766,24.432875
14767,16.894302
14768,19.351593
14769,19.351593
14770,20.856796
14771,22.097687
14772,23.266851
14773,25.06191
14774,17.436504
14775,19.910934
14776,19.910934
14777,21.61554
14778,22.96516
14779,24.436514
14780,25.676928
14781,17.825678
14782,20.78624
14783,20.821648
14784,22.36463
14785,23.452444
14786,25.31913
14787,26.559544
14788,18.527689
14789,21.717894
14790,21.717894
14791,23.613768
14792,24.436417
14793,26.34073
14794,27.80307
14795,19.371456
14796,22.638655
14797,22.638655
14798,24.746647
14799,25.681465
14800,27.741316
14801,28.840899
14802,20.181234
14803,23.398582
14804,23.505766
14805,25.418077
14806,26.769552
14807,28.541239
14808,29.798788
14809,20.88429
14810,24.344982
14811,24.344982
14812,26.301123
14813,27.703115
14814,29.474804
14815,30.744812
14816,21.62441
14817,25.009834
14818,25.163763
14819,26.91966
14820,28.916367
14821,30.64943
14822,32.14325
14823,22.49092
14824,26.1535
14825,26.1535
14826,28.022709
14827,30.099249
14828,31.785992
14829,33.37713
14830,23.265602
14831,26.767204
14832,26.767204
14833,28.62647
14834,30.664383
14835,32.792778
14836,34.121037
14837,23.973137
14838,27.219965
14839,27.219965
14840,29.281397
14841,31.622574
14842,33.6918
14843,35.250748
14844,24.443981
14845,28.184088
14846,28.184088
14847,30.44563
14848,32.35087
14849,34.338108
14850,19.409521
14851,22.148748
14852,21.661932
14853,22.050415
14854,24.089773
14855,24.24463
14856,27.182833
14857,18.73459
14858,21.906752
14859,21.798025
14860,23.355505
14861,24.34307
14862,25.873755
14863,27.650124
14864,18.888407
14865,22.158743
14866,22.380392
14867,24.35686
14868,25.291677
14869,27.063957
14870,28.164322
14871,19.355988
14872,22.681644
14873,22.871258
14874,24.738998
14875,25.768314
14876,27.587587
14877,29.174637
14878,20.021564
14879,23.14032
14880,23.247503
14881,25.299412
14882,26.769552
14883,28.541239
14884,29.97328
14885,20.88429
14886,24.086784
14887,24.344982
14888,25.932806
14889,27.703115
14890,29.474804
14891,30.744812
14892,21.62441
14893,25.009834
14894,25.009834
14895,26.651167
14896,28.904535
14897,30.637598
14898,32.09255
14899,22.276371
14900,25.848179
14901,26.114853
14902,27.530788
14903,30.087418
14904,31.77416
14905,33.125736
14906,23.187693
14907,26.474873
14908,26.728558
14909,28.564285
14910,30.602198
14911,32.302555
14912,33.630814
14913,23.80347
14914,27.050295
14915,27.050295
14916,29.281397
14917,31.319315
14918,33.226795
14919,34.858315
14920,24.046204
14921,27.936033
14922,27.936033
14923,30.206892
14924,32.032368
14925,34.300564
14926,35.859512
14927,24.668839
14928,28.446487
14929,28.628418
14930,30.614199
14931,32.561623
14932,35.143665
14933,36.77242
14934,25.097466
14935,29.176899
14936,29.176899
14937,31.209044
14938,33.72068
14939,35.693848
14940,18.561995
14941,21.356678
14942,20.982174
14943,21.744625
14944,21.299984
14945,22.603273
14946,25.468214
14947,18.085604
14948,20.63145
14949,20.55132
14950,21.695671
14951,22.856434
14952,24.289015
14953,26.164213
14954,18.121012
14955,21.055729
14956,21.055729
14957,22.75996
14958,23.847775
14959,25.706572
14960,26.946985
14961,18.527689
14962,21.798025
14963,21.798025
14964,23.52042
14965,24.810362
14966,26.549759
14967,27.54559
14968,19.211786
14969,22.380392
14970,22.380392
14971,24.746647
14972,25.681465
14973,27.32222
14974,28.840899
14975,19.912172
14976,23.398582
14977,23.398582
14978,25.299412
14979,26.650887
14980,28.541239
14981,29.798788
14982,20.65021
14983,24.086784
14984,24.344982
14985,25.932806
14986,27.703115
14987,29.474804
14988,30.744812
14989,21.327875
14990,25.009834
14991,25.009834
14992,26.651167
14993,28.419436
14994,30.637598
14995,31.98919
14996,22.276371
14997,25.765476
14998,25.848179
14999,27.569435
15000,29.645973
15001,31.785992
15002,33.176437
15003,23.22634
15004,26.51352
15005,26.51352
15006,28.564285
15007,30.602198
15008,32.302555
15009,33.630814
15010,23.80347
15011,27.050295
15012,27.050295
15013,29.281397
15014,31.319315
15015,33.226795
15016,34.858315
15017,24.046204
15018,27.936033
15019,27.936033
15020,30.206892
15021,32.032368
15022,34.300564
15023,35.859512
15024,24.668839
15025,28.446487
15026,28.628418
15027,30.614199
15028,32.561623
15029,35.143665
15030,28.075354
15031,32.408695
15032,32.539055
15033,35.33158
15034,36.712624
15035,38.451946
15036,41.30603
15037,28.075354
15038,32.408695
15039,32.408695
15040,34.432964
15041,36.7019
15042,39.182346
15043,40.978233
15044,28.075354
15045,32.408695
15046,32.408695
15047,34.432964
15048,36.7019
15049,39.182346
15050,40.978233
15051,28.075354
15052,32.408695
15053,32.408695
15054,34.432964
15055,36.7019
15056,39.182346
15057,40.978233
15058,28.075354
15059,32.408695
15060,32.408695
15061,34.69123
15062,36.960167
15063,39.440613
15064,41.235718
15065,28.545528
15066,32.79732
15067,32.79732
15068,34.82159
15069,37.090527
15070,39.76841
15071,41.928062
15072,28.837547
15073,33.089336
15074,33.089336
15075,35.402843
15076,38.03065
15077,40.362
15078,42.16988
15079,29.401524
15080,33.83712
15081,33.83712
15082,36.150627
15083,38.214455
15084,40.635303
15085,43.053616
15086,30.081455
15087,34.332703
15088,34.391792
15089,36.93858
15090,39.02048
15091,41.57093
15092,43.579914
15093,30.40096
15094,35.217224
15095,35.217224
15096,37.476646
15097,39.844387
15098,42.16434
15099,44.173325
15100,31.226294
15101,35.55967
15102,35.55967
15103,38.527916
15104,40.632404
15105,42.95236
15106,44.96134
15107,31.612627
15108,36.254726
15109,36.254726
15110,38.6312
15111,40.805576
15112,43.234528
15113,45.150978
15114,31.612627
15115,36.32468
15116,36.32468
15117,38.6312
15118,40.805576
15119,43.234528
15120,22.878424
15121,26.923822
15122,26.321144
15123,27.244217
15124,31.621613
15125,32.05241
15126,33.068943
15127,23.19917
15128,26.53248
15129,26.53248
15130,28.329561
15131,30.6152
15132,32.03246
15133,33.322628
15134,23.346668
15135,26.53248
15136,26.53248
15137,28.329561
15138,30.394289
15139,32.03246
15140,33.322628
15141,23.346668
15142,26.53248
15143,26.53248
15144,28.329561
15145,30.394289
15146,32.03246
15147,33.322628
15148,23.346668
15149,26.53248
15150,26.53248
15151,28.587824
15152,30.652552
15153,32.78095
15154,34.070335
15155,23.764824
15156,27.011648
15157,27.181318
15158,29.24275
15159,31.307484
15160,33.518227
15161,35.200047
15162,24.007557
15163,27.897387
15164,28.145441
15165,30.168245
15166,32.33904
15167,34.288734
15168,35.846355
15169,24.630192
15170,28.589771
15171,28.589771
15172,30.575552
15173,32.549793
15174,35.131836
15175,36.721718
15176,25.058819
15177,29.138252
15178,29.138252
15179,31.209044
15180,33.156464
15181,35.693848
15182,37.642075
15183,25.545017
15184,29.782204
15185,30.273308
15186,32.09771
15187,34.271564
15188,36.352024
15189,38.583298
15190,26.039036
15191,30.717155
15192,30.717155
15193,32.574192
15194,35.22341
15195,37.44319
15196,39.824326
15197,26.931284
15198,31.56598
15199,31.639294
15200,33.396637
15201,36.074417
15202,38.577244
15203,40.779556
15204,27.421684
15205,32.106655
15206,32.106655
15207,34.541416
15208,36.86567
15209,39.346115
15210,27.181356
15211,31.269072
15212,30.609997
15213,33.532677
15214,34.445316
15215,37.173096
15216,39.51614
15217,26.96503
15218,31.269072
15219,31.269072
15220,33.099724
15221,35.567192
15222,38.143333
15223,39.846767
15224,26.86838
15225,31.454746
15226,31.454746
15227,33.26354
15228,35.80432
15229,38.307148
15230,40.010582
15231,26.86838
15232,31.454746
15233,31.454746
15234,33.26354
15235,35.80432
15236,38.307148
15237,40.010582
15238,26.86838
15239,31.454746
15240,31.454746
15241,33.521805
15242,36.062588
15243,38.565414
15244,40.268066
15245,27.383038
15246,32.06801
15247,32.06801
15248,34.242264
15249,36.85384
15250,39.28671
15251,41.036938
15252,28.162117
15253,32.66696
15254,32.66696
15255,34.69123
15256,37.090527
15257,39.76841
15258,41.563515
15259,28.545528
15260,32.79732
15261,33.089336
15262,35.402843
15263,37.78883
15264,40.120182
15265,42.16988
15266,29.401524
15267,33.653316
15268,33.83712
15269,36.189274
15270,38.226284
15271,40.647133
15272,43.104317
15273,30.120102
15274,34.37135
15275,34.43044
15276,36.93858
15277,39.02048
15278,41.57093
15279,43.579914
15280,30.883852
15281,35.217224
15282,35.217224
15283,37.476646
15284,39.844387
15285,42.16434
15286,44.62482
15287,31.226294
15288,35.55967
15289,36.151443
15290,38.527916
15291,40.632404
15292,42.95236
15293,45.150978
15294,31.612627
15295,36.254726
15296,36.32468
15297,38.6312
15298,40.805576
15299,43.234528
15300,53.48783
15301,65.19814
15302,60.46719
15303,66.8559
15304,69.668144
15305,74.722916
15306,80.85594
15307,53.78315
15308,62.53673
15309,62.19867
15310,66.396454
15311,70.77307
15312,75.49434
15313,79.73528
15314,53.78315
15315,62.53673
15316,62.53673
15317,66.396454
15318,70.77307
15319,75.68079
15320,79.58796
15321,53.78315
15322,62.53673
15323,62.53673
15324,66.396454
15325,70.77307
15326,75.68079
15327,79.58796
15328,53.78315
15329,62.53673
15330,62.53673
15331,66.73291
15332,71.10953
15333,76.01725
15334,80.07095
15335,54.073704
15336,63.00107
15337,63.00107
15338,66.86077
15339,71.50037
15340,76.07522
15341,80.07095
15342,54.073704
15343,63.00107
15344,63.00107
15345,66.86077
15346,71.50037
15347,76.07522
15348,80.07095
15349,54.073704
15350,63.00107
15351,63.00107
15352,66.86077
15353,71.50037
15354,76.07522
15355,80.07095
15356,54.073704
15357,63.00107
15358,63.00107
15359,66.9545
15360,71.5122
15361,76.08705
15362,80.12166
15363,54.11235
15364,63.094788
15365,63.094788
15366,66.9545
15367,71.5122
15368,76.08705
15369,80.12166
15370,54.11235
15371,63.094788
15372,63.094788
15373,66.9545
15374,71.5122
15375,76.08705
15376,80.12166
15377,54.11235
15378,63.094788
15379,63.094788
15380,66.9545
15381,71.5122
15382,76.08705
15383,80.12166
15384,54.11235
15385,63.094788
15386,63.094788
15387,66.9545
15388,71.5122
15389,76.08705
15390,71.31818
15391,83.12967
15392,83.94588
15393,87.89845
15394,91.45515
15395,93.728546
15396,97.55811
15397,70.229485
15398,81.194405
15399,81.194405
15400,85.866104
15401,90.77357
15402,95.86582
15403,99.82313
15404,69.56827
15405,81.194405
15406,81.194405
15407,85.40109
15408,92.09318
15409,97.15276
15410,101.18711
15411,69.56827
15412,81.194405
15413,81.194405
15414,85.40109
15415,92.41045
15416,97.564156
15417,102.11475
15418,70.014755
15419,81.76981
15420,81.76981
15421,86.67168
15422,93.029015
15423,97.776024
15424,102.711975
15425,70.7476
15426,82.36359
15427,82.36359
15428,87.669815
15429,93.41432
15430,98.15427
15431,102.711975
15432,70.7476
15433,82.36359
15434,82.36359
15435,87.669815
15436,93.41432
15437,98.15427
15438,102.711975
15439,70.7476
15440,82.36359
15441,82.36359
15442,87.669815
15443,93.41432
15444,98.15427
15445,102.711975
15446,70.7476
15447,82.36359
15448,82.36359
15449,87.76354
15450,93.426155
15451,98.1661
15452,102.76268
15453,70.841324
15454,82.45731
15455,82.45731
15456,87.76354
15457,93.426155
15458,98.1661
15459,102.76268
15460,70.841324
15461,82.45731
15462,82.45731
15463,87.76354
15464,93.426155
15465,98.1661
15466,102.76268
15467,70.841324
15468,82.45731
15469,82.45731
15470,87.76354
15471,93.426155
15472,98.1661
15473,102.76268
15474,70.841324
15475,82.45731
15476,82.45731
15477,87.76354
15478,93.426155
15479,98.1661
15480,65.19226
15481,78.4981
15482,84.29977
15483,81.383415
15484,89.2311
15485,93.84996
15486,101.44384
15487,67.15414
15488,79.239685
15489,80.11531
15490,83.43756
15491,89.474815
15492,95.290504
15493,100.61
15494,68.506165
15495,79.59674
15496,80.11531
15497,84.32199
15498,89.474815
15499,95.737816
15500,100.34748
15501,68.729996
15502,79.82057
15503,80.33914
15504,84.54582
15505,89.89403
15506,96.31313
15507,100.34748
15508,68.729996
15509,79.82057
15510,80.33914
15511,84.75769
15512,90.105896
15513,96.41491
15514,100.50592
15515,68.887085
15516,80.03244
15517,80.55101
15518,84.75769
15519,90.985435
15520,96.41491
15521,100.50592
15522,68.887085
15523,80.55101
15524,80.55101
15525,84.75769
15526,90.985435
15527,96.41491
15528,100.50592
15529,68.887085
15530,80.55101
15531,80.55101
15532,84.75769
15533,90.985435
15534,96.41491
15535,100.50592
15536,68.887085
15537,80.55101
15538,80.55101
15539,84.85142
15540,90.99727
15541,96.42674
15542,100.556625
15543,68.98081
15544,80.64474
15545,81.5
15546,85.70669
15547,92.31688
15548,97.26637
15549,101.396255
15550,69.46278
15551,82.07541
15552,82.07541
15553,86.7654
15554,93.04085
15555,97.78786
15556,102.3239
15557,70.841324
15558,82.45731
15559,82.45731
15560,87.76354
15561,93.426155
15562,98.1661
15563,102.76268
15564,70.841324
15565,82.45731
15566,82.45731
15567,87.76354
15568,93.426155
15569,98.1661
15570,62.685886
15571,72.42582
15572,71.349045
15573,78.56822
15574,78.28016
15575,87.02232
15576,89.22146
15577,62.685886
15578,72.05425
15579,72.05425
15580,76.97294
15581,81.412125
15582,86.115715
15583,89.91499
15584,62.685886
15585,72.05425
15586,72.05425
15587,76.269226
15588,81.99547
15589,86.115715
15590,89.91499
15591,62.685886
15592,72.05425
15593,72.05425
15594,76.269226
15595,81.99547
15596,86.115715
15597,89.91499
15598,62.685886
15599,72.05425
15600,72.05425
15601,76.568756
15602,82.295
15603,86.415245
15604,90.198494
15605,62.93065
15606,72.35378
15607,72.35378
15608,76.568756
15609,82.295
15610,86.415245
15611,90.99627
15612,62.93065
15613,72.35378
15614,72.35378
15615,76.568756
15616,82.295
15617,86.415245
15618,90.99627
15619,62.93065
15620,72.35378
15621,72.35378
15622,76.568756
15623,82.295
15624,86.415245
15625,90.99627
15626,62.93065
15627,72.35378
15628,72.35378
15629,76.66248
15630,82.915794
15631,87.74684
15632,92.0356
15633,63.368225
15634,73.12334
15635,73.71372
15636,77.83763
15637,83.37728
15638,87.888794
15639,92.39418
15640,63.429302
15641,73.71372
15642,74.361626
15643,79.224556
15644,84.72418
15645,88.902
15646,93.2331
15647,63.947163
15648,74.361626
15649,74.71918
15650,79.58161
15651,84.72418
15652,88.8029
15653,92.80728
15654,63.947163
15655,74.71918
15656,74.71918
15657,79.58161
15658,84.72418
15659,88.8029
15660,45.388676
15661,53.169434
15662,53.169434
15663,56.303383
15664,61.779034
15665,62.68527
15666,70.204094
15667,46.01746
15668,53.727592
15669,53.727592
15670,57.37866
15671,61.34128
15672,65.40717
15673,69.19365
15674,46.16294
15675,53.87307
15676,53.87307
15677,57.524136
15678,61.486767
15679,65.6314
15680,69.19365
15681,46.16294
15682,53.87307
15683,53.87307
15684,57.524136
15685,61.486767
15686,65.6314
15687,69.19365
15688,46.16294
15689,53.87307
15690,53.87307
15691,57.859238
15692,61.87472
15693,66.01933
15694,69.580795
15695,47.221684
15696,54.55216
15697,54.55216
15698,58.24445
15699,63.17193
15700,67.188995
15701,70.750465
15702,47.452778
15703,54.783253
15704,54.783253
15705,58.19414
15706,63.60968
15707,67.43296
15708,70.750465
15709,47.452778
15710,54.783253
15711,54.783253
15712,58.19414
15713,63.60968
15714,67.43296
15715,70.750465
15716,47.452778
15717,54.783253
15718,54.783253
15719,58.232788
15720,63.62151
15721,67.44479
15722,70.80117
15723,47.491425
15724,54.8219
15725,54.8219
15726,58.232788
15727,63.62151
15728,67.44479
15729,70.80117
15730,47.491425
15731,54.8219
15732,54.8219
15733,58.232788
15734,63.62151
15735,67.44479
15736,70.80117
15737,47.491425
15738,54.8219
15739,54.8219
15740,58.232788
15741,63.62151
15742,67.44479
15743,70.80117
15744,47.491425
15745,54.8219
15746,54.8219
15747,58.232788
15748,63.62151
15749,67.44479
15750,44.86961
15751,49.97342
15752,52.718777
15753,53.683144
15754,59.1522
15755,59.974762
15756,61.887074
15757,43.268494
15758,50.416756
15759,51.007156
15760,53.874733
15761,57.91815
15762,60.981297
15763,64.335075
15764,43.268494
15765,50.815567
15766,51.007156
15767,54.273544
15768,57.396397
15769,61.521618
15770,65.23369
15771,43.268494
15772,50.815567
15773,51.007156
15774,54.273544
15775,57.396397
15776,61.521618
15777,65.23369
15778,43.268494
15779,50.815567
15780,51.007156
15781,54.608646
15782,57.7315
15783,62.144985
15784,66.0068
15785,43.61892
15786,51.47784
15787,52.27569
15788,55.343956
15789,58.66967
15790,63.620018
15791,66.92562
15792,44.203323
15793,52.341763
15794,52.806995
15795,55.96938
15796,59.97131
15797,64.37914
15798,67.58446
15799,44.744244
15800,53.504536
15801,53.504536
15802,56.638485
15803,60.613155
15804,64.61304
15805,68.06232
15806,44.744244
15807,53.504536
15808,53.504536
15809,56.67713
15810,60.55901
15811,64.62487
15812,68.11302
15813,44.78289
15814,53.543182
15815,53.543182
15816,56.67713
15817,60.55901
15818,64.62487
15819,68.11302
15820,44.78289
15821,53.543182
15822,53.543182
15823,56.67713
15824,60.55901
15825,64.62487
15826,68.11302
15827,44.78289
15828,53.543182
15829,53.543182
15830,56.67713
15831,60.55901
15832,64.62487
15833,68.11302
15834,44.78289
15835,53.543182
15836,53.543182
15837,56.67713
15838,60.55901
15839,64.62487
15840,40.742588
15841,50.235188
15842,48.62179
15843,51.52758
15844,55.508373
15845,56.64222
15846,59.327877
15847,41.668182
15848,48.62179
15849,48.074043
15850,51.52758
15851,54.5878
15852,57.471806
15853,60.97792
15854,41.668182
15855,48.62179
15856,48.62179
15857,52.07533
15858,55.248875
15859,58.217785
15860,61.791798
15861,41.7228
15862,48.67641
15863,48.67641
15864,52.534298
15865,55.25379
15866,58.89892
15867,61.860184
15868,41.7228
15869,48.67641
15870,48.67641
15871,52.8694
15872,55.588894
15873,59.699852
15874,62.753338
15875,42.071316
15876,49.87453
15877,49.87453
15878,53.417015
15879,56.809807
15880,60.93126
15881,64.45522
15882,42.740685
15883,50.144047
15884,50.144047
15885,54.03248
15886,57.332687
15887,61.66743
15888,65.378685
15889,43.505
15890,51.15067
15891,51.15067
15892,55.06415
15893,58.24781
15894,62.96354
15895,66.82535
15896,44.225178
15897,52.27569
15898,52.341763
15899,55.448677
15900,59.42379
15901,64.22738
15902,67.47157
15903,44.532673
15904,52.944725
15905,52.944725
15906,56.047485
15907,60.624985
15908,64.62487
15909,68.11302
15910,44.78289
15911,53.543182
15912,53.543182
15913,56.67713
15914,60.55901
15915,64.62487
15916,68.11302
15917,44.78289
15918,53.543182
15919,53.543182
15920,56.67713
15921,60.55901
15922,64.62487
15923,68.11302
15924,44.78289
15925,53.543182
15926,53.543182
15927,56.67713
15928,60.55901
15929,64.62487
15930,63.850258
15931,74.33579
15932,75.33467
15933,78.55871
15934,88.09941
15935,98.37796
15936,103.33973
15937,66.168396
15938,76.80509
15939,77.56265
15940,82.42405
15941,89.2311
15942,94.70459
15943,99.65137
15944,66.69084
15945,77.56265
15946,78.52807
15947,83.299675
15948,89.10969
15949,94.60151
15950,99.14221
15951,66.69084
15952,78.52807
15953,78.7994
15954,83.43756
15955,89.10969
15956,94.60151
15957,99.14221
15958,67.15414
15959,78.7994
15960,78.7994
15961,83.64943
15962,89.321556
15963,94.81338
15964,99.30065
15965,68.22297
15966,79.01127
15967,79.01127
15968,83.64943
15969,89.321556
15970,94.81338
15971,99.30065
15972,68.22297
15973,79.368324
15974,79.368324
15975,84.53386
15976,89.68668
15977,95.77201
15978,100.259285
15979,68.66325
15980,79.80861
15981,80.03244
15982,84.75769
15983,90.105896
15984,96.525
15985,100.50592
15986,68.887085
15987,80.03244
15988,80.55101
15989,84.85142
15990,90.99727
15991,96.42674
15992,100.556625
15993,68.98081
15994,80.64474
15995,81.5
15996,85.70669
15997,92.31688
15998,97.26637
15999,101.396255
16000,69.46278
16001,82.07541
16002,82.07541
16003,86.7654
16004,93.04085
16005,97.78786
16006,102.3239
16007,70.841324
16008,82.45731
16009,82.45731
16010,87.76354
16011,93.426155
16012,98.1661
16013,102.76268
16014,70.841324
16015,82.45731
16016,82.45731
16017,87.76354
16018,93.426155
16019,98.1661
16020,58.635838
16021,64.87766
16022,68.135025
16023,69.377594
16024,70.615555
16025,75.73876
16026,78.671745
16027,56.031784
16028,63.993214
16029,63.970646
16030,68.04582
16031,70.83104
16032,75.73876
16033,79.67051
16034,54.289406
16035,62.664593
16036,62.664593
16037,66.76828
16038,70.83104
16039,75.73876
16040,79.73528
16041,53.844868
16042,62.664593
16043,62.664593
16044,66.524315
16045,70.83104
16046,75.73876
16047,79.73528
16048,53.844868
16049,62.664593
16050,62.664593
16051,66.86077
16052,71.167496
16053,76.07522
16054,80.07095
16055,54.073704
16056,63.00107
16057,63.00107
16058,66.86077
16059,71.50037
16060,76.07522
16061,80.07095
16062,54.073704
16063,63.00107
16064,63.00107
16065,66.86077
16066,71.50037
16067,76.07522
16068,80.07095
16069,54.073704
16070,63.00107
16071,63.00107
16072,66.86077
16073,71.50037
16074,76.07522
16075,80.07095
16076,54.073704
16077,63.00107
16078,63.00107
16079,66.9545
16080,71.5122
16081,76.08705
16082,80.12166
16083,54.11235
16084,63.094788
16085,63.094788
16086,66.9545
16087,71.5122
16088,76.08705
16089,80.12166
16090,54.11235
16091,63.094788
16092,63.094788
16093,66.9545
16094,71.5122
16095,76.08705
16096,80.12166
16097,54.11235
16098,63.094788
16099,63.094788
16100,66.9545
16101,71.5122
16102,76.08705
16103,80.12166
16104,54.11235
16105,63.094788
16106,63.094788
16107,66.9545
16108,71.5122
16109,76.08705
16110,62.051693
16111,73.320465
16112,68.96984
16113,78.232285
16114,85.077255
16115,91.06759
16116,93.45081
16117,63.608673
16118,73.96837
16119,72.224236
16120,78.8313
16121,84.41282
16122,88.85833
16123,92.473076
16124,63.608673
16125,73.96837
16126,73.96837
16127,78.8313
16128,84.41282
16129,88.49154
16130,92.898895
16131,63.608673
16132,73.96837
16133,73.96837
16134,78.8313
16135,84.41282
16136,88.49154
16137,92.898895
16138,63.608673
16139,73.96837
16140,73.96837
16141,79.13083
16142,84.71235
16143,88.79107
16144,93.182396
16145,63.85344
16146,74.2679
16147,74.2679
16148,79.487885
16149,84.71235
16150,88.79107
16151,92.75658
16152,63.85344
16153,74.62545
16154,74.62545
16155,79.487885
16156,84.71235
16157,88.79107
16158,93.182396
16159,63.85344
16160,74.62545
16161,74.62545
16162,79.487885
16163,84.71235
16164,88.79107
16165,92.75658
16166,63.85344
16167,74.62545
16168,74.62545
16169,79.58161
16170,84.72418
16171,88.8029
16172,93.2331
16173,63.947163
16174,74.71918
16175,74.71918
16176,79.58161
16177,84.72418
16178,88.8029
16179,92.80728
16180,63.947163
16181,74.71918
16182,74.71918
16183,79.58161
16184,84.72418
16185,88.8029
16186,93.2331
16187,63.947163
16188,74.71918
16189,74.71918
16190,79.58161
16191,84.72418
16192,88.8029
16193,92.80728
16194,63.947163
16195,74.71918
16196,74.71918
16197,79.58161
16198,84.72418
16199,88.8029
16200,24.899149
16201,28.36047
16202,29.976398
16203,31.28255
16204,33.450584
16205,36.543655
16206,37.122574
16207,25.252207
16208,29.419392
16209,29.976398
16210,31.8008
16211,33.968834
16212,36.293243
16213,38.242477
16214,25.837793
16215,29.976398
16216,30.06371
16217,31.920742
16218,34.08878
16219,36.342564
16220,38.389877
16221,25.84072
16222,30.06371
16223,30.06371
16224,31.920742
16225,34.170914
16226,36.342564
16227,38.389877
16228,25.84072
16229,30.06371
16230,30.06371
16231,32.17901
16232,34.785717
16233,37.005493
16234,39.13959
16235,26.699572
16236,31.03375
16237,31.03375
16238,32.878963
16239,35.419746
16240,38.328285
16241,40.10425
16242,26.87716
16243,31.600647
16244,31.713009
16245,33.521805
16246,36.062588
16247,39.026203
16248,40.728855
16249,27.383038
16250,32.600006
16251,32.600006
16252,34.50277
16253,36.85384
16254,39.440613
16255,41.235718
16256,28.235023
16257,32.79732
16258,32.79732
16259,34.860237
16260,37.102356
16261,39.78024
16262,41.614216
16263,28.876194
16264,33.127983
16265,33.127983
16266,35.44149
16267,38.04248
16268,40.37383
16269,42.22058
16270,29.558613
16271,33.875767
16272,33.875767
16273,36.189274
16274,38.83671
16275,41.257565
16276,43.104317
16277,30.179192
16278,34.43044
16279,34.43044
16280,36.99376
16281,39.250973
16282,41.57093
16283,43.579914
16284,30.883852
16285,35.217224
16286,35.217224
16287,37.476646
16288,39.844387
16289,42.16434
16290,34.10607
16291,37.76377
16292,37.88082
16293,40.933575
16294,44.712673
16295,46.342094
16296,48.73973
16297,33.57906
16298,38.66296
16299,38.66296
16300,40.933575
16301,43.653088
16302,46.342094
16303,49.240067
16304,33.36118
16305,38.66296
16306,38.66296
16307,40.933575
16308,43.653088
16309,46.342094
16310,49.240067
16311,33.36118
16312,38.66296
16313,38.66296
16314,40.933575
16315,43.653088
16316,46.342094
16317,49.240067
16318,33.36118
16319,38.66296
16320,38.66296
16321,41.19184
16322,43.911354
16323,46.60036
16324,49.49755
16325,33.52085
16326,38.921227
16327,38.921227
16328,41.19184
16329,43.911354
16330,46.60036
16331,49.49755
16332,33.52085
16333,38.921227
16334,38.921227
16335,41.19184
16336,43.911354
16337,46.60036
16338,49.49755
16339,33.52085
16340,38.921227
16341,38.921227
16342,41.19184
16343,43.911354
16344,46.60036
16345,49.49755
16346,33.52085
16347,38.921227
16348,38.921227
16349,41.230488
16350,43.923183
16351,46.61219
16352,49.548252
16353,33.559498
16354,38.959873
16355,38.959873
16356,41.230488
16357,43.923183
16358,46.61219
16359,49.548252
16360,33.559498
16361,38.959873
16362,38.959873
16363,41.230488
16364,43.923183
16365,46.61219
16366,49.548252
16367,33.559498
16368,38.959873
16369,38.959873
16370,41.230488
16371,43.923183
16372,46.61219
16373,49.548252
16374,33.559498
16375,38.959873
16376,38.959873
16377,41.230488
16378,43.923183
16379,46.61219
16380,28.141256
16381,32.408695
16382,32.275837
16383,35.21453
16384,37.530563
16385,39.01578
16386,42.9453
16387,28.677877
16388,32.83107
16389,32.83107
16390,35.708557
16391,37.772385
16392,40.103733
16393,41.912395
16394,29.241854
16395,33.39505
16396,33.39505
16397,35.89236
16398,37.95619
16399,40.326164
16400,42.134827
16401,29.426203
16402,33.578854
16403,33.578854
16404,35.89236
16405,37.95619
16406,40.326164
16407,42.134827
16408,29.426203
16409,33.578854
16410,33.578854
16411,36.150627
16412,38.214455
16413,40.635303
16414,42.443184
16415,30.081455
16416,34.332703
16417,34.332703
16418,36.899933
16419,39.00865
16420,41.32861
16421,43.529213
16422,30.362314
16423,34.69569
16424,35.178577
16425,37.438
16426,39.832558
16427,42.15251
16428,44.122623
16429,30.845205
16430,35.521023
16431,35.521023
16432,37.897495
16433,40.28405
16434,42.94053
16435,44.91064
16436,31.423407
16437,36.112797
16438,36.21608
16439,38.6312
16440,40.805576
16441,43.234528
16442,45.150978
16443,31.612627
16444,36.32468
16445,36.32468
16446,38.6312
16447,40.805576
16448,43.234528
16449,45.576218
16450,31.612627
16451,36.32468
16452,36.32468
16453,38.6312
16454,40.805576
16455,43.234528
16456,45.576218
16457,31.612627
16458,36.32468
16459,36.32468
16460,38.6312
16461,40.805576
16462,43.234528
16463,45.576218
16464,31.612627
16465,36.32468
16466,36.32468
16467,38.6312
16468,40.805576
16469,43.234528
16470,31.63219
16471,35.924484
16472,36.041534
16473,37.37009
16474,40.36231
16475,42.77098
16476,43.86514
16477,31.263737
16478,35.85453
16479,35.924484
16480,38.231003
16481,40.36231
16482,42.682262
16483,44.653156
16484,31.263737
16485,35.85453
16486,35.85453
16487,38.231003
16488,40.36231
16489,42.682262
16490,44.653156
16491,31.263737
16492,35.85453
16493,35.85453
16494,38.231003
16495,40.36231
16496,42.682262
16497,44.653156
16498,31.263737
16499,35.85453
16500,35.85453
16501,38.48927
16502,40.793747
16503,43.2227
16504,45.100277
16505,31.57398
16506,36.21608
16507,36.21608
16508,38.592552
16509,40.793747
16510,43.2227
16511,45.525517
16512,31.57398
16513,36.286034
16514,36.286034
16515,38.592552
16516,40.793747
16517,43.2227
16518,45.525517
16519,31.57398
16520,36.286034
16521,36.286034
16522,38.592552
16523,40.793747
16524,43.2227
16525,45.525517
16526,31.57398
16527,36.286034
16528,36.286034
16529,38.6312
16530,40.805576
16531,43.234528
16532,45.576218
16533,31.612627
16534,36.32468
16535,36.32468
16536,38.6312
16537,40.805576
16538,43.234528
16539,45.576218
16540,31.612627
16541,36.32468
16542,36.32468
16543,38.6312
16544,40.805576
16545,43.234528
16546,45.576218
16547,31.612627
16548,36.32468
16549,36.32468
16550,38.6312
16551,40.805576
16552,43.234528
16553,45.576218
16554,31.612627
16555,36.32468
16556,36.32468
16557,38.6312
16558,40.805576
16559,43.234528
16560,20.335781
16561,23.552748
16562,22.300257
16563,24.582882
16564,24.514334
16565,28.244707
16566,28.478884
16567,20.255646
16568,23.287819
16569,23.14032
16570,25.00806
16571,26.265038
16572,28.282976
16573,29.379274
16574,20.566845
16575,23.513668
16576,23.828522
16577,25.416346
16578,26.673323
16579,28.44501
16580,29.7158
16581,20.982815
16582,24.08672
16583,24.08672
16584,25.674543
16585,27.2471
16586,29.216541
16587,30.487331
16588,21.168205
16589,24.455036
16590,24.455036
16591,26.301123
16592,28.365927
16593,30.098984
16594,31.504076
16595,22.088324
16596,25.39361
16597,25.670979
16598,27.09815
16599,29.086287
16600,30.81935
16601,32.672462
16602,22.827673
16603,26.291515
16604,26.291515
16605,28.088596
16606,30.33668
16607,31.97485
16608,33.580112
16609,23.226955
16610,26.728558
16611,26.790743
16612,28.587824
16613,30.873463
16614,32.78095
16615,34.070335
16616,23.93449
16617,27.181318
16618,27.181318
16619,29.281397
16620,31.622574
16621,33.6918
16622,35.250748
16623,24.443981
16624,28.184088
16625,28.184088
16626,30.44563
16627,32.35087
16628,34.338108
16629,36.21027
16630,24.8507
16631,28.628418
16632,28.998955
16633,31.031105
16634,32.978523
16635,35.205235
16636,37.15346
16637,25.136936
16638,29.716301
16639,29.716301
16640,31.57946
16641,33.72068
16642,36.31939
16643,38.550663
16644,26.03611
16645,30.273308
16646,30.360619
16647,32.217655
16648,34.715412
16649,37.017323
16650,21.168205
16651,24.455036
16652,24.41521
16653,27.092455
16654,27.615288
16655,29.084688
16656,30.010551
16657,21.54488
16658,24.751572
16659,24.751572
16660,26.44393
16661,28.107664
16662,29.840721
16663,31.246595
16664,21.928654
16665,25.135347
16666,25.135347
16667,26.622751
16668,28.749628
16669,30.48269
16670,31.835062
16671,22.116701
16672,25.589916
16673,25.589916
16674,27.005854
16675,29.37588
16676,31.062628
16677,32.414978
16678,22.844666
16679,26.033253
16680,26.033253
16681,28.088596
16682,30.15332
16683,31.97485
16684,33.326427
16685,23.226955
16686,26.728558
16687,26.728558
16688,28.587824
16689,30.652552
16690,32.78095
16691,34.070335
16692,23.764824
16693,27.181318
16694,27.181318
16695,29.24275
16696,31.307484
16697,33.518227
16698,35.200047
16699,24.007557
16700,27.897387
16701,28.145441
16702,30.168245
16703,32.33904
16704,34.288734
16705,35.846355
16706,24.630192
16707,28.589771
16708,28.589771
16709,30.614199
16710,32.561623
16711,35.143665
16712,36.77242
16713,25.097466
16714,29.176899
16715,29.176899
16716,31.209044
16717,33.72068
16718,35.693848
16719,37.642075
16720,25.545017
16721,30.273308
16722,30.273308
16723,32.130344
16724,34.271564
16725,36.352024
16726,38.698063
16727,26.382975
16728,30.717155
16729,30.717155
16730,32.709446
16731,35.22341
16732,37.44319
16733,39.824326
16734,26.916265
16735,31.56598
16736,31.639294
16737,33.396637
16738,36.074417
16739,38.577244
16740,20.227829
16741,22.414968
16742,21.27691
16743,23.798851
16744,25.5177
16745,27.063957
16746,28.164322
16747,19.79697
16748,22.681644
16749,22.572918
16750,24.738998
16751,25.768314
16752,27.587587
16753,29.174637
16754,20.021564
16755,23.14032
16756,23.247503
16757,25.04115
16758,26.392624
16759,28.282976
16760,29.553766
16761,20.566845
16762,23.828522
16763,23.828522
16764,25.416346
16765,26.673323
16766,29.018787
16767,30.289577
16768,20.982815
16769,24.455036
16770,24.455036
16771,26.301123
16772,27.703115
16773,30.098984
16774,31.30309
16775,21.77834
16776,25.39361
16777,25.39361
16778,26.881014
16779,29.00789
16780,30.740953
16781,32.170933
16782,22.718946
16783,26.114853
16784,26.291515
16785,27.984062
16786,30.15332
16787,31.97485
16788,33.326427
16789,23.226955
16790,26.728558
16791,26.728558
16792,28.587824
16793,30.652552
16794,32.78095
16795,34.070335
16796,23.764824
16797,27.181318
16798,27.181318
16799,29.281397
16800,31.319315
16801,33.530056
16802,35.250748
16803,24.046204
16804,27.936033
16805,28.184088
16806,30.206892
16807,32.35087
16808,34.300564
16809,35.897057
16810,24.668839
16811,28.628418
16812,28.628418
16813,30.614199
16814,32.978523
16815,35.143665
16816,36.77242
16817,25.136936
16818,29.176899
16819,29.176899
16820,31.209044
16821,33.72068
16822,35.693848
16823,37.642075
16824,25.545017
16825,30.273308
16826,30.273308
16827,32.130344
16828,34.271564
16829,36.352024
16830,36.948185
16831,42.129818
16832,42.294067
16833,46.20622
16834,48.60128
16835,54.72883
16836,55.134518
16837,37.57981
16838,43.350006
16839,43.350006
16840,46.395603
16841,50.062366
16842,53.169533
16843,55.490288
16844,37.879787
16845,43.350006
16846,43.350006
16847,46.395603
16848,50.062366
16849,53.060402
16850,55.490288
16851,37.879787
16852,43.350006
16853,43.350006
16854,46.395603
16855,50.062366
16856,53.060402
16857,55.490288
16858,37.879787
16859,43.350006
16860,43.350006
16861,46.65387
16862,50.320633
16863,53.4278
16864,55.856903
16865,38.12841
16866,43.697224
16867,43.697224
16868,46.74282
16869,50.484577
16870,53.757732
16871,56.186836
16872,38.809174
16873,44.681286
16874,44.681286
16875,47.437653
16876,51.3053
16877,54.248524
16878,56.677628
16879,38.809174
16880,44.681286
16881,44.681286
16882,47.87908
16883,51.743618
16884,54.66862
16885,57.097725
16886,39.0559
16887,44.928013
16888,44.996998
16889,48.371857
16890,51.96285
16891,54.88785
16892,57.436554
16893,39.226913
16894,45.035645
16895,45.035645
16896,48.535057
16897,52.226772
16898,55.151775
16899,57.71011
16900,39.974834
16901,45.904015
16902,45.904015
16903,49.676052
16904,52.673416
16905,55.31017
16906,58.44921
16907,40.414238
16908,46.397617
16909,46.397617
16910,50.103302
16911,53.23368
16912,56.117683
16913,59.867294
16914,41.064457
16915,47.11078
16916,47.11078
16917,51.099266
16918,54.105145
16919,56.98915
16920,31.006826
16921,37.156284
16922,37.793957
16923,39.066574
16924,41.646397
16925,44.844086
16926,46.649967
16927,31.90257
16928,37.34329
16929,37.34329
16930,39.399166
16931,42.104107
16932,44.418846
16933,46.722446
16934,32.266396
16935,37.34329
16936,37.34329
16937,39.498646
16938,42.104107
16939,44.418846
16940,46.722446
16941,32.266396
16942,37.34329
16943,37.34329
16944,39.498646
16945,42.104107
16946,44.418846
16947,46.722446
16948,32.266396
16949,37.34329
16950,37.34329
16951,39.756912
16952,42.362373
16953,44.677113
16954,46.97993
16955,32.426067
16956,37.601555
16957,38.052223
16958,40.322838
16959,42.9283
16960,44.973724
16961,47.497448
16962,32.758766
16963,38.139088
16964,38.139088
16965,40.409702
16966,43.015163
16967,45.06059
16968,47.882683
16969,32.758766
16970,38.139088
16971,38.139088
16972,40.409702
16973,43.015163
16974,45.48583
16975,47.882683
16976,32.758766
16977,38.139088
16978,38.139088
16979,40.44835
16980,43.026993
16981,45.497658
16982,47.933384
16983,32.797413
16984,38.177734
16985,38.177734
16986,40.44835
16987,43.026993
16988,45.497658
16989,47.933384
16990,32.797413
16991,38.177734
16992,38.177734
16993,40.44835
16994,43.026993
16995,45.497658
16996,47.933384
16997,32.797413
16998,38.177734
16999,38.177734
17000,40.44835
17001,43.026993
17002,45.497658
17003,47.933384
17004,32.797413
17005,38.177734
17006,38.177734
17007,40.44835
17008,43.026993
17009,45.497658
17010,28.74378
17011,32.408695
17012,32.408695
17013,34.35083
17014,37.261425
17015,40.98747
17016,44.58254
17017,29.241854
17018,33.578854
17019,33.578854
17020,35.89236
17021,38.566616
17022,41.070343
17023,42.99673
17024,29.921785
17025,34.074436
17026,34.133526
17027,36.571712
17028,38.750385
17029,41.070343
17030,42.99673
17031,29.980875
17032,34.21566
17033,34.21566
17034,36.641666
17035,38.750385
17036,41.070343
17037,42.99673
17038,29.980875
17039,34.21566
17040,34.21566
17041,36.899933
17042,39.239143
17043,41.5591
17044,43.529213
17045,30.362314
17046,35.178577
17047,35.178577
17048,37.438
17049,39.832558
17050,42.15251
17051,44.122623
17052,31.187647
17053,35.521023
17054,35.521023
17055,37.897495
17056,40.620575
17057,42.94053
17058,44.91064
17059,31.423407
17060,36.112797
17061,36.21608
17062,38.592552
17063,40.793747
17064,43.2227
17065,45.100277
17066,31.57398
17067,36.286034
17068,36.286034
17069,38.6312
17070,40.805576
17071,43.234528
17072,45.576218
17073,31.612627
17074,36.32468
17075,36.32468
17076,38.6312
17077,40.805576
17078,43.234528
17079,45.576218
17080,31.612627
17081,36.32468
17082,36.32468
17083,38.6312
17084,40.805576
17085,43.234528
17086,45.576218
17087,31.612627
17088,36.32468
17089,36.32468
17090,38.6312
17091,40.805576
17092,43.234528
17093,45.576218
17094,31.612627
17095,36.32468
17096,36.32468
17097,38.6312
17098,40.805576
17099,43.234528
17100,31.772873
17101,34.133526
17102,34.35529
17103,37.37009
17104,42.28184
17105,42.34574
17106,45.653267
17107,31.263737
17108,35.85453
17109,35.957813
17110,38.334286
17111,40.53548
17112,42.96443
17113,45.268032
17114,31.41431
17115,35.957813
17116,35.957813
17117,38.334286
17118,40.53548
17119,42.96443
17120,45.268032
17121,31.41431
17122,35.957813
17123,35.957813
17124,38.334286
17125,40.53548
17126,42.96443
17127,45.268032
17128,31.41431
17129,35.957813
17130,35.957813
17131,38.592552
17132,40.793747
17133,43.2227
17134,45.525517
17135,31.57398
17136,36.21608
17137,36.21608
17138,38.592552
17139,40.793747
17140,43.2227
17141,45.525517
17142,31.57398
17143,36.286034
17144,36.286034
17145,38.592552
17146,40.793747
17147,43.2227
17148,45.525517
17149,31.57398
17150,36.286034
17151,36.286034
17152,38.592552
17153,40.793747
17154,43.2227
17155,45.525517
17156,31.57398
17157,36.286034
17158,36.286034
17159,38.6312
17160,40.805576
17161,43.234528
17162,45.576218
17163,31.612627
17164,36.32468
17165,36.32468
17166,38.6312
17167,40.805576
17168,43.234528
17169,45.576218
17170,31.612627
17171,36.32468
17172,36.32468
17173,38.6312
17174,40.805576
17175,43.234528
17176,45.576218
17177,31.612627
17178,36.32468
17179,36.32468
17180,38.6312
17181,40.805576
17182,43.234528
17183,45.576218
17184,31.612627
17185,36.32468
17186,36.32468
17187,38.6312
17188,40.805576
17189,43.234528
17190,38.48189
17191,45.43309
17192,46.40332
17193,47.975605
17194,50.4179
17195,52.70463
17196,53.418354
17197,38.6495
17198,44.59703
17199,44.59703
17200,47.620815
17201,50.556244
17202,53.499466
17203,55.92935
17204,38.6495
17205,44.42302
17206,44.42302
17207,47.620815
17208,51.047035
17209,53.990257
17210,56.420143
17211,38.6495
17212,44.42302
17213,44.42302
17214,47.620815
17215,51.238625
17216,53.990257
17217,56.420143
17218,38.6495
17219,44.42302
17220,44.42302
17221,47.87908
17222,51.49689
17223,54.248524
17224,56.677628
17225,38.809174
17226,44.681286
17227,44.928013
17228,48.12581
17229,51.743618
17230,54.66862
17231,57.097725
17232,39.188267
17233,44.996998
17234,44.996998
17235,48.49641
17236,51.95102
17237,54.876022
17238,57.385853
17239,39.188267
17240,44.996998
17241,44.996998
17242,48.49641
17243,51.95102
17244,54.876022
17245,57.385853
17246,39.188267
17247,44.996998
17248,44.996998
17249,48.535057
17250,51.96285
17251,54.88785
17252,57.436554
17253,39.974834
17254,45.730003
17255,45.730003
17256,49.22941
17257,52.226772
17258,55.31017
17259,57.811283
17260,40.321175
17261,46.304554
17262,46.304554
17263,50.06673
17264,53.064095
17265,56.117683
17266,58.67645
17267,40.487133
17268,47.047836
17269,47.047836
17270,51.036324
17271,53.81125
17272,56.695255
17273,59.930237
17274,41.246258
17275,47.755543
17276,47.855656
17277,51.60523
17278,54.205257
17279,57.818737
17280,38.319298
17281,42.46808
17282,41.993378
17283,45.19533
17284,50.4179
17285,52.70463
17286,55.134518
17287,37.879787
17288,43.042774
17289,43.350006
17290,46.395603
17291,50.062366
17292,53.060402
17293,55.490288
17294,37.879787
17295,43.350006
17296,43.350006
17297,46.395603
17298,50.062366
17299,53.060402
17300,55.490288
17301,37.879787
17302,43.350006
17303,43.350006
17304,46.395603
17305,50.062366
17306,53.060402
17307,55.490288
17308,37.879787
17309,43.350006
17310,43.350006
17311,46.65387
17312,50.320633
17313,53.4278
17314,55.856903
17315,38.12841
17316,43.697224
17317,43.697224
17318,46.74282
17319,50.484577
17320,53.757732
17321,56.186836
17322,38.809174
17323,44.681286
17324,44.681286
17325,47.437653
17326,51.3053
17327,54.248524
17328,56.677628
17329,38.809174
17330,44.681286
17331,44.681286
17332,47.87908
17333,51.743618
17334,54.66862
17335,57.097725
17336,39.0559
17337,44.928013
17338,44.996998
17339,48.371857
17340,51.96285
17341,54.88785
17342,57.436554
17343,39.226913
17344,45.035645
17345,45.035645
17346,48.535057
17347,52.226772
17348,55.151775
17349,57.71011
17350,39.974834
17351,45.904015
17352,45.904015
17353,49.676052
17354,52.673416
17355,55.31017
17356,58.44921
17357,40.414238
17358,46.397617
17359,46.397617
17360,50.103302
17361,53.23368
17362,56.117683
17363,59.867294
17364,41.064457
17365,47.11078
17366,47.11078
17367,51.099266
17368,54.105145
17369,56.98915
17370,34.547684
17371,38.66296
17372,38.475956
17373,41.5749
17374,44.468426
17375,46.988045
17376,50.50001
17377,34.02067
17378,39.37036
17379,39.37036
17380,41.5749
17381,44.294415
17382,46.988045
17383,49.992073
17384,34.02067
17385,39.37036
17386,39.37036
17387,41.5749
17388,44.294415
17389,46.988045
17390,49.992073
17391,34.02067
17392,39.37036
17393,39.37036
17394,41.5749
17395,44.294415
17396,46.988045
17397,49.992073
17398,34.02067
17399,39.37036
17400,39.37036
17401,41.833168
17402,44.55268
17403,47.24631
17404,50.249557
17405,34.180344
17406,39.628628
17407,39.628628
17408,41.833168
17409,44.55268
17410,47.631546
17411,50.249557
17412,34.180344
17413,39.628628
17414,39.628628
17415,41.833168
17416,44.55268
17417,47.631546
17418,50.249557
17419,34.180344
17420,39.628628
17421,39.628628
17422,41.833168
17423,44.55268
17424,47.631546
17425,50.249557
17426,34.180344
17427,39.628628
17428,39.628628
17429,41.871815
17430,44.56451
17431,47.643375
17432,50.30026
17433,34.21899
17434,39.667274
17435,39.667274
17436,41.871815
17437,44.56451
17438,47.643375
17439,50.30026
17440,34.21899
17441,39.667274
17442,39.667274
17443,41.871815
17444,44.56451
17445,47.643375
17446,50.30026
17447,34.21899
17448,39.667274
17449,39.667274
17450,41.871815
17451,44.56451
17452,47.643375
17453,50.30026
17454,34.21899
17455,39.667274
17456,39.667274
17457,41.871815
17458,44.56451
17459,47.643375
17460,24.746881
17461,28.149578
17462,28.48462
17463,29.050388
17464,30.878782
17465,34.09283
17466,34.711872
17467,24.470522
17468,27.887178
17469,27.887178
17470,29.909983
17471,31.762276
17472,34.112602
17473,35.551327
17474,24.470522
17475,28.112036
17476,28.112036
17477,30.186262
17478,32.118317
17479,34.150146
17480,35.58887
17481,24.470522
17482,28.149578
17483,28.149578
17484,30.186262
17485,32.118317
17486,34.150146
17487,35.58887
17488,24.470522
17489,28.149578
17490,28.149578
17491,30.444525
17492,32.549793
17493,34.6638
17494,36.15957
17495,24.812054
17496,28.589771
17497,28.960308
17498,30.992458
17499,32.966694
17500,35.193405
17501,37.10276
17502,25.09829
17503,29.138252
17504,29.677654
17505,31.540813
17506,33.70885
17507,35.68202
17508,37.87442
17509,25.997463
17510,30.234661
17511,30.234661
17512,32.091698
17513,34.259735
17514,36.389515
17515,39.13959
17516,26.344328
17517,30.678509
17518,31.03375
17519,32.709446
17520,35.22341
17521,37.651356
17522,39.824326
17523,26.916265
17524,31.639294
17525,31.639294
17526,33.396637
17527,36.074417
17528,38.577244
17529,40.779556
17530,27.421684
17531,32.106655
17532,32.106655
17533,34.541416
17534,36.86567
17535,39.346115
17536,41.28642
17537,28.27367
17538,32.70561
17539,32.835968
17540,34.860237
17541,37.102356
17542,39.78024
17543,41.614216
17544,28.876194
17545,33.127983
17546,33.127983
17547,35.44149
17548,38.04248
17549,40.37383
17550,26.12489
17551,32.493828
17552,31.454746
17553,34.253136
17554,35.079346
17555,37.566837
17556,40.731876
17557,26.86838
17558,31.809748
17559,31.454746
17560,33.345673
17561,35.80432
17562,38.307148
17563,40.47137
17564,27.223368
17565,31.809748
17566,31.809748
17567,33.983997
17568,36.265114
17569,38.767937
17570,40.731876
17571,28.002447
17572,32.34174
17573,32.34174
17574,34.244503
17575,36.595573
17576,39.182346
17577,40.978233
17578,28.075354
17579,32.408695
17580,32.408695
17581,34.69123
17582,36.960167
17583,39.440613
17584,41.235718
17585,28.545528
17586,32.79732
17587,32.79732
17588,34.82159
17589,37.090527
17590,39.76841
17591,41.928062
17592,28.837547
17593,33.089336
17594,33.089336
17595,35.402843
17596,38.03065
17597,40.362
17598,42.16988
17599,29.401524
17600,33.83712
17601,33.83712
17602,36.150627
17603,38.214455
17604,40.635303
17605,43.053616
17606,30.081455
17607,34.332703
17608,34.391792
17609,36.93858
17610,39.02048
17611,41.57093
17612,43.579914
17613,30.40096
17614,35.217224
17615,35.217224
17616,37.476646
17617,39.844387
17618,42.16434
17619,44.173325
17620,31.226294
17621,35.55967
17622,35.55967
17623,38.527916
17624,40.632404
17625,42.95236
17626,44.96134
17627,31.612627
17628,36.254726
17629,36.254726
17630,38.6312
17631,40.805576
17632,43.234528
17633,45.150978
17634,31.612627
17635,36.32468
17636,36.32468
17637,38.6312
17638,40.805576
17639,43.234528
17640,22.279377
17641,24.455036
17642,24.950603
17643,25.37792
17644,28.646273
17645,30.208897
17646,32.856983
17647,22.225428
17648,25.412716
17649,25.412716
17650,27.005854
17651,29.37588
17652,31.062628
17653,32.86825
17654,22.844666
17655,26.033253
17656,26.033253
17657,27.830334
17658,30.078417
17659,31.716587
17660,33.068943
17661,23.028023
17662,26.21661
17663,26.21661
17664,28.267376
17665,30.332104
17666,31.970276
17667,33.322628
17668,23.214785
17669,26.470295
17670,26.470295
17671,28.587824
17672,30.652552
17673,32.290726
17674,34.070335
17675,23.764824
17676,27.011648
17677,27.011648
17678,29.24275
17679,31.307484
17680,33.214966
17681,35.038303
17682,24.007557
17683,27.897387
17684,27.897387
17685,30.168245
17686,32.02054
17687,34.288734
17688,35.80881
17689,24.630192
17690,28.40784
17691,28.589771
17692,30.575552
17693,32.549793
17694,34.6638
17695,36.721718
17696,25.058819
17697,28.960308
17698,29.138252
17699,31.209044
17700,33.156464
17701,35.205235
17702,37.642075
17703,25.545017
17704,29.716301
17705,29.782204
17706,32.09771
17707,34.23893
17708,36.352024
17709,38.583298
17710,26.039036
17711,30.360619
17712,30.717155
17713,32.574192
17714,34.797546
17715,37.44319
17716,39.61616
17717,26.931284
17718,31.219889
17719,31.56598
17720,33.396637
17721,35.910603
17722,38.577244
17723,40.318768
17724,27.066696
17725,32.106655
17726,32.106655
17727,34.28091
17728,36.795715
17729,39.29854
17730,44.86961
17731,51.007156
17732,50.61777
17733,52.71625
17734,54.898384
17735,61.935955
17736,62.56682
17737,42.504177
17738,49.865482
17739,49.673893
17740,53.471336
17741,56.474705
17742,60.477325
17743,64.06808
17744,42.354675
17745,49.673893
17746,49.673893
17747,53.471336
17748,56.474705
17749,60.477325
17750,64.06808
17751,42.354675
17752,49.673893
17753,49.673893
17754,53.471336
17755,56.474705
17756,60.477325
17757,64.06808
17758,42.354675
17759,49.673893
17760,49.673893
17761,53.80644
17762,56.809807
17763,60.86528
17764,64.784225
17765,42.740685
17766,50.144047
17767,50.144047
17768,54.209835
17769,57.332687
17770,61.66743
17771,65.620834
17772,43.505
17773,51.15067
17774,51.15067
17775,55.06415
17776,58.24781
17777,62.96354
17778,66.82535
17779,44.225178
17780,52.27569
17781,52.341763
17782,55.41003
17783,59.41196
17784,64.215546
17785,67.42087
17786,44.494026
17787,52.90608
17788,52.90608
17789,56.047485
17790,60.624985
17791,64.62487
17792,68.11302
17793,44.78289
17794,53.543182
17795,53.543182
17796,56.67713
17797,60.55901
17798,64.62487
17799,68.11302
17800,44.78289
17801,53.543182
17802,53.543182
17803,56.67713
17804,60.55901
17805,64.62487
17806,68.11302
17807,44.78289
17808,53.543182
17809,53.543182
17810,56.67713
17811,60.55901
17812,64.62487
17813,68.11302
17814,44.78289
17815,53.543182
17816,53.543182
17817,56.67713
17818,60.55901
17819,64.62487
17820,34.908745
17821,40.81412
17822,41.175465
17823,41.5749
17824,45.54559
17825,45.916855
17826,48.12685
17827,34.04895
17828,39.37036
17829,39.37036
17830,41.043922
17831,43.937447
17832,46.342094
17833,49.240067
17834,33.644802
17835,38.66296
17836,38.66296
17837,40.933575
17838,43.653088
17839,46.342094
17840,49.240067
17841,33.36118
17842,38.66296
17843,38.66296
17844,40.933575
17845,43.653088
17846,46.342094
17847,49.240067
17848,33.36118
17849,38.66296
17850,38.66296
17851,41.19184
17852,43.911354
17853,46.60036
17854,49.49755
17855,33.52085
17856,38.921227
17857,38.921227
17858,41.19184
17859,43.911354
17860,46.60036
17861,49.49755
17862,33.52085
17863,38.921227
17864,38.921227
17865,41.19184
17866,43.911354
17867,46.60036
17868,49.49755
17869,33.52085
17870,38.921227
17871,38.921227
17872,41.19184
17873,43.911354
17874,46.60036
17875,49.49755
17876,33.52085
17877,38.921227
17878,38.921227
17879,41.230488
17880,43.923183
17881,46.61219
17882,49.548252
17883,33.559498
17884,38.959873
17885,38.959873
17886,41.230488
17887,43.923183
17888,46.61219
17889,49.548252
17890,33.559498
17891,38.959873
17892,38.959873
17893,41.230488
17894,43.923183
17895,46.61219
17896,49.548252
17897,33.559498
17898,38.959873
17899,38.959873
17900,41.230488
17901,43.923183
17902,46.61219
17903,49.548252
17904,33.559498
17905,38.959873
17906,38.959873
17907,41.230488
17908,43.923183
17909,46.61219
17910,36.73751
17911,41.5614
17912,40.544983
17913,44.65001
17914,46.80201
17915,49.637417
17916,53.29383
17917,36.03633
17918,41.492435
17919,41.492435
17920,44.227142
17921,47.298847
17922,49.943356
17923,52.922997
17924,36.03633
17925,41.492435
17926,41.492435
17927,44.227142
17928,47.38451
17929,49.943356
17930,52.922997
17931,36.03633
17932,41.492435
17933,41.492435
17934,44.227142
17935,47.38451
17936,49.943356
17937,52.922997
17938,36.03633
17939,41.492435
17940,41.492435
17941,44.48541
17942,47.642776
17943,50.553257
17944,53.551315
17945,36.20986
17946,41.8643
17947,41.8643
17948,45.3012
17949,48.45857
17950,51.21995
17951,54.2576
17952,36.64363
17953,42.388084
17954,42.552334
17955,45.74466
17956,48.891216
17957,51.833088
17958,54.857876
17959,37.416344
17960,43.30104
17961,43.30104
17962,46.215622
17963,49.282413
17964,52.9629
17965,55.392002
17966,38.03946
17967,43.608273
17968,43.608273
17969,46.692516
17970,50.332462
17971,53.43963
17972,55.907604
17973,38.167057
17974,43.73587
17975,43.73587
17976,47.4763
17977,50.82634
17978,53.76956
17979,56.237537
17980,38.84782
17981,44.719933
17982,44.719933
17983,47.91773
17984,51.31713
17985,54.260353
17986,57.148426
17987,39.094547
17988,44.96666
17989,44.96666
17990,48.164455
17991,51.755447
17992,54.88785
17993,57.436554
17994,39.226913
17995,45.035645
17996,45.035645
17997,48.535057
17998,51.96285
17999,55.151775
18000,22.398178
18001,27.131819
18002,27.953081
18003,29.661926
18004,31.596352
18005,32.522682
18006,33.81285
18007,23.619707
18008,27.639124
18009,27.639124
18010,29.661926
18011,31.514217
18012,33.421703
18013,34.711872
18014,24.245665
18015,27.887178
18016,27.887178
18017,29.909983
18018,31.762276
18019,33.79938
18020,35.551327
18021,24.470522
18022,28.112036
18023,28.112036
18024,30.14872
18025,32.080772
18026,34.068012
18027,35.58887
18028,24.470522
18029,28.149578
18030,28.149578
18031,30.444525
18032,32.376583
18033,34.6638
18034,36.15957
18035,24.812054
18036,28.589771
18037,28.960308
18038,30.992458
18039,32.966694
18040,35.193405
18041,37.10276
18042,25.09829
18043,29.138252
18044,29.677654
18045,31.540813
18046,33.70885
18047,35.68202
18048,37.87442
18049,25.997463
18050,30.234661
18051,30.234661
18052,32.091698
18053,34.259735
18054,36.389515
18055,39.13959
18056,26.344328
18057,30.678509
18058,31.03375
18059,32.709446
18060,35.22341
18061,37.651356
18062,39.824326
18063,26.916265
18064,31.639294
18065,31.639294
18066,33.396637
18067,36.074417
18068,38.577244
18069,40.779556
18070,27.421684
18071,32.106655
18072,32.106655
18073,34.541416
18074,36.86567
18075,39.346115
18076,41.28642
18077,28.27367
18078,32.70561
18079,32.835968
18080,34.860237
18081,37.102356
18082,39.78024
18083,41.614216
18084,28.876194
18085,33.127983
18086,33.127983
18087,35.44149
18088,38.04248
18089,40.37383
18090,35.3165
18091,40.36379
18092,39.183357
18093,41.771076
18094,46.45902
18095,47.735603
18096,46.320362
18097,34.02067
18098,39.37036
18099,39.37036
18100,41.5749
18101,44.468426
18102,46.72733
18103,48.354496
18104,33.644802
18105,38.906292
18106,38.906292
18107,40.933575
18108,43.653088
18109,46.342094
18110,49.240067
18111,33.36118
18112,38.66296
18113,38.66296
18114,40.933575
18115,43.653088
18116,46.342094
18117,49.240067
18118,33.36118
18119,38.66296
18120,38.66296
18121,41.19184
18122,43.911354
18123,46.60036
18124,49.49755
18125,33.52085
18126,38.921227
18127,38.921227
18128,41.19184
18129,43.911354
18130,46.60036
18131,49.49755
18132,33.52085
18133,38.921227
18134,38.921227
18135,41.19184
18136,43.911354
18137,46.60036
18138,49.49755
18139,33.52085
18140,38.921227
18141,38.921227
18142,41.19184
18143,43.911354
18144,46.60036
18145,49.49755
18146,33.52085
18147,38.921227
18148,38.921227
18149,41.230488
18150,43.923183
18151,46.61219
18152,49.548252
18153,33.559498
18154,38.959873
18155,38.959873
18156,41.230488
18157,43.923183
18158,46.61219
18159,49.548252
18160,33.559498
18161,38.959873
18162,38.959873
18163,41.230488
18164,43.923183
18165,46.61219
18166,49.548252
18167,33.559498
18168,38.959873
18169,38.959873
18170,41.230488
18171,43.923183
18172,46.61219
18173,49.548252
18174,33.559498
18175,38.959873
18176,38.959873
18177,41.230488
18178,43.923183
18179,46.61219
18180,31.006826
18181,36.862408
18182,36.979458
18183,38.334286
18184,40.266342
18185,45.271942
18186,45.763226
18187,31.803854
18188,36.654404
18189,36.654404
18190,38.82948
18191,41.313805
18192,44.05378
18193,45.93214
18194,31.863451
18195,36.654404
18196,36.654404
18197,39.066574
18198,41.313805
18199,43.62854
18200,45.93214
18201,31.863451
18202,36.654404
18203,36.654404
18204,39.066574
18205,41.313805
18206,43.62854
18207,45.93214
18208,31.863451
18209,36.654404
18210,36.654404
18211,39.32484
18212,41.57207
18213,43.886806
18214,46.189625
18215,32.02312
18216,36.91267
18217,36.91267
18218,39.32484
18219,41.57207
18220,43.886806
18221,46.189625
18222,32.02312
18223,36.91267
18224,36.91267
18225,39.32484
18226,41.57207
18227,43.886806
18228,46.189625
18229,32.02312
18230,36.91267
18231,36.91267
18232,39.32484
18233,41.57207
18234,43.886806
18235,46.189625
18236,32.02312
18237,36.91267
18238,36.91267
18239,39.363487
18240,41.5839
18241,43.898636
18242,46.240326
18243,32.061768
18244,36.951317
18245,37.15932
18246,39.69608
18247,41.916492
18248,44.231228
18249,46.572918
18250,32.100887
18251,37.15932
18252,37.27637
18253,39.69608
18254,41.916492
18255,44.231228
18256,46.572918
18257,32.100887
18258,37.27637
18259,37.6402
18260,39.79556
18261,42.374203
18262,44.688942
18263,47.030632
18264,32.464714
18265,38.09087
18266,38.09087
18267,40.361485
18268,43.026993
18269,45.07242
18270,31.19783
18271,36.144817
18272,35.262756
18273,37.63923
18274,40.025784
18275,41.31775
18276,46.153603
18277,31.263737
18278,35.924484
18279,35.85453
18280,38.231003
18281,40.36231
18282,42.96443
18283,45.268032
18284,31.41431
18285,35.957813
18286,35.957813
18287,38.334286
18288,40.53548
18289,42.96443
18290,45.268032
18291,31.41431
18292,35.957813
18293,35.957813
18294,38.334286
18295,40.53548
18296,42.96443
18297,45.268032
18298,31.41431
18299,35.957813
18300,35.957813
18301,38.592552
18302,40.793747
18303,43.2227
18304,45.525517
18305,31.57398
18306,36.21608
18307,36.21608
18308,38.592552
18309,40.793747
18310,43.2227
18311,45.525517
18312,31.57398
18313,36.286034
18314,36.286034
18315,38.592552
18316,40.793747
18317,43.2227
18318,45.525517
18319,31.57398
18320,36.286034
18321,36.286034
18322,38.592552
18323,40.793747
18324,43.2227
18325,45.525517
18326,31.57398
18327,36.286034
18328,36.286034
18329,38.6312
18330,40.805576
18331,43.234528
18332,45.576218
18333,31.612627
18334,36.32468
18335,36.32468
18336,38.6312
18337,40.805576
18338,43.234528
18339,45.576218
18340,31.612627
18341,36.32468
18342,36.32468
18343,38.6312
18344,40.805576
18345,43.234528
18346,45.576218
18347,31.612627
18348,36.32468
18349,36.32468
18350,38.6312
18351,40.805576
18352,43.234528
18353,45.576218
18354,31.612627
18355,36.32468
18356,36.32468
18357,38.6312
18358,40.805576
18359,43.234528
18360,20.06672
18361,22.448315
18362,23.486847
18363,24.93803
18364,25.5177
18365,25.98765
18366,29.553766
18367,20.255646
18368,23.14032
18369,23.287819
18370,25.00806
18371,26.359535
18372,28.10736
18373,29.553766
18374,20.566845
18375,23.828522
18376,23.828522
18377,25.416346
18378,26.673323
18379,28.44501
18380,30.289577
18381,20.982815
18382,24.08672
18383,24.08672
18384,25.674543
18385,27.444853
18386,29.216541
18387,30.487331
18388,21.168205
18389,24.455036
18390,24.455036
18391,26.301123
18392,28.365927
18393,30.098984
18394,31.504076
18395,22.088324
18396,25.39361
18397,25.670979
18398,27.09815
18399,29.086287
18400,30.81935
18401,32.672462
18402,22.827673
18403,26.291515
18404,26.291515
18405,28.088596
18406,30.33668
18407,31.97485
18408,33.580112
18409,23.226955
18410,26.728558
18411,26.790743
18412,28.587824
18413,30.873463
18414,32.78095
18415,34.070335
18416,23.93449
18417,27.181318
18418,27.181318
18419,29.281397
18420,31.622574
18421,33.6918
18422,35.250748
18423,24.443981
18424,28.184088
18425,28.184088
18426,30.44563
18427,32.35087
18428,34.338108
18429,36.21027
18430,24.8507
18431,28.628418
18432,28.998955
18433,31.031105
18434,32.978523
18435,35.205235
18436,37.15346
18437,25.136936
18438,29.716301
18439,29.716301
18440,31.57946
18441,33.72068
18442,36.31939
18443,38.550663
18444,26.03611
18445,30.273308
18446,30.360619
18447,32.217655
18448,34.715412
18449,37.017323
18450,21.023758
18451,24.984749
18452,26.375797
18453,28.095213
18454,32.03141
18455,32.03246
18456,34.537903
18457,22.958559
18458,26.658892
18459,26.753386
18460,28.984488
18461,31.049221
18462,32.522682
18463,34.47756
18464,23.627325
18465,26.923056
18466,26.923056
18467,28.984488
18468,31.049221
18469,32.9567
18470,34.47756
18471,23.77482
18472,27.226316
18473,27.226316
18474,29.287748
18475,31.35248
18476,33.421703
18477,34.942562
18478,23.847887
18479,27.639124
18480,27.639124
18481,30.168245
18482,32.02054
18483,34.057648
18484,35.80881
18485,24.630192
18486,28.370298
18487,28.40784
18488,30.575552
18489,32.549793
18490,34.6638
18491,36.721718
18492,25.058819
18493,28.960308
18494,28.960308
18495,31.170397
18496,33.144634
18497,35.193405
18498,37.591373
18499,25.50637
18500,29.677654
18501,29.677654
18502,31.540813
18503,34.2271
18504,36.30756
18505,38.532597
18506,25.997463
18507,30.234661
18508,30.321972
18509,32.574192
18510,34.797546
18511,37.017323
18512,39.61616
18513,26.738218
18514,31.219889
18515,31.219889
18516,33.323322
18517,35.837288
18518,38.41343
18519,40.318768
18520,27.066696
18521,31.751656
18522,31.751656
18523,34.28091
18524,36.53521
18525,39.29854
18526,41.040062
18527,28.200764
18528,32.638653
18529,32.70561
18530,34.729877
18531,37.102356
18532,39.78024
18533,41.614216
18534,28.584175
18535,33.127983
18536,33.127983
18537,35.44149
18538,37.80066
18539,40.37383
18540,19.211786
18541,22.871258
18542,23.14032
18543,24.751835
18544,26.615824
18545,28.282976
18546,29.7158
18547,20.332764
18548,23.366169
18549,23.828522
18550,25.321848
18551,26.673323
18552,28.44501
18553,29.7158
18554,20.72462
18555,24.08672
18556,24.08672
18557,25.674543
18558,27.2471
18559,29.018787
18560,30.487331
18561,21.168205
18562,24.455036
18563,24.455036
18564,26.04286
18565,27.549387
18566,29.840721
18567,31.045609
18568,21.54488
18569,24.751572
18570,24.9055
18571,26.651167
18572,28.904535
18573,30.637598
18574,32.09255
18575,22.276371
18576,25.753681
18577,26.020355
18578,27.530788
18579,30.087418
18580,31.77416
18581,33.125736
18582,23.187693
18583,26.474873
18584,26.728558
18585,28.525639
18586,30.590366
18587,32.290726
18588,33.580112
18589,23.764824
18590,27.011648
18591,27.011648
18592,28.808733
18593,31.307484
18594,33.214966
18595,34.504353
18596,23.926872
18597,27.589113
18598,27.897387
18599,29.892931
18600,32.032368
18601,34.069477
18602,35.628426
18603,24.668839
18604,28.408945
18605,28.446487
18606,30.614199
18607,32.561623
18608,34.67563
18609,36.77242
18610,25.097466
18611,28.998955
18612,29.176899
18613,31.209044
18614,33.156464
18615,35.693848
18616,37.642075
18617,25.545017
18618,29.716301
18619,30.273308
18620,32.09771
18621,34.271564
18622,36.352024
18623,38.583298
18624,26.039036
18625,30.717155
18626,30.717155
18627,32.574192
18628,35.22341
18629,37.44319
18630,37.176918
18631,43.350006
18632,43.350006
18633,46.221592
18634,51.238625
18635,52.661594
18636,57.156696
18637,37.96874
18638,43.438957
18639,44.42302
18640,47.179386
18641,51.238625
18642,53.990257
18643,56.420143
18644,38.6495
18645,44.42302
18646,44.42302
18647,47.620815
18648,51.238625
18649,53.990257
18650,56.420143
18651,38.6495
18652,44.42302
18653,44.42302
18654,47.620815
18655,51.238625
18656,53.990257
18657,56.420143
18658,38.6495
18659,44.42302
18660,44.42302
18661,47.87908
18662,51.49689
18663,54.248524
18664,56.677628
18665,38.809174
18666,44.681286
18667,44.928013
18668,48.12581
18669,51.743618
18670,54.66862
18671,57.097725
18672,39.188267
18673,44.996998
18674,44.996998
18675,48.49641
18676,51.95102
18677,54.876022
18678,57.385853
18679,39.188267
18680,44.996998
18681,44.996998
18682,48.49641
18683,51.95102
18684,54.876022
18685,57.385853
18686,39.188267
18687,44.996998
18688,44.996998
18689,48.535057
18690,51.96285
18691,54.88785
18692,57.436554
18693,39.974834
18694,45.730003
18695,45.730003
18696,49.22941
18697,52.226772
18698,55.31017
18699,57.811283
18700,40.321175
18701,46.304554
18702,46.304554
18703,50.06673
18704,53.064095
18705,56.117683
18706,58.67645
18707,40.487133
18708,47.047836
18709,47.047836
18710,51.036324
18711,53.81125
18712,56.695255
18713,59.930237
18714,41.246258
18715,47.755543
18716,47.855656
18717,51.60523
18718,54.205257
18719,57.818737
18720,27.75537
18721,32.677834
18722,31.809748
18723,34.06613
18724,36.117077
18725,39.861916
18726,41.30603
18727,28.075354
18728,32.408695
18729,32.408695
18730,34.432964
18731,36.7019
18732,39.510143
18733,40.978233
18734,28.075354
18735,32.408695
18736,32.408695
18737,34.432964
18738,36.7019
18739,39.182346
18740,40.978233
18741,28.075354
18742,32.408695
18743,32.408695
18744,34.432964
18745,36.7019
18746,39.182346
18747,40.978233
18748,28.075354
18749,32.408695
18750,32.408695
18751,34.69123
18752,36.960167
18753,39.440613
18754,41.235718
18755,28.545528
18756,32.79732
18757,32.79732
18758,34.82159
18759,37.090527
18760,39.76841
18761,41.928062
18762,28.837547
18763,33.089336
18764,33.089336
18765,35.402843
18766,38.03065
18767,40.362
18768,42.16988
18769,29.401524
18770,33.83712
18771,33.83712
18772,36.150627
18773,38.214455
18774,40.635303
18775,43.053616
18776,30.081455
18777,34.332703
18778,34.391792
18779,36.93858
18780,39.02048
18781,41.57093
18782,43.579914
18783,30.40096
18784,35.217224
18785,35.217224
18786,37.476646
18787,39.844387
18788,42.16434
18789,44.173325
18790,31.226294
18791,35.55967
18792,35.55967
18793,38.527916
18794,40.632404
18795,42.95236
18796,44.96134
18797,31.612627
18798,36.254726
18799,36.254726
18800,38.6312
18801,40.805576
18802,43.234528
18803,45.150978
18804,31.612627
18805,36.32468
18806,36.32468
18807,38.6312
18808,40.805576
18809,43.234528
18810,30.37255
18811,35.44976
18812,35.107315
18813,37.296783
18814,39.57429
18815,41.894245
18816,43.86514
18817,30.685535
18818,34.92031
18819,34.92031
18820,37.296783
18821,39.57429
18822,41.894245
18823,43.86514
18824,30.685535
18825,34.92031
18826,34.92031
18827,37.296783
18828,39.57429
18829,41.894245
18830,43.86514
18831,30.685535
18832,34.92031
18833,34.92031
18834,37.296783
18835,39.57429
18836,41.894245
18837,43.86514
18838,30.685535
18839,34.92031
18840,34.92031
18841,37.55505
18842,39.832558
18843,42.15251
18844,44.122623
18845,31.187647
18846,35.521023
18847,35.521023
18848,37.897495
18849,40.620575
18850,42.94053
18851,44.91064
18852,31.423407
18853,36.112797
18854,36.21608
18855,38.592552
18856,40.793747
18857,43.2227
18858,45.100277
18859,31.57398
18860,36.286034
18861,36.286034
18862,38.592552
18863,40.793747
18864,43.2227
18865,45.525517
18866,31.57398
18867,36.286034
18868,36.286034
18869,38.6312
18870,40.805576
18871,43.234528
18872,45.576218
18873,31.612627
18874,36.32468
18875,36.32468
18876,38.6312
18877,40.805576
18878,43.234528
18879,45.576218
18880,31.612627
18881,36.32468
18882,36.32468
18883,38.6312
18884,40.805576
18885,43.234528
18886,45.576218
18887,31.612627
18888,36.32468
18889,36.32468
18890,38.6312
18891,40.805576
18892,43.234528
18893,45.576218
18894,31.612627
18895,36.32468
18896,36.32468
18897,38.6312
18898,40.805576
18899,43.234528
18900,52.541042
18901,56.366943
18902,56.09571
18903,62.87322
18904,67.67574
18905,70.88851
18906,76.6228
18907,50.742245
18908,57.569687
18909,57.569687
18910,62.968098
18911,67.06956
18912,70.88992
18913,74.79385
18914,49.858418
18915,57.569687
18916,57.569687
18917,62.88003
18918,66.576904
18919,70.39728
18920,74.11475
18921,49.858418
18922,57.569687
18923,57.569687
18924,62.88003
18925,66.33294
18926,70.39728
18927,74.11475
18928,49.858418
18929,57.569687
18930,57.569687
18931,63.267986
18932,66.72087
18933,70.78521
18934,74.5019
18935,50.094925
18936,57.90479
18937,57.90479
18938,63.267986
18939,66.72087
18940,70.78521
18941,74.5019
18942,50.094925
18943,57.90479
18944,57.90479
18945,63.267986
18946,66.72087
18947,70.78521
18948,74.5019
18949,50.094925
18950,57.90479
18951,57.90479
18952,63.267986
18953,66.72087
18954,70.78521
18955,74.5019
18956,50.094925
18957,57.90479
18958,57.90479
18959,63.361706
18960,66.732704
18961,70.79704
18962,74.552605
18963,50.13357
18964,57.943436
18965,57.943436
18966,63.361706
18967,66.732704
18968,70.79704
18969,74.552605
18970,50.13357
18971,57.943436
18972,57.943436
18973,63.361706
18974,66.732704
18975,70.79704
18976,74.552605
18977,50.13357
18978,57.943436
18979,57.943436
18980,63.361706
18981,66.732704
18982,70.79704
18983,74.552605
18984,50.13357
18985,57.943436
18986,57.943436
18987,63.361706
18988,66.732704
18989,70.79704
18990,67.579544
18991,76.75313
18992,82.85829
18993,87.978836
18994,95.22982
18995,103.08062
18996,113.10782
18997,70.94078
18998,81.5607
18999,83.68009
19000,88.50885
19001,96.51527
19002,101.81658
19003,107.478355
19004,71.865005
19005,83.61509
19006,83.61509
19007,89.45041
19008,96.405174
19009,101.81658
19010,106.541756
19011,72.07974
19012,83.61509
19013,83.61509
19014,89.21672
19015,95.72284
19016,100.96942
19017,105.40175
19018,72.07974
19019,83.61509
19020,83.61509
19021,89.37516
19022,95.99137
19023,100.93963
19024,105.56019
19025,72.1834
19026,83.77353
19027,83.77353
19028,89.37516
19029,95.99137
19030,100.93963
19031,105.56019
19032,72.1834
19033,83.77353
19034,83.77353
19035,89.37516
19036,95.99137
19037,100.93963
19038,105.56019
19039,72.1834
19040,83.77353
19041,83.77353
19042,89.37516
19043,95.99137
19044,100.93963
19045,105.56019
19046,72.1834
19047,83.77353
19048,83.77353
19049,89.46889
19050,96.003204
19051,100.95146
19052,105.61089
19053,72.27713
19054,83.867256
19055,83.867256
19056,89.46889
19057,95.89311
19058,100.95146
19059,105.61089
19060,72.27713
19061,83.867256
19062,83.867256
19063,89.46889
19064,96.003204
19065,100.95146
19066,105.61089
19067,72.27713
19068,83.867256
19069,83.867256
19070,89.46889
19071,95.89311
19072,100.95146
19073,105.61089
19074,72.27713
19075,83.867256
19076,83.867256
19077,89.46889
19078,96.003204
19079,100.95146
19080,61.515976
19081,65.06623
19082,70.01214
19083,77.84855
19084,81.62477
19085,84.296974
19086,90.614136
19087,60.47685
19088,69.16588
19089,70.62009
19090,76.3334
19091,80.5251
19092,84.296974
19093,89.60348
19094,60.47685
19095,70.01779
19096,70.01779
19097,74.53003
19098,80.5251
19099,84.296974
19100,88.33422
19101,60.47685
19102,70.01779
19103,70.01779
19104,74.34358
19105,80.5251
19106,84.296974
19107,88.33422
19108,60.47685
19109,70.01779
19110,70.01779
19111,74.68004
19112,80.86156
19113,84.63343
19114,88.66989
19115,60.758537
19116,70.35425
19117,70.35425
19118,74.68004
19119,80.86156
19120,84.63343
19121,88.66989
19122,60.758537
19123,70.35425
19124,70.35425
19125,74.68004
19126,80.86156
19127,84.63343
19128,88.66989
19129,60.758537
19130,70.35425
19131,70.35425
19132,74.68004
19133,80.86156
19134,84.63343
19135,88.66989
19136,60.758537
19137,70.35425
19138,70.35425
19139,74.773766
19140,80.87339
19141,84.64526
19142,88.7206
19143,60.852257
19144,70.447975
19145,70.447975
19146,74.773766
19147,80.87339
19148,84.64526
19149,88.7206
19150,60.852257
19151,70.447975
19152,70.447975
19153,74.773766
19154,80.87339
19155,84.64526
19156,88.7206
19157,60.852257
19158,70.447975
19159,70.447975
19160,74.773766
19161,80.87339
19162,84.64526
19163,88.7206
19164,60.852257
19165,70.447975
19166,70.447975
19167,74.773766
19168,80.87339
19169,84.64526
19170,55.829243
19171,63.7116
19172,70.33623
19173,70.05726
19174,78.20268
19175,80.75519
19176,87.10844
19177,56.652077
19178,66.53687
19179,67.77907
19180,71.654175
19181,77.61934
19182,81.98503
19183,85.95994
19184,57.021248
19185,66.92716
19186,67.17113
19187,71.987045
19188,77.61934
19189,81.98503
19190,85.61155
19191,57.021248
19192,66.92716
19193,67.17113
19194,71.987045
19195,77.61934
19196,81.98503
19197,85.61155
19198,57.021248
19199,66.92716
19200,67.17113
19201,72.3235
19202,77.955795
19203,82.32149
19204,85.94722
19205,57.250084
19206,67.26362
19207,67.50758
19208,72.3235
19209,77.955795
19210,82.32149
19211,85.94722
19212,57.250084
19213,67.50758
19214,67.50758
19215,72.3235
19216,77.955795
19217,82.32149
19218,85.94722
19219,57.250084
19220,67.50758
19221,67.50758
19222,72.3235
19223,77.955795
19224,82.32149
19225,85.94722
19226,57.250084
19227,67.50758
19228,67.50758
19229,72.41723
19230,77.96763
19231,82.33332
19232,85.997925
19233,57.28873
19234,67.60131
19235,67.60131
19236,72.41723
19237,77.96763
19238,82.33332
19239,85.997925
19240,57.28873
19241,67.60131
19242,67.60131
19243,72.41723
19244,77.96763
19245,82.33332
19246,85.997925
19247,57.28873
19248,67.60131
19249,67.60131
19250,72.41723
19251,77.96763
19252,82.33332
19253,85.997925
19254,57.28873
19255,67.60131
19256,67.60131
19257,72.41723
19258,77.96763
19259,82.33332
19260,40.40035
19261,49.731018
19262,48.12253
19263,53.527065
19264,53.858326
19265,57.365707
19266,58.36106
19267,40.96915
19268,48.074043
19269,48.074043
19270,51.52758
19271,53.858326
19272,56.742332
19273,60.004093
19274,40.96915
19275,48.074043
19276,48.074043
19277,51.52758
19278,54.5878
19279,57.471806
19280,60.82385
19281,40.96915
19282,48.074043
19283,48.074043
19284,51.52758
19285,54.5878
19286,57.471806
19287,60.82385
19288,40.96915
19289,48.074043
19290,48.074043
19291,51.862682
19292,54.9229
19293,58.15302
19294,61.70085
19295,41.90469
19296,48.980896
19297,48.980896
19298,52.8694
19299,55.588894
19300,59.699852
19301,62.753338
19302,42.453266
19303,49.87453
19304,49.87453
19305,53.80644
19306,56.809807
19307,60.93126
19308,64.45522
19309,42.740685
19310,50.144047
19311,50.144047
19312,54.209835
19313,57.332687
19314,61.66743
19315,65.378685
19316,43.505
19317,51.15067
19318,51.15067
19319,55.1028
19320,58.25964
19321,62.97537
19322,66.87605
19323,44.263824
19324,52.314335
19325,52.38041
19326,55.448677
19327,59.42379
19328,64.22738
19329,67.47157
19330,44.532673
19331,52.944725
19332,52.944725
19333,56.047485
19334,60.624985
19335,64.62487
19336,68.11302
19337,44.78289
19338,53.543182
19339,53.543182
19340,56.67713
19341,60.55901
19342,64.62487
19343,68.11302
19344,44.78289
19345,53.543182
19346,53.543182
19347,56.67713
19348,60.55901
19349,64.62487
19350,38.89623
19351,44.73873
19352,45.43309
19353,48.697674
19354,53.209785
19355,56.64222
19356,62.335815
19357,40.21198
19358,46.500076
19359,46.73703
19360,50.725517
19361,53.758213
19362,56.64222
19363,60.810448
19364,40.971104
19365,46.940365
19366,46.940365
19367,50.939777
19368,53.858326
19369,56.742332
19370,60.094376
19371,40.971104
19372,46.940365
19373,46.940365
19374,50.939777
19375,53.758213
19376,56.64222
19377,59.881344
19378,40.971104
19379,46.940365
19380,46.940365
19381,51.27488
19382,54.093315
19383,56.97732
19384,60.582767
19385,41.205658
19386,47.37558
19387,47.37558
19388,51.56658
19389,54.9229
19390,57.806908
19391,61.21102
19392,41.205658
19393,47.855267
19394,47.855267
19395,52.41043
19396,55.155617
19397,58.15302
19398,61.70085
19399,41.92869
19400,48.427017
19401,48.427017
19402,52.8694
19403,55.588894
19404,59.23402
19405,62.753338
19406,42.071316
19407,49.126614
19408,49.87453
19409,53.45566
19410,56.432213
19411,60.321693
19412,64.50593
19413,42.62983
19414,50.04764
19415,50.182693
19416,54.071125
19417,57.047676
19418,61.26225
19419,65.42939
19420,43.231533
19421,51.189316
19422,51.189316
19423,54.647293
19424,57.74333
19425,62.156815
19426,66.0575
19427,44.263824
19428,52.314335
19429,52.314335
19430,55.382603
19431,58.747574
19432,63.732124
19433,66.976326
19434,44.462017
19435,52.845642
19436,52.845642
19437,56.008026
19438,60.146732
19439,64.62487
19440,39.497467
19441,48.62179
19442,47.452473
19443,53.361736
19444,56.05553
19445,58.541405
19446,61.46775
19447,41.692184
19448,48.67641
19449,48.12253
19450,52.534298
19451,55.25379
19452,58.89892
19453,61.860184
19454,41.7228
19455,48.67641
19456,48.67641
19457,52.534298
19458,55.25379
19459,58.89892
19460,61.860184
19461,41.7228
19462,48.67641
19463,48.67641
19464,52.534298
19465,55.25379
19466,58.89892
19467,61.860184
19468,41.7228
19469,48.67641
19470,48.67641
19471,52.8694
19472,55.588894
19473,59.699852
19474,62.753338
19475,42.071316
19476,49.87453
19477,49.87453
19478,53.417015
19479,56.809807
19480,60.93126
19481,64.45522
19482,42.740685
19483,50.144047
19484,50.144047
19485,54.03248
19486,57.332687
19487,61.66743
19488,65.378685
19489,43.505
19490,51.15067
19491,51.15067
19492,55.06415
19493,58.24781
19494,62.96354
19495,66.82535
19496,44.225178
19497,52.27569
19498,52.341763
19499,55.448677
19500,59.42379
19501,64.22738
19502,67.47157
19503,44.532673
19504,52.944725
19505,52.944725
19506,56.047485
19507,60.624985
19508,64.62487
19509,68.11302
19510,44.78289
19511,53.543182
19512,53.543182
19513,56.67713
19514,60.55901
19515,64.62487
19516,68.11302
19517,44.78289
19518,53.543182
19519,53.543182
19520,56.67713
19521,60.55901
19522,64.62487
19523,68.11302
19524,44.78289
19525,53.543182
19526,53.543182
19527,56.67713
19528,60.55901
19529,64.62487
19530,63.608673
19531,74.4392
19532,75.83862
19533,77.34551
19534,84.44167
19535,87.54858
19536,92.898895
19537,63.608673
19538,74.32592
19539,74.4392
19540,78.8313
19541,84.41282
19542,88.59064
19543,92.898895
19544,63.608673
19545,74.32592
19546,74.32592
19547,78.8313
19548,84.41282
19549,88.49154
19550,92.898895
19551,63.608673
19552,74.32592
19553,74.32592
19554,78.8313
19555,84.41282
19556,88.49154
19557,92.898895
19558,63.608673
19559,74.32592
19560,74.32592
19561,79.13083
19562,84.71235
19563,88.79107
19564,93.182396
19565,63.85344
19566,74.62545
19567,74.62545
19568,79.487885
19569,84.71235
19570,88.79107
19571,92.75658
19572,63.85344
19573,74.62545
19574,74.62545
19575,79.487885
19576,84.71235
19577,88.79107
19578,93.182396
19579,63.85344
19580,74.62545
19581,74.62545
19582,79.487885
19583,84.71235
19584,88.79107
19585,92.75658
19586,63.85344
19587,74.62545
19588,74.62545
19589,79.58161
19590,84.72418
19591,88.8029
19592,93.2331
19593,63.947163
19594,74.71918
19595,74.71918
19596,79.58161
19597,84.72418
19598,88.8029
19599,92.80728
19600,63.947163
19601,74.71918
19602,74.71918
19603,79.58161
19604,84.72418
19605,88.8029
19606,93.2331
19607,63.947163
19608,74.71918
19609,74.71918
19610,79.58161
19611,84.72418
19612,88.8029
19613,92.80728
19614,63.947163
19615,74.71918
19616,74.71918
19617,79.58161
19618,84.72418
19619,88.8029
19620,56.652077
19621,68.83211
19622,63.7116
19623,73.6717
19624,79.61187
19625,80.771545
19626,82.75495
19627,56.652077
19628,66.78084
19629,66.478035
19630,71.34055
19631,77.03762
19632,81.33854
19633,84.69188
19634,56.652077
19635,66.53687
19636,66.53687
19637,71.34055
19638,76.97284
19639,81.33854
19640,84.69188
19641,56.652077
19642,66.53687
19643,66.53687
19644,71.34055
19645,76.269135
19646,81.33854
19647,84.69188
19648,56.593246
19649,66.478035
19650,66.478035
19651,71.61817
19652,76.60559
19653,81.674995
19654,85.02755
19655,56.880913
19656,66.87333
19657,66.87333
19658,71.67701
19659,76.60559
19660,81.674995
19661,85.02755
19662,56.880913
19663,66.87333
19664,66.87333
19665,71.67701
19666,76.60559
19667,81.674995
19668,85.02755
19669,56.880913
19670,66.87333
19671,66.87333
19672,71.67701
19673,76.60559
19674,81.674995
19675,85.02755
19676,56.880913
19677,66.87333
19678,66.87333
19679,71.77074
19680,76.617424
19681,81.68683
19682,85.078255
19683,56.91956
19684,66.96706
19685,66.96706
19686,71.77074
19687,76.617424
19688,81.68683
19689,85.078255
19690,56.91956
19691,66.96706
19692,66.96706
19693,71.77074
19694,76.617424
19695,81.68683
19696,85.078255
19697,56.91956
19698,66.96706
19699,66.96706
19700,71.77074
19701,76.617424
19702,81.68683
19703,85.078255
19704,56.91956
19705,66.96706
19706,66.96706
19707,71.77074
19708,76.617424
19709,81.68683
19710,64.25625
19711,71.458565
19712,67.23462
19713,75.142944
19714,82.85372
19715,86.70503
19716,89.55843
19717,62.685886
19718,71.32529
19719,70.01214
19720,76.269226
19721,81.99547
19722,86.115715
19723,89.91499
19724,62.685886
19725,72.05425
19726,71.349045
19727,76.269226
19728,81.99547
19729,86.115715
19730,89.91499
19731,62.685886
19732,72.05425
19733,72.05425
19734,76.269226
19735,81.99547
19736,86.115715
19737,89.91499
19738,62.685886
19739,72.05425
19740,72.05425
19741,76.568756
19742,82.295
19743,86.415245
19744,90.198494
19745,62.93065
19746,72.35378
19747,72.35378
19748,76.568756
19749,82.295
19750,86.415245
19751,90.99627
19752,62.93065
19753,72.35378
19754,72.35378
19755,76.568756
19756,82.295
19757,86.415245
19758,90.99627
19759,62.93065
19760,72.35378
19761,72.35378
19762,76.568756
19763,82.295
19764,86.415245
19765,90.99627
19766,62.93065
19767,72.35378
19768,72.35378
19769,76.66248
19770,82.915794
19771,87.74684
19772,92.0356
19773,63.368225
19774,73.12334
19775,73.71372
19776,77.83763
19777,83.37728
19778,87.888794
19779,92.39418
19780,63.429302
19781,73.71372
19782,74.361626
19783,79.224556
19784,84.72418
19785,88.902
19786,93.2331
19787,63.947163
19788,74.361626
19789,74.71918
19790,79.58161
19791,84.72418
19792,88.8029
19793,92.80728
19794,63.947163
19795,74.71918
19796,74.71918
19797,79.58161
19798,84.72418
19799,88.8029
19800,18.527689
19801,21.962942
19802,22.509466
19803,23.597502
19804,23.841791
19805,25.873755
19806,28.13144
19807,19.211786
19808,22.380392
19809,22.489119
19810,24.35686
19811,25.423203
19812,27.063957
19813,28.583418
19814,19.752502
19815,22.871258
19816,22.871258
19817,24.738998
19818,26.359535
19819,28.178806
19820,29.308193
19821,20.332764
19822,23.366169
19823,23.366169
19824,25.159815
19825,26.673323
19826,28.44501
19827,29.7158
19828,20.72462
19829,23.828522
19830,23.828522
19831,25.932806
19832,27.505363
19833,29.27705
19834,30.744812
19835,21.327875
19836,24.713299
19837,25.009834
19838,26.597658
19839,28.419436
19840,30.637598
19841,31.98919
19842,22.276371
19843,25.670979
19844,25.848179
19845,27.530788
19846,29.634142
19847,31.77416
19848,33.125736
19849,23.004335
19850,26.474873
19851,26.474873
19852,28.525639
19853,30.590366
19854,32.228542
19855,33.580112
19856,23.506338
19857,27.011648
19858,27.011648
19859,28.84738
19860,30.885294
19861,33.226795
19862,34.555054
19863,23.965519
19864,27.62776
19865,27.936033
19866,29.892931
19867,32.032368
19868,34.069477
19869,35.859512
19870,24.668839
19871,28.446487
19872,28.446487
19873,30.614199
19874,32.561623
19875,34.67563
19876,36.77242
19877,25.097466
19878,28.998955
19879,29.176899
19880,31.209044
19881,33.156464
19882,35.693848
19883,37.642075
19884,25.545017
19885,29.716301
19886,30.273308
19887,32.09771
19888,34.271564
19889,36.352024
19890,26.317959
19891,31.454746
19892,31.454746
19893,33.345673
19894,35.82751
19895,37.575657
19896,39.846767
19897,26.71749
19898,31.454746
19899,31.454746
19900,33.26354
19901,35.80432
19902,38.307148
19903,40.010582
19904,26.86838
19905,31.454746
19906,31.454746
19907,33.26354
19908,35.80432
19909,38.307148
19910,40.010582
19911,26.86838
19912,31.454746
19913,31.454746
19914,33.26354
19915,35.80432
19916,38.307148
19917,40.010582
19918,26.86838
19919,31.454746
19920,31.454746
19921,33.521805
19922,36.062588
19923,38.565414
19924,40.268066
19925,27.383038
19926,32.06801
19927,32.06801
19928,34.242264
19929,36.85384
19930,39.28671
19931,41.036938
19932,28.162117
19933,32.66696
19934,32.66696
19935,34.69123
19936,37.090527
19937,39.76841
19938,41.563515
19939,28.545528
19940,32.79732
19941,33.089336
19942,35.402843
19943,37.78883
19944,40.120182
19945,42.16988
19946,29.401524
19947,33.653316
19948,33.83712
19949,36.189274
19950,38.226284
19951,40.647133
19952,43.104317
19953,30.120102
19954,34.37135
19955,34.43044
19956,36.93858
19957,39.02048
19958,41.57093
19959,43.579914
19960,30.883852
19961,35.217224
19962,35.217224
19963,37.476646
19964,39.844387
19965,42.16434
19966,44.62482
19967,31.226294
19968,35.55967
19969,36.151443
19970,38.527916
19971,40.632404
19972,42.95236
19973,45.150978
19974,31.612627
19975,36.254726
19976,36.32468
19977,38.6312
19978,40.805576
19979,43.234528
19980,21.77148
19981,25.344769
19982,27.53459
19983,29.844078
19984,32.080772
19985,34.606964
19986,34.24687
19987,23.51098
19988,27.53459
19989,27.887178
19990,29.909983
19991,31.762276
19992,33.881516
19993,35.32024
19994,24.245665
19995,28.112036
19996,28.112036
19997,30.14872
19998,32.080772
19999,34.030468
20000,35.58887
20001,24.470522
20002,28.149578
20003,28.149578
20004,30.186262
20005,32.118317
20006,34.150146
20007,35.58887
20008,24.470522
20009,28.149578
20010,28.149578
20011,30.444525
20012,32.549793
20013,34.6638
20014,36.15957
20015,24.812054
20016,28.589771
20017,28.960308
20018,30.992458
20019,32.966694
20020,35.193405
20021,37.10276
20022,25.09829
20023,29.138252
20024,29.677654
20025,31.540813
20026,33.70885
20027,35.68202
20028,37.87442
20029,25.997463
20030,30.234661
20031,30.234661
20032,32.091698
20033,34.259735
20034,36.389515
20035,39.13959
20036,26.344328
20037,30.678509
20038,31.03375
20039,32.709446
20040,35.22341
20041,37.651356
20042,39.824326
20043,26.916265
20044,31.639294
20045,31.639294
20046,33.396637
20047,36.074417
20048,38.577244
20049,40.779556
20050,27.421684
20051,32.106655
20052,32.106655
20053,34.541416
20054,36.86567
20055,39.346115
20056,41.28642
20057,28.27367
20058,32.70561
20059,32.835968
20060,34.860237
20061,37.102356
20062,39.78024
20063,41.614216
20064,28.876194
20065,33.127983
20066,33.127983
20067,35.44149
20068,38.04248
20069,40.37383
20070,20.997704
20071,23.018757
20072,23.28369
20073,24.334242
20074,24.178154
20075,25.706572
20076,26.925962
20077,19.79697
20078,22.768143
20079,22.768143
20080,24.488384
20081,25.423203
20082,27.063957
20083,28.478884
20084,19.752502
20085,22.871258
20086,22.871258
20087,24.738998
20088,26.359535
20089,28.178806
20090,29.308193
20091,20.332764
20092,23.366169
20093,23.366169
20094,25.159815
20095,26.673323
20096,28.44501
20097,29.7158
20098,20.72462
20099,23.828522
20100,23.828522
20101,25.932806
20102,27.505363
20103,29.27705
20104,30.744812
20105,21.327875
20106,24.713299
20107,25.009834
20108,26.597658
20109,28.419436
20110,30.637598
20111,31.98919
20112,22.276371
20113,25.670979
20114,25.848179
20115,27.530788
20116,29.634142
20117,31.77416
20118,33.125736
20119,23.004335
20120,26.474873
20121,26.474873
20122,28.525639
20123,30.590366
20124,32.228542
20125,33.580112
20126,23.506338
20127,27.011648
20128,27.011648
20129,28.84738
20130,30.885294
20131,33.226795
20132,34.555054
20133,23.965519
20134,27.62776
20135,27.936033
20136,29.892931
20137,32.032368
20138,34.069477
20139,35.859512
20140,24.668839
20141,28.446487
20142,28.446487
20143,30.614199
20144,32.561623
20145,34.67563
20146,36.77242
20147,25.097466
20148,28.998955
20149,29.176899
20150,31.209044
20151,33.156464
20152,35.693848
20153,37.642075
20154,25.545017
20155,29.716301
20156,30.273308
20157,32.09771
20158,34.271564
20159,36.352024
20160,15.866669
20161,16.77843
20162,15.307322
20163,17.293531
20164,17.295124
20165,18.60515
20166,20.485546
20167,15.119049
20168,16.7591
20169,16.7591
20170,17.867197
20171,19.002256
20172,20.058857
20173,21.861725
20174,15.382635
20175,17.52422
20176,17.52422
20177,18.463856
20178,19.805817
20179,21.428497
20180,22.79918
20181,15.911859
20182,18.0155
20183,18.0155
20184,19.432604
20185,20.800264
20186,22.254124
20187,23.59425
20188,16.6872
20189,18.9162
20190,18.9162
20191,20.60439
20192,21.999226
20193,23.788534
20194,24.966951
20195,17.330564
20196,19.962296
20197,19.962296
20198,21.873802
20199,23.114697
20200,24.694777
20201,25.725695
20202,18.245274
20203,21.07991
20204,21.07991
20205,23.018223
20206,24.253538
20207,25.964834
20208,27.204466
20209,18.687359
20210,22.221205
20211,22.417006
20212,24.393473
20213,25.54994
20214,27.32222
20215,28.421803
20216,19.70527
20217,23.12952
20218,23.12952
20219,25.30497
20220,26.62963
20221,28.481989
20222,29.687458
20223,20.688856
20224,24.125431
20225,24.383629
20226,25.971453
20227,27.517195
20228,29.486635
20229,30.795515
20230,21.366522
20231,25.048481
20232,25.048481
20233,26.689814
20234,28.431267
20235,30.64943
20236,32.14325
20237,22.315018
20238,25.886826
20239,26.1535
20240,27.569435
20241,30.099249
20242,31.785992
20243,33.176437
20244,23.22634
20245,26.51352
20246,26.767204
20247,28.564285
20248,30.664383
20249,32.302555
20250,15.119049
20251,17.260632
20252,18.0155
20253,19.855833
20254,22.07732
20255,22.605976
20256,24.641588
20257,16.6872
20258,19.075
20259,19.351593
20260,20.622719
20261,22.206413
20262,23.530272
20263,25.06191
20264,17.436504
20265,19.910934
20266,20.317238
20267,21.61554
20268,22.96516
20269,24.436514
20270,25.676928
20271,18.085604
20272,20.821648
20273,21.055729
20274,22.36463
20275,23.847775
20276,25.31913
20277,26.946985
20278,18.527689
20279,21.717894
20280,21.798025
20281,23.613768
20282,24.601332
20283,26.808022
20284,28.284386
20285,19.371456
20286,22.77018
20287,22.77018
20288,24.807648
20289,25.93208
20290,27.741316
20291,29.432117
20292,20.181234
20293,23.505766
20294,23.624432
20295,25.418077
20296,26.769552
20297,28.703272
20298,29.97328
20299,21.142485
20300,24.344982
20301,24.344982
20302,26.301123
20303,27.703115
20304,29.474804
20305,31.30309
20306,21.70455
20307,25.163763
20308,25.163763
20309,26.91966
20310,28.916367
20311,30.752785
20312,32.14325
20313,22.49092
20314,26.1535
20315,26.1535
20316,28.022709
20317,30.099249
20318,31.785992
20319,33.37713
20320,23.265602
20321,26.767204
20322,26.767204
20323,28.62647
20324,30.664383
20325,32.792778
20326,34.121037
20327,23.973137
20328,27.219965
20329,27.219965
20330,29.281397
20331,31.622574
20332,33.6918
20333,35.250748
20334,24.443981
20335,28.184088
20336,28.184088
20337,30.44563
20338,32.35087
20339,34.338108
20340,13.335532
20341,14.227225
20342,14.227225
20343,15.079968
20344,15.801675
20345,16.991718
20346,17.805494
20347,13.496959
20348,14.964806
20349,15.307322
20350,16.160065
20351,17.295124
20352,18.60515
20353,19.450731
20354,14.058785
20355,15.840662
20356,16.251484
20357,17.104229
20358,18.239288
20359,19.639965
20360,20.692448
20361,15.119049
20362,17.014452
20363,17.260632
20364,18.113375
20365,19.512026
20366,20.616247
20367,22.029518
20368,15.420581
20369,17.52422
20370,18.0155
20371,19.213398
20372,20.555359
20373,21.68676
20374,23.85173
20375,16.495018
20376,18.82261
20377,19.174463
20378,20.320997
20379,21.999226
20380,23.525114
20381,24.966951
20382,17.330564
20383,19.962296
20384,20.169197
20385,21.873802
20386,23.114697
20387,24.694777
20388,26.076967
20389,18.280682
20390,21.07991
20391,21.489336
20392,23.018223
20393,24.436417
20394,25.964834
20395,27.204466
20396,18.852276
20397,22.417006
20398,22.417006
20399,24.653769
20400,25.561771
20401,27.334051
20402,28.472506
20403,19.743917
20404,23.168167
20405,23.43723
20406,25.30497
20407,26.662718
20408,28.55307
20409,29.687458
20410,20.688856
20411,24.125431
20412,24.383629
20413,25.971453
20414,27.714947
20415,29.486635
20416,30.795515
20417,21.663057
20418,25.048481
20419,25.20241
20420,26.689814
20421,28.916367
20422,30.64943
20423,32.14325
20424,22.49092
20425,26.1535
20426,26.1535
20427,28.022709
20428,30.099249
20429,31.785992
20430,23.736288
20431,28.454967
20432,29.485294
20433,30.504652
20434,34.083603
20435,35.999794
20436,39.51614
20437,25.252207
20438,29.910492
20439,29.976398
20440,31.833435
20441,34.170914
20442,36.13125
20443,38.389877
20444,25.837793
20445,30.06371
20446,30.06371
20447,31.920742
20448,34.170914
20449,36.342564
20450,38.389877
20451,25.84072
20452,30.06371
20453,30.06371
20454,31.920742
20455,34.170914
20456,36.342564
20457,38.389877
20458,25.84072
20459,30.06371
20460,30.06371
20461,32.17901
20462,34.785717
20463,37.005493
20464,39.13959
20465,26.699572
20466,31.03375
20467,31.03375
20468,32.878963
20469,35.419746
20470,38.328285
20471,40.10425
20472,26.87716
20473,31.600647
20474,31.713009
20475,33.521805
20476,36.062588
20477,39.026203
20478,40.728855
20479,27.383038
20480,32.600006
20481,32.600006
20482,34.50277
20483,36.85384
20484,39.440613
20485,41.235718
20486,28.235023
20487,32.79732
20488,32.79732
20489,34.860237
20490,37.102356
20491,39.78024
20492,41.614216
20493,28.876194
20494,33.127983
20495,33.127983
20496,35.44149
20497,38.04248
20498,40.37383
20499,42.22058
20500,29.558613
20501,33.875767
20502,33.875767
20503,36.189274
20504,38.83671
20505,41.257565
20506,43.104317
20507,30.179192
20508,34.43044
20509,34.43044
20510,36.99376
20511,39.250973
20512,41.57093
20513,43.579914
20514,30.883852
20515,35.217224
20516,35.217224
20517,37.476646
20518,39.844387
20519,42.16434
20520,23.440453
20521,25.229845
20522,25.229845
20523,26.622751
20524,28.815529
20525,29.692621
20526,33.793995
20527,22.815502
20528,25.85659
20529,25.85659
20530,27.7258
20531,29.829155
20532,31.515898
20533,33.068943
20534,23.028023
20535,26.21661
20536,26.21661
20537,28.01369
20538,30.078417
20539,31.970276
20540,33.322628
20541,23.214785
20542,26.470295
20543,26.470295
20544,28.267376
20545,30.332104
20546,32.03246
20547,33.322628
20548,23.346668
20549,26.53248
20550,26.53248
20551,28.587824
20552,30.652552
20553,32.78095
20554,34.070335
20555,23.764824
20556,27.011648
20557,27.181318
20558,29.24275
20559,31.307484
20560,33.518227
20561,35.200047
20562,24.007557
20563,27.897387
20564,28.145441
20565,30.168245
20566,32.33904
20567,34.288734
20568,35.846355
20569,24.630192
20570,28.589771
20571,28.589771
20572,30.575552
20573,32.549793
20574,35.131836
20575,36.721718
20576,25.058819
20577,29.138252
20578,29.138252
20579,31.209044
20580,33.156464
20581,35.693848
20582,37.642075
20583,25.545017
20584,29.782204
20585,30.273308
20586,32.09771
20587,34.271564
20588,36.352024
20589,38.583298
20590,26.039036
20591,30.717155
20592,30.717155
20593,32.574192
20594,35.22341
20595,37.44319
20596,39.824326
20597,26.931284
20598,31.56598
20599,31.639294
20600,33.396637
20601,36.074417
20602,38.577244
20603,40.779556
20604,27.421684
20605,32.106655
20606,32.106655
20607,34.541416
20608,36.86567
20609,39.346115
20610,23.869318
20611,26.32253
20612,27.782644
20613,29.978281
20614,32.79056
20615,34.405533
20616,36.396446
20617,24.470522
20618,28.045044
20619,28.331509
20620,30.31729
20621,32.291527
20622,34.405533
20623,36.1134
20624,24.652384
20625,28.331509
20626,28.331509
20627,30.31729
20628,32.291527
20629,34.405533
20630,36.1134
20631,24.652384
20632,28.331509
20633,28.331509
20634,30.31729
20635,32.291527
20636,34.405533
20637,36.1134
20638,24.652384
20639,28.331509
20640,28.331509
20641,30.575552
20642,32.549793
20643,34.6638
20644,36.933033
20645,25.058819
20646,28.960308
20647,29.138252
20648,31.170397
20649,33.144634
20650,35.68202
20651,37.591373
20652,25.50637
20653,29.677654
20654,29.743557
20655,32.059063
20656,34.2271
20657,36.340195
20658,38.532597
20659,26.00039
20660,30.321972
20661,30.678509
20662,32.535545
20663,34.785717
20664,37.431362
20665,39.56546
20666,26.892637
20667,31.181242
20668,31.527334
20669,33.323322
20670,35.910603
20671,38.41343
20672,40.318768
20673,27.066696
20674,31.751656
20675,32.106655
20676,34.28091
20677,36.53521
20678,39.29854
20679,41.040062
20680,28.200764
20681,32.70561
20682,32.70561
20683,34.729877
20684,37.102356
20685,39.78024
20686,41.614216
20687,28.584175
20688,33.127983
20689,33.127983
20690,35.44149
20691,37.80066
20692,40.37383
20693,42.22058
20694,29.44017
20695,33.875767
20696,33.875767
20697,36.189274
20698,38.226284
20699,41.257565
20700,35.931286
20701,41.11825
20702,42.30383
20703,45.216946
20704,48.090935
20705,49.212177
20706,53.29383
20707,35.823154
20708,41.606033
20709,41.606033
20710,44.75279
20711,47.899345
20712,50.29499
20713,53.29383
20714,35.823154
20715,41.606033
20716,41.606033
20717,44.578777
20718,47.736145
20719,50.29499
20720,53.29383
20721,35.823154
20722,41.606033
20723,41.606033
20724,44.578777
20725,47.736145
20726,50.29499
20727,53.29383
20728,35.823154
20729,41.606033
20730,41.606033
20731,44.837044
20732,47.99441
20733,50.553257
20734,53.551315
20735,35.982826
20736,42.251644
20737,42.251644
20738,45.3012
20739,48.45857
20740,51.32515
20741,54.2576
20742,36.416595
20743,42.552334
20744,42.552334
20745,45.74466
20746,48.891216
20747,51.833088
20748,54.857876
20749,37.416344
20750,43.30104
20751,43.30104
20752,46.215622
20753,49.282413
20754,52.9629
20755,55.392002
20756,38.03946
20757,43.608273
20758,43.608273
20759,46.692516
20760,50.332462
20761,53.43963
20762,55.907604
20763,38.167057
20764,43.73587
20765,43.73587
20766,47.4763
20767,50.82634
20768,53.76956
20769,56.237537
20770,38.84782
20771,44.719933
20772,44.719933
20773,47.91773
20774,51.31713
20775,54.260353
20776,57.148426
20777,39.094547
20778,44.96666
20779,44.96666
20780,48.164455
20781,51.755447
20782,54.88785
20783,57.436554
20784,39.226913
20785,45.035645
20786,45.035645
20787,48.535057
20788,51.96285
20789,55.151775
20790,52.659985
20791,61.269062
20792,60.74873
20793,65.00591
20794,70.17775
20795,73.28327
20796,76.82057
20797,52.67119
20798,61.269062
20799,61.269062
20800,64.687096
20801,69.085915
20802,73.0602
20803,76.5642
20804,52.67119
20805,61.269062
20806,61.269062
20807,64.687096
20808,69.085915
20809,73.0602
20810,76.5642
20811,52.67119
20812,61.269062
20813,61.269062
20814,64.687096
20815,69.085915
20816,73.0602
20817,76.5642
20818,52.67119
20819,61.269062
20820,61.269062
20821,65.02355
20822,69.42237
20823,73.39666
20824,76.89987
20825,52.900024
20826,61.605537
20827,61.605537
20828,65.02355
20829,69.42237
20830,73.39666
20831,76.89987
20832,52.900024
20833,61.605537
20834,61.605537
20835,65.02355
20836,69.42237
20837,73.39666
20838,76.89987
20839,52.900024
20840,61.605537
20841,61.605537
20842,65.02355
20843,69.42237
20844,73.39666
20845,76.89987
20846,52.900024
20847,61.605537
20848,61.605537
20849,65.11728
20850,69.434204
20851,73.40849
20852,76.95058
20853,53.286205
20854,62.10275
20855,62.10275
20856,65.4361
20857,69.9701
20858,74.295555
20859,78.034836
20860,53.286205
20861,62.197628
20862,62.197628
20863,65.4361
20864,69.9701
20865,74.51862
20866,78.29121
20867,53.286205
20868,62.197628
20869,62.197628
20870,65.4361
20871,69.9701
20872,74.51862
20873,78.29121
20874,53.286205
20875,62.197628
20876,62.197628
20877,65.4361
20878,69.9701
20879,74.51862
20880,60.88273
20881,73.929924
20882,65.64202
20883,77.122444
20884,82.908516
20885,93.40495
20886,94.3339
20887,62.051693
20888,73.320465
20889,71.01283
20890,78.8313
20891,84.41282
20892,88.983376
20893,92.662384
20894,63.09082
20895,73.96837
20896,73.96837
20897,78.8313
20898,84.41282
20899,88.49154
20900,92.898895
20901,63.608673
20902,73.96837
20903,73.96837
20904,78.8313
20905,84.41282
20906,88.49154
20907,92.898895
20908,63.608673
20909,73.96837
20910,73.96837
20911,79.13083
20912,84.71235
20913,88.79107
20914,93.182396
20915,63.85344
20916,74.2679
20917,74.2679
20918,79.487885
20919,84.71235
20920,88.79107
20921,92.75658
20922,63.85344
20923,74.62545
20924,74.62545
20925,79.487885
20926,84.71235
20927,88.79107
20928,93.182396
20929,63.85344
20930,74.62545
20931,74.62545
20932,79.487885
20933,84.71235
20934,88.79107
20935,92.75658
20936,63.85344
20937,74.62545
20938,74.62545
20939,79.58161
20940,84.72418
20941,88.8029
20942,93.2331
20943,63.947163
20944,74.71918
20945,74.71918
20946,79.58161
20947,84.72418
20948,88.8029
20949,92.80728
20950,63.947163
20951,74.71918
20952,74.71918
20953,79.58161
20954,84.72418
20955,88.8029
20956,93.2331
20957,63.947163
20958,74.71918
20959,74.71918
20960,79.58161
20961,84.72418
20962,88.8029
20963,92.80728
20964,63.947163
20965,74.71918
20966,74.71918
20967,79.58161
20968,84.72418
20969,88.8029
20970,46.71682
20971,54.45162
20972,53.169434
20973,56.653664
20974,60.363075
20975,63.232063
20976,64.936966
20977,44.947247
20978,53.169434
20979,52.570976
20980,55.673737
20981,59.76173
20982,63.8276
20983,67.03372
20984,44.25752
20985,52.570976
20986,52.570976
20987,55.673737
20988,60.04415
20989,63.991203
20990,67.19731
20991,44.25752
20992,52.570976
20993,52.570976
20994,55.673737
20995,59.925323
20996,63.991203
20997,67.19731
20998,44.25752
20999,52.570976
21000,52.570976
21001,56.00884
21002,60.379253
21003,64.37914
21004,68.06232
21005,44.744244
21006,53.504536
21007,53.504536
21008,56.638485
21009,60.54718
21010,64.61304
21011,68.06232
21012,44.744244
21013,53.504536
21014,53.504536
21015,56.638485
21016,60.54718
21017,64.61304
21018,68.06232
21019,44.744244
21020,53.504536
21021,53.504536
21022,56.638485
21023,60.54718
21024,64.61304
21025,68.06232
21026,44.744244
21027,53.504536
21028,53.504536
21029,56.67713
21030,60.55901
21031,64.62487
21032,68.11302
21033,44.78289
21034,53.543182
21035,53.543182
21036,56.67713
21037,60.55901
21038,64.62487
21039,68.11302
21040,44.78289
21041,53.543182
21042,53.543182
21043,56.67713
21044,60.55901
21045,64.62487
21046,68.11302
21047,44.78289
21048,53.543182
21049,53.543182
21050,56.67713
21051,60.55901
21052,64.62487
21053,68.11302
21054,44.78289
21055,53.543182
21056,53.543182
21057,56.67713
21058,60.55901
21059,64.62487
21060,33.806095
21061,38.66296
21062,37.88082
21063,41.211014
21064,41.987057
21065,45.227562
21066,47.239964
21067,32.599094
21068,37.88082
21069,37.88082
21070,40.151436
21071,42.670033
21072,45.227562
21073,47.6252
21074,32.599094
21075,37.88082
21076,37.88082
21077,40.151436
21078,42.756897
21079,45.227562
21080,47.6252
21081,32.599094
21082,37.88082
21083,37.88082
21084,40.151436
21085,42.756897
21086,45.227562
21087,47.6252
21088,32.599094
21089,37.88082
21090,37.88082
21091,40.409702
21092,43.015163
21093,45.48583
21094,47.882683
21095,32.758766
21096,38.139088
21097,38.139088
21098,40.409702
21099,43.015163
21100,45.48583
21101,47.882683
21102,32.758766
21103,38.139088
21104,38.139088
21105,40.409702
21106,43.015163
21107,45.48583
21108,47.882683
21109,32.758766
21110,38.139088
21111,38.139088
21112,40.409702
21113,43.015163
21114,45.48583
21115,47.882683
21116,32.758766
21117,38.139088
21118,38.139088
21119,40.44835
21120,43.026993
21121,45.497658
21122,47.933384
21123,32.797413
21124,38.177734
21125,38.177734
21126,40.44835
21127,43.026993
21128,45.497658
21129,47.933384
21130,32.797413
21131,38.177734
21132,38.177734
21133,40.44835
21134,43.026993
21135,45.497658
21136,47.933384
21137,32.797413
21138,38.177734
21139,38.177734
21140,40.44835
21141,43.026993
21142,45.497658
21143,47.933384
21144,32.797413
21145,38.177734
21146,38.177734
21147,40.44835
21148,43.026993
21149,45.497658
21150,32.12045
21151,36.502316
21152,37.07415
21153,40.151436
21154,42.552982
21155,47.227665
21156,49.748005
21157,32.599094
21158,37.76377
21159,38.66296
21160,40.933575
21161,43.653088
21162,46.72733
21163,49.240067
21164,33.36118
21165,38.66296
21166,38.66296
21167,40.933575
21168,43.653088
21169,46.342094
21170,49.240067
21171,33.36118
21172,38.66296
21173,38.66296
21174,40.933575
21175,43.653088
21176,46.342094
21177,49.240067
21178,33.36118
21179,38.66296
21180,38.66296
21181,41.19184
21182,43.911354
21183,46.60036
21184,49.49755
21185,33.52085
21186,38.921227
21187,38.921227
21188,41.19184
21189,43.911354
21190,46.60036
21191,49.49755
21192,33.52085
21193,38.921227
21194,38.921227
21195,41.19184
21196,43.911354
21197,46.60036
21198,49.49755
21199,33.52085
21200,38.921227
21201,38.921227
21202,41.19184
21203,43.911354
21204,46.60036
21205,49.49755
21206,33.52085
21207,38.921227
21208,38.921227
21209,41.230488
21210,43.923183
21211,46.61219
21212,49.548252
21213,33.559498
21214,38.959873
21215,38.959873
21216,41.230488
21217,43.923183
21218,46.61219
21219,49.548252
21220,33.559498
21221,38.959873
21222,38.959873
21223,41.230488
21224,43.923183
21225,46.61219
21226,49.548252
21227,33.559498
21228,38.959873
21229,38.959873
21230,41.230488
21231,43.923183
21232,46.61219
21233,49.548252
21234,33.559498
21235,38.959873
21236,38.959873
21237,41.230488
21238,43.923183
21239,46.61219
21240,35.130978
21241,41.236988
21242,40.189777
21243,43.7736
21244,44.49059
21245,48.94765
21246,51.187172
21247,35.126625
21248,40.752598
21249,40.752598
21250,43.495743
21251,46.02146
21252,49.18624
21253,51.9337
21254,35.130978
21255,40.81412
21256,40.81412
21257,43.62659
21258,46.289047
21259,49.18624
21260,51.9337
21261,35.130978
21262,40.81412
21263,40.81412
21264,43.62659
21265,46.289047
21266,49.18624
21267,51.9337
21268,35.130978
21269,40.81412
21270,40.81412
21271,43.884857
21272,47.060276
21273,49.704784
21274,52.45146
21275,35.499496
21276,41.645657
21277,41.645657
21278,44.42833
21279,47.642776
21280,50.201622
21281,53.18048
21282,35.982826
21283,41.8643
21284,41.8643
21285,44.837044
21286,47.99441
21287,50.553257
21288,54.038708
21289,36.37017
21290,42.251644
21291,42.251644
21292,45.4064
21293,48.563766
21294,51.32515
21295,54.2576
21296,36.80788
21297,42.552334
21298,42.552334
21299,45.783306
21300,48.903046
21301,52.433643
21302,54.908577
21303,37.45499
21304,43.339687
21305,43.339687
21306,46.692516
21307,49.97669
21308,53.330498
21309,55.798473
21310,38.078106
21311,43.73587
21312,43.73587
21313,46.781467
21314,50.496407
21315,53.43963
21316,56.237537
21317,38.84782
21318,44.719933
21319,44.719933
21320,47.4763
21321,51.31713
21322,54.260353
21323,56.72833
21324,39.094547
21325,44.96666
21326,44.96666
21327,48.164455
21328,51.755447
21329,54.68045
21330,54.59587
21331,64.83158
21332,63.993214
21333,69.02783
21334,73.57059
21335,80.67965
21336,80.197815
21337,55.37241
21338,64.587616
21339,64.587616
21340,69.24332
21341,73.57059
21342,78.340836
21343,81.35259
21344,55.37241
21345,64.587616
21346,64.587616
21347,69.24332
21348,73.57059
21349,78.276054
21350,81.74302
21351,55.37241
21352,64.587616
21353,64.587616
21354,69.24332
21355,73.57059
21356,78.276054
21357,81.74302
21358,55.37241
21359,64.587616
21360,64.587616
21361,69.57977
21362,73.90704
21363,78.61251
21364,82.07869
21365,55.601246
21366,64.92407
21367,65.21412
21368,69.86981
21369,74.19709
21370,79.43278
21371,82.89896
21372,55.601246
21373,65.21412
21374,65.21412
21375,69.86981
21376,74.42016
21377,79.49756
21378,82.89896
21379,55.601246
21380,65.21412
21381,65.21412
21382,69.86981
21383,74.42016
21384,79.49756
21385,82.89896
21386,55.601246
21387,65.21412
21388,65.21412
21389,69.96354
21390,74.43199
21391,79.50939
21392,82.94966
21393,55.639893
21394,65.307846
21395,65.307846
21396,69.96354
21397,74.43199
21398,79.50939
21399,82.94966
21400,55.639893
21401,65.307846
21402,65.307846
21403,69.96354
21404,74.43199
21405,79.50939
21406,82.94966
21407,55.639893
21408,65.307846
21409,65.307846
21410,69.96354
21411,74.43199
21412,79.50939
21413,82.94966
21414,55.639893
21415,65.307846
21416,65.307846
21417,69.96354
21418,74.43199
21419,79.50939
21420,47.21627
21421,56.81967
21422,54.25656
21423,60.078102
21424,66.73778
21425,68.37041
21426,71.942024
21427,48.35168
21428,55.907795
21429,55.51943
21430,61.016502
21431,65.01656
21432,68.806305
21433,72.37793
21434,49.28765
21435,55.907795
21436,55.907795
21437,61.064312
21438,65.06438
21439,69.1134
21440,72.56731
21441,49.367077
21442,55.98722
21443,55.98722
21444,61.064312
21445,65.06438
21446,69.328896
21447,72.56731
21448,49.367077
21449,55.98722
21450,55.98722
21451,61.452267
21452,65.45231
21453,69.87018
21454,73.3638
21455,49.684124
21456,56.430813
21457,56.430813
21458,61.560757
21459,65.788994
21460,70.211426
21461,73.705055
21462,49.74871
21463,56.752354
21464,56.752354
21465,62.02067
21466,66.045006
21467,70.42607
21468,73.91969
21469,50.04044
21470,57.44357
21471,57.44357
21472,62.806767
21473,66.72087
21474,70.78521
21475,74.27883
21476,50.094925
21477,57.90479
21478,57.90479
21479,63.361706
21480,66.732704
21481,70.79704
21482,74.552605
21483,50.13357
21484,57.943436
21485,57.943436
21486,63.361706
21487,66.732704
21488,70.79704
21489,74.552605
21490,50.13357
21491,57.943436
21492,57.943436
21493,63.361706
21494,66.732704
21495,70.79704
21496,74.552605
21497,50.13357
21498,57.943436
21499,57.943436
21500,63.361706
21501,66.732704
21502,70.79704
21503,74.552605
21504,50.13357
21505,57.943436
21506,57.943436
21507,63.361706
21508,66.732704
21509,70.79704
21510,52.659985
21511,62.449554
21512,58.62251
21513,62.985714
21514,69.358864
21515,73.17994
21516,73.099365
21517,51.742054
21518,60.37757
21519,58.5722
21520,63.564175
21521,67.9206
21522,71.81055
21523,74.77531
21524,51.34943
21525,59.827873
21526,58.45856
21527,63.319313
21528,67.46026
21529,71.68083
21530,74.998375
21531,51.37053
21532,59.193893
21533,58.45856
21534,63.319313
21535,67.46026
21536,71.68083
21537,74.998375
21538,51.37053
21539,59.193893
21540,58.45856
21541,63.707268
21542,67.84819
21543,72.06876
21544,75.38552
21545,51.585938
21546,59.642635
21547,58.907303
21548,63.95212
21549,68.09305
21550,72.19848
21551,75.70169
21552,51.97856
21553,60.09746
21554,59.36212
21555,64.40696
21556,68.73287
21557,72.425865
21558,75.92908
21559,51.97856
21560,60.670647
21561,60.41173
21562,64.40292
21563,68.728836
21564,72.837204
21565,76.340416
21566,52.513363
21567,60.984917
21568,61.403038
21569,64.91477
21570,69.1588
21571,73.40849
21572,76.95058
21573,52.93867
21574,61.699257
21575,61.699257
21576,65.11728
21577,69.434204
21578,74.295555
21579,78.034836
21580,53.286205
21581,62.10275
21582,62.10275
21583,65.4361
21584,69.9701
21585,74.51862
21586,78.29121
21587,53.286205
21588,62.197628
21589,62.197628
21590,65.4361
21591,69.9701
21592,74.51862
21593,78.29121
21594,53.286205
21595,62.197628
21596,62.197628
21597,65.4361
21598,69.9701
21599,74.51862
21600,49.858418
21601,57.569687
21602,59.809113
21603,62.88003
21604,64.80403
21605,71.34796
21606,75.63569
21607,49.858418
21608,57.569687
21609,58.25472
21610,62.88003
21611,66.33294
21612,70.73015
21613,74.30121
21614,49.858418
21615,57.569687
21616,57.51938
21617,62.88003
21618,66.33294
21619,70.39728
21620,74.11475
21621,49.858418
21622,57.569687
21623,57.569687
21624,62.88003
21625,66.33294
21626,70.39728
21627,74.11475
21628,49.858418
21629,57.569687
21630,57.569687
21631,63.267986
21632,66.72087
21633,70.78521
21634,74.5019
21635,50.094925
21636,57.90479
21637,57.90479
21638,63.267986
21639,66.72087
21640,70.78521
21641,74.5019
21642,50.094925
21643,57.90479
21644,57.90479
21645,63.267986
21646,66.72087
21647,70.78521
21648,74.5019
21649,50.094925
21650,57.90479
21651,57.90479
21652,63.267986
21653,66.72087
21654,70.78521
21655,74.5019
21656,50.094925
21657,57.90479
21658,57.90479
21659,63.361706
21660,66.732704
21661,70.79704
21662,74.552605
21663,50.13357
21664,57.943436
21665,57.943436
21666,63.361706
21667,66.732704
21668,70.79704
21669,74.552605
21670,50.13357
21671,57.943436
21672,57.943436
21673,63.361706
21674,66.732704
21675,70.79704
21676,74.552605
21677,50.13357
21678,57.943436
21679,57.943436
21680,63.361706
21681,66.732704
21682,70.79704
21683,74.552605
21684,50.13357
21685,57.943436
21686,57.943436
21687,63.361706
21688,66.732704
21689,70.79704
21690,74.02282
21691,82.1525
21692,91.319244
21693,90.7553
21694,96.3277
21695,105.768654
21696,114.672264
21697,74.56274
21698,85.31004
21699,88.154625
21700,92.3914
21701,98.940865
21702,105.11093
21703,111.54998
21704,74.56274
21705,85.31004
21706,86.78162
21707,93.136215
21708,98.976364
21709,104.40547
21710,109.48004
21711,74.56274
21712,85.31004
21713,85.775055
21714,93.136215
21715,98.976364
21716,103.81827
21717,108.95642
21718,73.83416
21719,84.988205
21720,84.988205
21721,92.39155
21722,98.2317
21723,103.7117
21724,108.436874
21725,73.3979
21726,85.146645
21727,85.146645
21728,92.39155
21729,98.2317
21730,103.7117
21731,108.436874
21732,73.3979
21733,85.146645
21734,85.146645
21735,92.39155
21736,98.2317
21737,103.7117
21738,108.436874
21739,73.3979
21740,85.146645
21741,85.146645
21742,92.39155
21743,98.2317
21744,103.7117
21745,108.436874
21746,73.3979
21747,85.146645
21748,85.146645
21749,92.485275
21750,98.24353
21751,103.72353
21752,108.48758
21753,73.49163
21754,85.24037
21755,85.24037
21756,92.485275
21757,98.24353
21758,103.72353
21759,108.48758
21760,73.49163
21761,85.24037
21762,85.24037
21763,92.485275
21764,98.24353
21765,103.72353
21766,108.48758
21767,73.49163
21768,85.24037
21769,85.24037
21770,92.485275
21771,98.24353
21772,103.72353
21773,108.48758
21774,73.49163
21775,85.24037
21776,85.24037
21777,92.485275
21778,98.24353
21779,103.72353
21780,65.53943
21781,76.53697
21782,73.054306
21783,73.328186
21784,80.38648
21785,88.06271
21786,89.92639
21787,63.029743
21788,73.101654
21789,71.95499
21790,75.947296
21791,81.99547
21792,87.33638
21793,89.91499
21794,62.685886
21795,71.95499
21796,72.05425
21797,76.269226
21798,81.99547
21799,86.115715
21800,89.91499
21801,62.685886
21802,72.05425
21803,72.05425
21804,76.269226
21805,81.99547
21806,86.115715
21807,89.91499
21808,62.685886
21809,72.05425
21810,72.05425
21811,76.568756
21812,82.295
21813,86.415245
21814,90.198494
21815,62.93065
21816,72.35378
21817,72.35378
21818,76.568756
21819,82.295
21820,86.415245
21821,90.99627
21822,62.93065
21823,72.35378
21824,72.35378
21825,76.568756
21826,82.295
21827,86.415245
21828,90.99627
21829,62.93065
21830,72.35378
21831,72.35378
21832,76.568756
21833,82.295
21834,86.415245
21835,90.99627
21836,62.93065
21837,72.35378
21838,72.35378
21839,76.66248
21840,82.915794
21841,87.74684
21842,92.0356
21843,63.368225
21844,73.12334
21845,73.71372
21846,77.83763
21847,83.37728
21848,87.888794
21849,92.39418
21850,63.429302
21851,73.71372
21852,74.361626
21853,79.224556
21854,84.72418
21855,88.902
21856,93.2331
21857,63.947163
21858,74.361626
21859,74.71918
21860,79.58161
21861,84.72418
21862,88.8029
21863,92.80728
21864,63.947163
21865,74.71918
21866,74.71918
21867,79.58161
21868,84.72418
21869,88.8029
21870,58.004883
21871,71.32529
21872,69.76817
21873,75.947296
21874,82.60443
21875,86.503746
21876,96.446846
21877,60.521812
21878,72.05425
21879,71.349045
21880,76.878204
21881,82.60443
21882,87.43548
21883,92.17003
21884,61.64676
21885,72.73008
21886,72.73008
21887,76.878204
21888,82.60443
21889,87.43548
21890,91.909325
21891,61.990616
21892,72.73008
21893,72.73008
21894,76.878204
21895,82.60443
21896,87.43548
21897,91.59203
21898,61.990616
21899,72.73008
21900,72.73008
21901,77.177734
21902,82.90396
21903,87.73501
21904,91.875534
21905,62.23538
21906,73.02961
21907,73.02961
21908,77.88143
21909,83.36545
21910,87.87696
21911,92.026184
21912,63.335583
21913,73.619995
21914,73.619995
21915,78.34292
21916,84.71235
21917,88.89017
21918,93.182396
21919,63.85344
21920,74.2679
21921,74.2679
21922,79.13083
21923,84.71235
21924,88.79107
21925,92.75658
21926,63.85344
21927,74.62545
21928,74.62545
21929,79.58161
21930,84.72418
21931,88.8029
21932,93.2331
21933,63.947163
21934,74.71918
21935,74.71918
21936,79.58161
21937,84.72418
21938,88.8029
21939,92.80728
21940,63.947163
21941,74.71918
21942,74.71918
21943,79.58161
21944,84.72418
21945,88.8029
21946,93.2331
21947,63.947163
21948,74.71918
21949,74.71918
21950,79.58161
21951,84.72418
21952,88.8029
21953,92.80728
21954,63.947163
21955,74.71918
21956,74.71918
21957,79.58161
21958,84.72418
21959,88.8029
21960,40.971104
21961,47.17846
21962,46.56302
21963,49.77046
21964,57.32477
21965,60.04166
21966,60.97792
21967,41.668182
21968,48.067913
21969,47.650486
21970,52.31209
21971,55.71962
21972,59.02444
21973,61.791798
21974,41.7228
21975,48.67641
21976,48.12253
21977,52.534298
21978,55.25379
21979,59.143272
21980,61.860184
21981,41.7228
21982,48.67641
21983,48.67641
21984,52.534298
21985,55.25379
21986,59.143272
21987,61.860184
21988,41.7228
21989,48.67641
21990,48.67641
21991,52.8694
21992,56.05472
21993,59.944206
21994,62.753338
21995,42.453266
21996,49.87453
21997,49.87453
21998,53.80644
21999,56.809807
22000,60.93126
22001,64.45522
22002,42.740685
22003,50.144047
22004,50.144047
22005,54.209835
22006,57.332687
22007,61.66743
22008,65.378685
22009,43.505
22010,51.15067
22011,51.15067
22012,55.06415
22013,58.24781
22014,62.96354
22015,66.82535
22016,44.225178
22017,52.27569
22018,52.341763
22019,55.448677
22020,59.42379
22021,64.22738
22022,67.47157
22023,44.532673
22024,52.944725
22025,52.944725
22026,56.047485
22027,60.624985
22028,64.62487
22029,68.11302
22030,44.78289
22031,53.543182
22032,53.543182
22033,56.67713
22034,60.55901
22035,64.62487
22036,68.11302
22037,44.78289
22038,53.543182
22039,53.543182
22040,56.67713
22041,60.55901
22042,64.62487
22043,68.11302
22044,44.78289
22045,53.543182
22046,53.543182
22047,56.67713
22048,60.55901
22049,64.62487
22050,43.237267
22051,55.07497
22052,51.007156
22053,54.398914
22054,56.474705
22055,59.9698
22056,66.538475
22057,43.98867
22058,51.940586
22059,51.334328
22060,54.72905
22061,57.91271
22062,62.694416
22063,66.4382
22064,43.98867
22065,51.940586
22066,51.940586
22067,55.008854
22068,58.334568
22069,63.33234
22070,66.538475
22071,43.966816
22072,52.00666
22073,52.00666
22074,55.07493
22075,59.07686
22076,63.33234
22077,66.538475
22078,43.966816
22079,52.00666
22080,52.00666
22081,55.41003
22082,59.656315
22083,63.720295
22084,67.42087
22085,44.42337
22086,52.806995
22087,52.90608
22088,56.00884
22089,60.379253
22090,64.61304
22091,68.06232
22092,44.744244
22093,53.504536
22094,53.504536
22095,56.638485
22096,60.54718
22097,64.61304
22098,68.06232
22099,44.744244
22100,53.504536
22101,53.504536
22102,56.638485
22103,60.54718
22104,64.61304
22105,68.06232
22106,44.744244
22107,53.504536
22108,53.504536
22109,56.67713
22110,60.55901
22111,64.62487
22112,68.11302
22113,44.78289
22114,53.543182
22115,53.543182
22116,56.67713
22117,60.55901
22118,64.62487
22119,68.11302
22120,44.78289
22121,53.543182
22122,53.543182
22123,56.67713
22124,60.55901
22125,64.62487
22126,68.11302
22127,44.78289
22128,53.543182
22129,53.543182
22130,56.67713
22131,60.55901
22132,64.62487
22133,68.11302
22134,44.78289
22135,53.543182
22136,53.543182
22137,56.67713
22138,60.55901
22139,64.62487
22140,40.789303
22141,47.28366
22142,45.43309
22143,49.493893
22144,51.765087
22145,53.85067
22146,60.370747
22147,40.139084
22148,46.465298
22149,46.02387
22150,49.69298
22151,52.717163
22152,55.770752
22153,59.330776
22154,40.21198
22155,46.096764
22156,46.096764
22157,49.729553
22158,52.88675
22159,55.770752
22160,59.261494
22161,40.21198
22162,46.096764
22163,46.096764
22164,49.729553
22165,52.88675
22166,55.770752
22167,59.261494
22168,40.21198
22169,46.096764
22170,46.096764
22171,50.064655
22172,53.22185
22173,56.105854
22174,60.110443
22175,41.02581
22176,47.00919
22177,47.072132
22178,51.06062
22179,54.093315
22180,56.97732
22181,60.48155
22182,41.205658
22183,47.81701
22184,47.81701
22185,51.862682
22186,54.9229
22187,57.806908
22188,61.21102
22189,41.90469
22190,48.403015
22191,48.403015
22192,52.838783
22193,55.583977
22194,58.557804
22195,62.247356
22196,41.95931
22197,49.011513
22198,49.126614
22199,53.09
22200,56.06655
22201,60.07734
22202,63.826176
22203,42.62983
22204,50.04764
22205,50.04764
22206,53.845085
22207,56.821636
22208,61.26225
22209,64.83493
22210,43.231533
22211,50.790504
22212,50.790504
22213,54.647293
22214,57.74333
22215,61.921402
22216,65.67154
22217,43.657566
22218,51.516487
22219,51.516487
22220,55.382603
22221,58.6815
22222,62.97537
22223,66.87605
22224,44.24197
22225,52.38041
22226,52.38041
22227,55.448677
22228,59.42379
22229,64.22738
22230,68.74671
22231,77.316635
22232,85.25808
22233,89.40499
22234,91.992096
22235,99.979355
22236,102.553535
22237,70.287636
22238,81.0086
22239,82.66466
22240,88.28425
22241,93.02665
22242,98.52018
22243,102.553535
22244,70.643936
22245,82.20515
22246,82.20515
22247,88.51794
22248,93.25588
22249,97.99583
22250,102.553535
22251,70.643936
22252,82.20515
22253,82.20515
22254,88.51794
22255,93.25588
22256,97.99583
22257,102.553535
22258,70.643936
22259,82.20515
22260,82.20515
22261,88.67638
22262,93.41432
22263,98.15427
22264,102.711975
22265,71.20711
22266,82.8231
22267,82.8231
22268,88.65842
22269,94.061386
22270,99.42521
22271,103.98292
22272,71.42184
22273,83.01673
22274,83.01673
22275,88.85205
22276,94.79385
22277,100.16913
22278,104.202484
22279,71.61547
22280,83.01673
22281,83.01673
22282,88.85205
22283,94.79385
22284,100.16913
22285,104.202484
22286,71.61547
22287,83.01673
22288,83.01673
22289,88.94578
22290,94.80569
22291,100.18096
22292,104.25319
22293,71.7092
22294,83.11046
22295,83.11046
22296,88.94578
22297,94.80569
22298,100.18096
22299,104.25319
22300,71.7092
22301,83.11046
22302,83.11046
22303,88.94578
22304,94.80569
22305,100.18096
22306,104.25319
22307,71.7092
22308,83.11046
22309,83.11046
22310,88.94578
22311,94.80569
22312,100.18096
22313,104.25319
22314,71.7092
22315,83.11046
22316,83.11046
22317,88.94578
22318,94.80569
22319,100.18096
22320,57.64767
22321,68.27285
22322,68.27285
22323,76.10935
22324,77.87367
22325,84.64535
22326,88.5638
22327,57.64767
22328,68.516815
22329,68.516815
22330,73.66662
22331,78.9869
22332,83.28656
22333,87.51444
22334,57.64767
22335,68.516815
22336,68.516815
22337,73.257095
22338,78.9869
22339,83.28656
22340,87.52584
22341,57.64767
22342,68.516815
22343,68.516815
22344,73.257095
22345,78.9869
22346,83.28656
22347,87.52584
22348,57.64767
22349,68.516815
22350,68.516815
22351,73.59355
22352,79.32336
22353,83.62302
22354,87.86151
22355,57.876507
22356,68.85327
22357,68.85327
22358,73.59355
22359,79.388145
22360,83.62302
22361,87.86151
22362,57.876507
22363,68.85327
22364,68.85327
22365,73.59355
22366,79.388145
22367,83.62302
22368,87.86151
22369,57.876507
22370,68.85327
22371,68.85327
22372,73.59355
22373,79.388145
22374,83.62302
22375,87.86151
22376,57.876507
22377,68.85327
22378,68.85327
22379,73.68728
22380,79.39998
22381,83.63485
22382,87.91222
22383,57.915154
22384,68.947
22385,68.947
22386,73.68728
22387,79.39998
22388,83.63485
22389,87.91222
22390,57.915154
22391,68.947
22392,68.947
22393,73.68728
22394,79.39998
22395,83.63485
22396,87.91222
22397,57.915154
22398,68.947
22399,68.947
22400,73.68728
22401,79.39998
22402,83.63485
22403,87.91222
22404,57.915154
22405,68.947
22406,68.947
22407,73.68728
22408,79.39998
22409,83.63485
22410,62.43191
22411,64.748985
22412,69.16588
22413,74.12051
22414,82.05932
22415,81.50709
22416,89.5772
22417,61.19399
22418,68.27285
22419,69.44199
22420,73.81436
22421,79.72547
22422,83.44177
22423,87.669655
22424,60.15486
22425,68.516815
22426,69.12476
22427,73.257095
22428,79.05169
22429,83.28656
22430,87.52584
22431,59.79765
22432,68.516815
22433,69.12476
22434,73.257095
22435,79.05169
22436,83.28656
22437,87.52584
22438,59.232796
22439,68.516815
22440,69.12476
22441,73.59355
22442,79.388145
22443,83.62302
22444,87.86151
22445,59.46163
22446,68.85327
22447,69.46122
22448,73.59355
22449,79.388145
22450,83.62302
22451,87.86151
22452,59.46163
22453,68.85327
22454,69.46122
22455,73.59355
22456,79.388145
22457,83.62302
22458,87.86151
22459,59.46163
22460,68.85327
22461,69.46122
22462,73.59355
22463,79.388145
22464,83.62302
22465,87.86151
22466,59.46163
22467,68.85327
22468,69.46122
22469,73.68728
22470,79.39998
22471,83.63485
22472,87.91222
22473,59.50028
22474,68.947
22475,69.55495
22476,73.68728
22477,79.39998
22478,83.63485
22479,87.91222
22480,59.50028
22481,68.947
22482,69.55495
22483,73.68728
22484,79.39998
22485,83.63485
22486,87.91222
22487,59.50028
22488,68.947
22489,69.55495
22490,73.68728
22491,79.39998
22492,83.63485
22493,87.91222
22494,59.50028
22495,68.947
22496,69.55495
22497,73.68728
22498,79.39998
22499,83.63485
22500,33.295277
22501,39.101223
22502,40.415462
22503,43.739506
22504,43.38395
22505,48.94765
22506,51.69511
22507,34.345924
22508,40.189777
22509,40.415462
22510,43.01359
22511,45.507427
22512,49.092667
22513,51.840126
22514,35.126625
22515,40.752598
22516,40.752598
22517,43.62659
22518,46.289047
22519,49.18624
22520,51.9337
22521,35.130978
22522,40.81412
22523,40.81412
22524,43.62659
22525,46.289047
22526,49.18624
22527,51.9337
22528,35.130978
22529,40.81412
22530,40.81412
22531,43.884857
22532,47.060276
22533,49.704784
22534,52.45146
22535,35.499496
22536,41.645657
22537,41.645657
22538,44.42833
22539,47.642776
22540,50.201622
22541,53.18048
22542,35.982826
22543,41.8643
22544,41.8643
22545,44.837044
22546,47.99441
22547,50.553257
22548,54.038708
22549,36.37017
22550,42.251644
22551,42.251644
22552,45.4064
22553,48.563766
22554,51.32515
22555,54.2576
22556,36.80788
22557,42.552334
22558,42.552334
22559,45.783306
22560,48.903046
22561,52.433643
22562,54.908577
22563,37.45499
22564,43.339687
22565,43.339687
22566,46.692516
22567,49.97669
22568,53.330498
22569,55.798473
22570,38.078106
22571,43.73587
22572,43.73587
22573,46.781467
22574,50.496407
22575,53.43963
22576,56.237537
22577,38.84782
22578,44.719933
22579,44.719933
22580,47.4763
22581,51.31713
22582,54.260353
22583,56.72833
22584,39.094547
22585,44.96666
22586,44.96666
22587,48.164455
22588,51.755447
22589,54.68045
22590,42.21676
22591,48.504574
22592,49.808945
22593,52.687836
22594,59.57406
22595,59.675587
22596,64.39708
22597,42.354675
22598,49.808945
22599,49.808945
22600,53.697376
22601,57.91815
22602,60.981297
22603,64.39708
22604,42.504177
22605,50.416756
22606,50.416756
22607,53.874733
22608,56.997585
22609,61.279476
22610,64.99154
22611,42.95638
22612,50.416756
22613,50.416756
22614,53.874733
22615,56.997585
22616,61.279476
22617,64.99154
22618,42.95638
22619,50.416756
22620,50.416756
22621,54.209835
22622,57.7315
22623,61.909573
22624,65.620834
22625,43.505
22626,51.15067
22627,51.47784
22628,55.06415
22629,58.66967
22630,62.96354
22631,66.82535
22632,44.225178
22633,52.341763
22634,52.341763
22635,55.41003
22636,59.41196
22637,64.215546
22638,67.42087
22639,44.494026
22640,52.90608
22641,52.90608
22642,56.00884
22643,60.613155
22644,64.61304
22645,68.06232
22646,44.744244
22647,53.504536
22648,53.504536
22649,56.67713
22650,60.55901
22651,64.62487
22652,68.11302
22653,44.78289
22654,53.543182
22655,53.543182
22656,56.67713
22657,60.55901
22658,64.62487
22659,68.11302
22660,44.78289
22661,53.543182
22662,53.543182
22663,56.67713
22664,60.55901
22665,64.62487
22666,68.11302
22667,44.78289
22668,53.543182
22669,53.543182
22670,56.67713
22671,60.55901
22672,64.62487
22673,68.11302
22674,44.78289
22675,53.543182
22676,53.543182
22677,56.67713
22678,60.55901
22679,64.62487
22680,33.42692
22681,39.101223
22682,40.752598
22683,43.755417
22684,45.507427
22685,49.45559
22686,50.87439
22687,34.57161
22688,40.752598
22689,40.752598
22690,43.495743
22691,46.195473
22692,49.18624
22693,51.332188
22694,35.130978
22695,40.81412
22696,40.81412
22697,43.62659
22698,46.289047
22699,49.18624
22700,51.9337
22701,35.130978
22702,40.81412
22703,40.81412
22704,43.62659
22705,46.289047
22706,49.18624
22707,51.9337
22708,35.130978
22709,40.81412
22710,40.81412
22711,43.884857
22712,47.060276
22713,49.704784
22714,52.45146
22715,35.499496
22716,41.645657
22717,41.645657
22718,44.42833
22719,47.642776
22720,50.201622
22721,53.18048
22722,35.982826
22723,41.8643
22724,41.8643
22725,44.837044
22726,47.99441
22727,50.553257
22728,54.038708
22729,36.37017
22730,42.251644
22731,42.251644
22732,45.4064
22733,48.563766
22734,51.32515
22735,54.2576
22736,36.80788
22737,42.552334
22738,42.552334
22739,45.783306
22740,48.903046
22741,52.433643
22742,54.908577
22743,37.45499
22744,43.339687
22745,43.339687
22746,46.692516
22747,49.97669
22748,53.330498
22749,55.798473
22750,38.078106
22751,43.73587
22752,43.73587
22753,46.781467
22754,50.496407
22755,53.43963
22756,56.237537
22757,38.84782
22758,44.719933
22759,44.719933
22760,47.4763
22761,51.31713
22762,54.260353
22763,56.72833
22764,39.094547
22765,44.96666
22766,44.96666
22767,48.164455
22768,51.755447
22769,54.68045
22770,31.737953
22771,36.979458
22772,38.039043
22773,38.044
22774,40.53548
22775,42.682262
22776,45.763226
22777,31.803854
22778,36.41731
22779,36.53436
22780,38.334286
22781,40.53548
22782,42.96443
22783,45.268032
22784,31.41431
22785,36.027767
22786,36.027767
22787,38.334286
22788,40.53548
22789,42.96443
22790,45.268032
22791,31.41431
22792,36.027767
22793,36.027767
22794,38.334286
22795,40.53548
22796,42.96443
22797,45.268032
22798,31.41431
22799,36.027767
22800,36.027767
22801,38.592552
22802,40.793747
22803,43.2227
22804,45.525517
22805,31.57398
22806,36.286034
22807,36.286034
22808,38.592552
22809,40.793747
22810,43.2227
22811,45.525517
22812,31.57398
22813,36.286034
22814,36.286034
22815,38.592552
22816,40.793747
22817,43.2227
22818,45.525517
22819,31.57398
22820,36.286034
22821,36.286034
22822,38.592552
22823,40.793747
22824,43.2227
22825,45.525517
22826,31.57398
22827,36.286034
22828,36.286034
22829,38.6312
22830,40.805576
22831,43.234528
22832,45.576218
22833,31.612627
22834,36.32468
22835,36.32468
22836,38.6312
22837,40.805576
22838,43.234528
22839,45.576218
22840,31.612627
22841,36.32468
22842,36.32468
22843,38.6312
22844,40.805576
22845,43.234528
22846,45.576218
22847,31.612627
22848,36.32468
22849,36.32468
22850,38.6312
22851,40.805576
22852,43.234528
22853,45.576218
22854,31.612627
22855,36.32468
22856,36.32468
22857,38.6312
22858,40.805576
22859,43.234528
22860,23.374554
22861,25.85659
22862,26.027023
22863,26.380754
22864,28.372766
22865,31.799837
22866,34.97192
22867,23.175522
22868,26.21661
22869,26.21661
22870,27.909157
22871,30.266201
22872,32.03246
22873,33.553318
22874,23.214785
22875,26.470295
22876,26.470295
22877,28.267376
22878,30.394289
22879,32.03246
22880,33.322628
22881,23.346668
22882,26.53248
22883,26.53248
22884,28.329561
22885,30.394289
22886,32.03246
22887,33.322628
22888,23.346668
22889,26.53248
22890,26.53248
22891,28.587824
22892,30.652552
22893,32.78095
22894,34.070335
22895,23.764824
22896,27.011648
22897,27.181318
22898,29.24275
22899,31.307484
22900,33.518227
22901,35.200047
22902,24.007557
22903,27.897387
22904,28.145441
22905,30.168245
22906,32.33904
22907,34.288734
22908,35.846355
22909,24.630192
22910,28.589771
22911,28.589771
22912,30.575552
22913,32.549793
22914,35.131836
22915,36.721718
22916,25.058819
22917,29.138252
22918,29.138252
22919,31.209044
22920,33.156464
22921,35.693848
22922,37.642075
22923,25.545017
22924,29.782204
22925,30.273308
22926,32.09771
22927,34.271564
22928,36.352024
22929,38.583298
22930,26.039036
22931,30.717155
22932,30.717155
22933,32.574192
22934,35.22341
22935,37.44319
22936,39.824326
22937,26.931284
22938,31.56598
22939,31.639294
22940,33.396637
22941,36.074417
22942,38.577244
22943,40.779556
22944,27.421684
22945,32.106655
22946,32.106655
22947,34.541416
22948,36.86567
22949,39.346115
22950,24.822966
22951,29.910492
22952,30.420246
22953,31.833435
22954,33.688488
22955,37.664307
22956,39.51614
22957,26.09016
22958,30.775488
22959,30.775488
22960,32.412533
22961,34.87118
22962,37.664307
22963,39.51614
22964,26.732967
22965,30.92298
22966,30.92298
22967,33.02641
22968,35.567192
22969,38.143333
22970,39.846767
22971,26.71749
22972,31.342384
22973,31.342384
22974,33.099724
22975,35.80432
22976,38.307148
22977,40.010582
22978,26.86838
22979,31.454746
22980,31.454746
22981,33.521805
22982,36.062588
22983,38.565414
22984,40.268066
22985,27.383038
22986,32.06801
22987,32.06801
22988,34.242264
22989,36.85384
22990,39.28671
22991,41.036938
22992,28.162117
22993,32.66696
22994,32.66696
22995,34.69123
22996,37.090527
22997,39.76841
22998,41.563515
22999,28.545528
23000,32.79732
23001,33.089336
23002,35.402843
23003,37.78883
23004,40.120182
23005,42.16988
23006,29.401524
23007,33.653316
23008,33.83712
23009,36.189274
23010,38.226284
23011,40.647133
23012,43.104317
23013,30.120102
23014,34.37135
23015,34.43044
23016,36.93858
23017,39.02048
23018,41.57093
23019,43.579914
23020,30.883852
23021,35.217224
23022,35.217224
23023,37.476646
23024,39.844387
23025,42.16434
23026,44.62482
23027,31.226294
23028,35.55967
23029,36.151443
23030,38.527916
23031,40.632404
23032,42.95236
23033,45.150978
23034,31.612627
23035,36.254726
23036,36.32468
23037,38.6312
23038,40.805576
23039,43.234528
23040,21.595583
23041,25.961124
23042,25.69445
23043,26.94442
23044,28.645094
23045,31.062628
23046,31.913448
23047,22.559277
23048,25.85659
23049,25.85659
23050,27.272526
23051,29.829155
23052,31.515898
23053,32.86825
23054,22.844666
23055,26.21661
23056,26.21661
23057,28.01369
23058,30.078417
23059,31.716587
23060,33.068943
23061,23.067286
23062,26.470295
23063,26.470295
23064,28.267376
23065,30.332104
23066,31.970276
23067,33.322628
23068,23.214785
23069,26.53248
23070,26.53248
23071,28.587824
23072,30.652552
23073,32.290726
23074,34.070335
23075,23.764824
23076,27.011648
23077,27.011648
23078,29.24275
23079,31.307484
23080,33.214966
23081,35.038303
23082,24.007557
23083,27.897387
23084,27.897387
23085,30.168245
23086,32.02054
23087,34.288734
23088,35.80881
23089,24.630192
23090,28.40784
23091,28.589771
23092,30.575552
23093,32.549793
23094,34.6638
23095,36.721718
23096,25.058819
23097,28.960308
23098,29.138252
23099,31.209044
23100,33.156464
23101,35.205235
23102,37.642075
23103,25.545017
23104,29.716301
23105,29.782204
23106,32.09771
23107,34.23893
23108,36.352024
23109,38.583298
23110,26.039036
23111,30.360619
23112,30.717155
23113,32.574192
23114,34.797546
23115,37.44319
23116,39.61616
23117,26.931284
23118,31.219889
23119,31.56598
23120,33.396637
23121,35.910603
23122,38.577244
23123,40.318768
23124,27.066696
23125,32.106655
23126,32.106655
23127,34.28091
23128,36.795715
23129,39.29854
23130,39.028595
23131,45.70896
23132,44.42302
23133,47.179386
23134,51.91484
23135,51.947834
23136,56.420143
23137,38.6495
23138,44.59703
23139,44.42302
23140,47.620815
23141,51.238625
23142,53.990257
23143,56.420143
23144,38.6495
23145,44.42302
23146,44.42302
23147,47.620815
23148,51.238625
23149,53.990257
23150,56.420143
23151,38.6495
23152,44.42302
23153,44.42302
23154,47.620815
23155,51.238625
23156,53.990257
23157,56.420143
23158,38.6495
23159,44.42302
23160,44.42302
23161,47.87908
23162,51.49689
23163,54.248524
23164,56.677628
23165,38.809174
23166,44.681286
23167,44.928013
23168,48.12581
23169,51.743618
23170,54.66862
23171,57.097725
23172,39.188267
23173,44.996998
23174,44.996998
23175,48.49641
23176,51.95102
23177,54.876022
23178,57.385853
23179,39.188267
23180,44.996998
23181,44.996998
23182,48.49641
23183,51.95102
23184,54.876022
23185,57.385853
23186,39.188267
23187,44.996998
23188,44.996998
23189,48.535057
23190,51.96285
23191,54.88785
23192,57.436554
23193,39.974834
23194,45.730003
23195,45.730003
23196,49.22941
23197,52.226772
23198,55.31017
23199,57.811283
23200,40.321175
23201,46.304554
23202,46.304554
23203,50.06673
23204,53.064095
23205,56.117683
23206,58.67645
23207,40.487133
23208,47.047836
23209,47.047836
23210,51.036324
23211,53.81125
23212,56.695255
23213,59.930237
23214,41.246258
23215,47.755543
23216,47.855656
23217,51.60523
23218,54.205257
23219,57.818737
23220,33.57906
23221,37.88082
23222,37.76377
23223,40.71068
23224,41.646397
23225,44.715458
23226,49.748005
23227,32.599094
23228,37.88082
23229,37.88082
23230,40.151436
23231,42.756897
23232,44.802322
23233,48.125534
23234,32.599094
23235,37.88082
23236,37.88082
23237,40.151436
23238,42.756897
23239,44.802322
23240,48.125534
23241,32.599094
23242,37.88082
23243,37.88082
23244,40.151436
23245,42.756897
23246,44.802322
23247,48.125534
23248,32.599094
23249,37.88082
23250,37.88082
23251,40.409702
23252,43.015163
23253,45.06059
23254,48.38302
23255,32.758766
23256,38.139088
23257,38.139088
23258,40.409702
23259,43.015163
23260,45.48583
23261,48.38302
23262,32.758766
23263,38.139088
23264,38.139088
23265,40.409702
23266,43.015163
23267,45.48583
23268,48.38302
23269,32.758766
23270,38.139088
23271,38.139088
23272,40.409702
23273,43.015163
23274,45.48583
23275,48.38302
23276,32.758766
23277,38.139088
23278,38.139088
23279,40.44835
23280,43.026993
23281,45.497658
23282,48.43372
23283,32.797413
23284,38.177734
23285,38.177734
23286,40.44835
23287,43.026993
23288,45.497658
23289,48.43372
23290,32.797413
23291,38.177734
23292,38.177734
23293,40.44835
23294,43.026993
23295,45.497658
23296,48.43372
23297,32.797413
23298,38.177734
23299,38.177734
23300,40.44835
23301,43.026993
23302,45.497658
23303,48.43372
23304,32.797413
23305,38.177734
23306,38.177734
23307,40.44835
23308,43.026993
23309,45.497658
23310,35.126625
23311,40.48346
23312,41.780045
23313,44.227142
23314,48.090935
23315,49.886276
23316,52.922997
23317,35.809296
23318,41.492435
23319,41.606033
23320,44.578777
23321,47.899345
23322,50.29499
23323,53.29383
23324,35.823154
23325,41.606033
23326,41.606033
23327,44.578777
23328,47.736145
23329,50.29499
23330,53.29383
23331,35.823154
23332,41.606033
23333,41.606033
23334,44.578777
23335,47.736145
23336,50.29499
23337,53.29383
23338,35.823154
23339,41.606033
23340,41.606033
23341,44.837044
23342,47.99441
23343,50.553257
23344,53.551315
23345,35.982826
23346,42.251644
23347,42.251644
23348,45.3012
23349,48.45857
23350,51.32515
23351,54.2576
23352,36.416595
23353,42.552334
23354,42.552334
23355,45.74466
23356,48.891216
23357,51.833088
23358,54.857876
23359,37.416344
23360,43.30104
23361,43.30104
23362,46.215622
23363,49.282413
23364,52.9629
23365,55.392002
23366,38.03946
23367,43.608273
23368,43.608273
23369,46.692516
23370,50.332462
23371,53.43963
23372,55.907604
23373,38.167057
23374,43.73587
23375,43.73587
23376,47.4763
23377,50.82634
23378,53.76956
23379,56.237537
23380,38.84782
23381,44.719933
23382,44.719933
23383,47.91773
23384,51.31713
23385,54.260353
23386,57.148426
23387,39.094547
23388,44.96666
23389,44.96666
23390,48.164455
23391,51.755447
23392,54.88785
23393,57.436554
23394,39.226913
23395,45.035645
23396,45.035645
23397,48.535057
23398,51.96285
23399,55.151775
23400,15.119049
23401,17.260632
23402,17.52422
23403,18.376966
23404,19.598915
23405,21.884796
23406,23.032883
23407,15.911859
23408,18.0155
23409,18.492971
23410,19.432604
23411,20.871641
23412,22.254124
23413,24.048592
23414,16.6872
23415,18.9162
23416,19.075
23417,20.346127
23418,22.017555
23419,23.530272
23420,24.70947
23421,17.170895
23422,19.351593
23423,19.910934
23424,21.209236
23425,22.558853
23426,24.436514
23427,25.468214
23428,17.825678
23429,20.317238
23430,20.317238
23431,22.48688
23432,23.710707
23433,25.182062
23434,26.817024
23435,18.398273
23436,21.976156
23437,21.976156
23438,23.613768
23439,24.601332
23440,26.808022
23441,28.284386
23442,19.371456
23443,22.77018
23444,22.77018
23445,24.807648
23446,25.93208
23447,27.741316
23448,29.432117
23449,20.181234
23450,23.505766
23451,23.624432
23452,25.418077
23453,26.769552
23454,28.703272
23455,29.97328
23456,21.142485
23457,24.344982
23458,24.344982
23459,26.33977
23460,27.714947
23461,29.486635
23462,31.353792
23463,21.743196
23464,25.20241
23465,25.432257
23466,26.91966
23467,28.916367
23468,30.752785
23469,32.221634
23470,22.757593
23471,26.1535
23472,26.330162
23473,28.022709
23474,30.099249
23475,31.98668
23476,33.37713
23477,23.265602
23478,26.767204
23479,26.767204
23480,28.62647
23481,30.664383
23482,32.792778
23483,34.121037
23484,23.973137
23485,27.219965
23486,27.219965
23487,29.281397
23488,31.622574
23489,33.6918
23490,20.07233
23491,21.859274
23492,21.990799
23493,25.102558
23494,26.117538
23495,28.51091
23496,29.482685
23497,20.36283
23498,23.138777
23499,23.257442
23500,25.254313
23501,26.673323
23502,28.44501
23503,29.7158
23504,20.72462
23505,23.828522
23506,23.828522
23507,25.674543
23508,27.2471
23509,29.018787
23510,30.487331
23511,21.168205
23512,24.455036
23513,24.455036
23514,26.04286
23515,27.549387
23516,29.840721
23517,31.045609
23518,21.54488
23519,24.751572
23520,24.9055
23521,26.651167
23522,28.904535
23523,30.637598
23524,32.09255
23525,22.276371
23526,25.753681
23527,26.020355
23528,27.530788
23529,30.087418
23530,31.77416
23531,33.125736
23532,23.187693
23533,26.474873
23534,26.728558
23535,28.525639
23536,30.590366
23537,32.290726
23538,33.580112
23539,23.764824
23540,27.011648
23541,27.011648
23542,28.808733
23543,31.307484
23544,33.214966
23545,34.504353
23546,23.926872
23547,27.589113
23548,27.897387
23549,29.892931
23550,32.032368
23551,34.069477
23552,35.628426
23553,24.668839
23554,28.408945
23555,28.446487
23556,30.614199
23557,32.561623
23558,34.67563
23559,36.77242
23560,25.097466
23561,28.998955
23562,29.176899
23563,31.209044
23564,33.156464
23565,35.693848
23566,37.642075
23567,25.545017
23568,29.716301
23569,30.273308
23570,32.09771
23571,34.271564
23572,36.352024
23573,38.583298
23574,26.039036
23575,30.717155
23576,30.717155
23577,32.574192
23578,35.22341
23579,37.44319
23580,18.121012
23581,21.844526
23582,22.83565
23583,22.72566
23584,25.144178
23585,27.063957
23586,28.75791
23587,19.294987
23588,22.511917
23589,22.681644
23590,24.401886
23591,25.768314
23592,27.587587
23593,29.174637
23594,20.021564
23595,23.14032
23596,23.14032
23597,25.04115
23598,26.392624
23599,28.282976
23600,29.553766
23601,20.566845
23602,23.828522
23603,23.828522
23604,25.416346
23605,26.673323
23606,29.018787
23607,30.289577
23608,20.982815
23609,24.455036
23610,24.455036
23611,26.301123
23612,27.703115
23613,30.098984
23614,31.30309
23615,21.77834
23616,25.39361
23617,25.39361
23618,26.881014
23619,29.00789
23620,30.740953
23621,32.170933
23622,22.718946
23623,26.114853
23624,26.291515
23625,27.984062
23626,30.15332
23627,31.97485
23628,33.326427
23629,23.226955
23630,26.728558
23631,26.728558
23632,28.587824
23633,30.652552
23634,32.78095
23635,34.070335
23636,23.764824
23637,27.181318
23638,27.181318
23639,29.281397
23640,31.319315
23641,33.530056
23642,35.250748
23643,24.046204
23644,27.936033
23645,28.184088
23646,30.206892
23647,32.35087
23648,34.300564
23649,35.897057
23650,24.668839
23651,28.628418
23652,28.628418
23653,30.614199
23654,32.978523
23655,35.143665
23656,36.77242
23657,25.136936
23658,29.176899
23659,29.176899
23660,31.209044
23661,33.72068
23662,35.693848
23663,37.642075
23664,25.545017
23665,30.273308
23666,30.273308
23667,32.130344
23668,34.271564
23669,36.352024
23670,18.042728
23671,18.564348
23672,19.075
23673,20.415817
23674,23.11266
23675,24.289015
23676,25.781462
23677,17.707062
23678,20.110336
23679,20.317238
23680,21.61554
23681,23.46393
23682,24.9238
23683,26.164213
23684,18.121012
23685,21.055729
23686,21.231073
23687,22.75996
23688,24.178154
23689,25.706572
23690,26.946985
23691,18.527689
23692,21.798025
23693,21.962942
23694,23.52042
23695,24.810362
23696,26.549759
23697,28.026905
23698,19.211786
23699,22.380392
23700,22.511917
23701,24.746647
23702,25.742466
23703,27.741316
23704,28.840899
23705,20.181234
23706,23.398582
23707,23.505766
23708,25.418077
23709,26.769552
23710,28.541239
23711,29.798788
23712,20.88429
23713,24.344982
23714,24.344982
23715,26.301123
23716,27.703115
23717,29.474804
23718,30.744812
23719,21.62441
23720,25.009834
23721,25.163763
23722,26.881014
23723,28.904535
23724,30.637598
23725,32.09255
23726,22.452272
23727,26.114853
23728,26.114853
23729,28.022709
23730,30.099249
23731,31.785992
23732,33.37713
23733,23.22634
23734,26.767204
23735,26.767204
23736,28.62647
23737,30.664383
23738,32.792778
23739,34.121037
23740,23.80347
23741,27.219965
23742,27.219965
23743,29.281397
23744,31.622574
23745,33.6918
23746,35.250748
23747,24.443981
23748,28.184088
23749,28.184088
23750,30.44563
23751,32.35087
23752,34.338108
23753,36.21027
23754,24.8507
23755,28.628418
23756,28.998955
23757,31.031105
23758,32.978523
23759,35.205235
23760,12.834339
23761,14.728421
23762,14.227225
23763,15.581165
23764,16.716225
23765,17.729296
23766,18.917393
23767,13.717353
23768,15.840662
23769,15.840662
23770,16.693403
23771,17.828463
23772,19.132349
23773,19.97793
23774,14.863698
23775,16.7591
23776,17.014452
23777,17.867197
23778,19.002256
23779,20.265759
23780,21.11134
23781,15.382635
23782,17.52422
23783,17.52422
23784,18.463856
23785,19.805817
23786,21.428497
23787,22.79918
23788,15.911859
23789,18.0155
23790,18.0155
23791,19.690866
23792,21.058527
23793,22.512386
23794,24.158573
23795,16.84687
23796,19.333263
23797,19.333263
23798,20.880981
23799,22.35595
23800,23.788534
23801,25.319391
23802,17.596174
23803,20.5755
23804,20.5755
23805,21.873802
23806,23.574694
23807,25.182062
23808,26.421694
23809,18.398273
23810,21.489336
23811,21.976156
23812,23.505041
23813,24.436417
23814,26.34073
23815,27.80307
23816,19.048077
23817,22.638655
23818,22.638655
23819,24.785294
23820,25.693296
23821,27.334051
23822,28.891602
23823,20.219881
23824,23.43723
23825,23.544413
23826,25.338058
23827,26.781384
23828,28.55307
23829,29.849491
23830,20.922937
23831,24.383629
23832,24.383629
23833,26.33977
23834,27.714947
23835,29.486635
23836,31.353792
23837,21.663057
23838,25.20241
23839,25.432257
23840,26.91966
23841,28.916367
23842,30.752785
23843,32.221634
23844,22.757593
23845,26.1535
23846,26.330162
23847,28.022709
23848,30.099249
23849,31.98668
23850,13.717353
23851,15.307322
23852,15.90745
23853,15.581165
23854,16.21503
23855,17.492912
23856,18.574877
23857,14.058785
23858,15.840662
23859,15.840662
23860,16.693403
23861,17.828463
23862,19.132349
23863,19.97793
23864,14.863698
23865,16.7591
23866,17.014452
23867,17.867197
23868,19.002256
23869,20.265759
23870,21.11134
23871,15.382635
23872,17.52422
23873,17.52422
23874,18.463856
23875,19.805817
23876,21.428497
23877,22.79918
23878,15.911859
23879,18.0155
23880,18.0155
23881,19.690866
23882,21.058527
23883,22.512386
23884,24.158573
23885,16.84687
23886,19.333263
23887,19.333263
23888,20.880981
23889,22.35595
23890,23.788534
23891,25.319391
23892,17.596174
23893,20.5755
23894,20.5755
23895,21.873802
23896,23.574694
23897,25.182062
23898,26.421694
23899,18.398273
23900,21.489336
23901,21.976156
23902,23.505041
23903,24.436417
23904,26.34073
23905,27.80307
23906,19.048077
23907,22.638655
23908,22.638655
23909,24.785294
23910,25.693296
23911,27.334051
23912,28.891602
23913,20.219881
23914,23.43723
23915,23.544413
23916,25.338058
23917,26.781384
23918,28.55307
23919,29.849491
23920,20.922937
23921,24.383629
23922,24.383629
23923,26.33977
23924,27.714947
23925,29.486635
23926,31.353792
23927,21.663057
23928,25.20241
23929,25.432257
23930,26.91966
23931,28.916367
23932,30.752785
23933,32.221634
23934,22.757593
23935,26.1535
23936,26.330162
23937,28.022709
23938,30.099249
23939,31.98668
23940,10.700218
23941,11.851967
23942,11.851967
23943,12.752613
23944,13.755884
23945,14.480986
23946,15.783004
23947,11.971621
23948,13.431958
23949,13.844998
23950,14.666614
23951,15.801675
23952,16.991718
23953,18.338493
23954,13.496959
23955,14.964806
23956,15.307322
23957,16.160065
23958,17.828463
23959,18.60515
23960,19.450731
23961,14.058785
23962,16.251484
23963,16.251484
23964,17.104229
23965,18.746904
23966,19.639965
23967,20.865162
23968,15.119049
23969,17.014452
23970,17.260632
23971,18.371637
23972,19.770288
23973,20.9614
23974,22.286999
23975,16.07153
23976,18.273762
23977,18.273762
23978,19.690866
23979,21.058527
23980,22.289791
23981,23.85173
23982,16.84687
23983,19.333263
23984,19.333263
23985,20.880981
23986,22.35595
23987,23.788534
23988,25.319391
23989,17.596174
23990,20.5755
23991,20.5755
23992,21.873802
23993,23.574694
23994,25.182062
23995,26.421694
23996,18.398273
23997,21.489336
23998,21.976156
23999,23.543688
24000,24.448248
24001,26.352562
24002,27.853773
24003,19.410103
24004,22.677301
24005,22.808826
24006,24.785294
24007,25.754297
24008,27.753147
24009,29.48282
24010,20.219881
24011,23.544413
24012,23.663078
24013,25.456724
24014,26.781384
24015,28.715103
24016,30.023983
24017,21.181131
24018,24.383629
24019,24.751945
24020,26.33977
24021,27.714947
24022,30.044912
24023,31.353792
24024,21.897123
24025,25.432257
24026,25.432257
24027,27.136797
24028,29.019722
24029,30.83118
24030,18.085604
24031,21.356678
24032,20.110336
24033,21.914402
24034,23.739048
24035,26.01982
24036,26.559544
24037,18.527689
24038,21.798025
24039,21.717894
24040,23.246778
24041,24.34307
24042,26.549759
24043,27.54559
24044,18.888407
24045,22.380392
24046,22.380392
24047,24.35686
24048,25.423203
24049,27.063957
24050,28.164322
24051,19.355988
24052,22.871258
24053,22.871258
24054,24.738998
24055,25.768314
24056,27.587587
24057,29.174637
24058,20.021564
24059,23.247503
24060,23.247503
24061,25.299412
24062,26.769552
24063,28.541239
24064,29.97328
24065,20.88429
24066,24.086784
24067,24.344982
24068,25.932806
24069,27.703115
24070,29.474804
24071,30.744812
24072,21.62441
24073,25.009834
24074,25.009834
24075,26.651167
24076,28.904535
24077,30.637598
24078,32.09255
24079,22.276371
24080,25.848179
24081,26.114853
24082,27.530788
24083,30.087418
24084,31.77416
24085,33.125736
24086,23.187693
24087,26.474873
24088,26.728558
24089,28.564285
24090,30.602198
24091,32.302555
24092,33.630814
24093,23.80347
24094,27.050295
24095,27.050295
24096,29.281397
24097,31.319315
24098,33.226795
24099,34.858315
24100,24.046204
24101,27.936033
24102,27.936033
24103,30.206892
24104,32.032368
24105,34.300564
24106,35.859512
24107,24.668839
24108,28.446487
24109,28.628418
24110,30.614199
24111,32.561623
24112,35.143665
24113,36.77242
24114,25.097466
24115,29.176899
24116,29.176899
24117,31.209044
24118,33.72068
24119,35.693848
24120,18.862944
24121,19.704033
24122,20.110336
24123,22.484842
24124,23.11266
24125,24.749762
24126,24.600618
24127,18.121012
24128,20.78624
24129,21.055729
24130,22.473356
24131,23.599943
24132,25.31913
24133,26.35083
24134,18.527689
24135,21.717894
24136,21.798025
24137,23.355505
24138,24.178154
24139,26.082468
24140,27.54559
24141,18.888407
24142,22.158743
24143,22.380392
24144,24.35686
24145,25.291677
24146,27.063957
24147,28.164322
24148,19.355988
24149,22.681644
24150,22.871258
24151,24.997261
24152,26.026577
24153,28.437069
24154,29.432117
24155,20.288418
24156,23.624432
24157,23.624432
24158,25.58011
24159,26.931585
24160,28.703272
24161,30.547058
24162,21.142485
24163,24.713299
24164,24.713299
24165,26.301123
24166,28.261393
24167,30.033081
24168,31.504076
24169,22.088324
24170,25.39361
24171,25.670979
24172,27.09815
24173,29.086287
24174,30.81935
24175,32.672462
24176,22.827673
24177,26.291515
24178,26.291515
24179,28.127243
24180,30.34851
24181,31.98668
24182,33.630814
24183,23.265602
24184,26.767204
24185,26.82939
24186,28.62647
24187,30.885294
24188,32.792778
24189,34.121037
24190,23.973137
24191,27.219965
24192,27.219965
24193,29.281397
24194,31.622574
24195,33.6918
24196,35.250748
24197,24.443981
24198,28.184088
24199,28.184088
24200,30.44563
24201,32.35087
24202,34.338108
24203,36.21027
24204,24.8507
24205,28.628418
24206,28.998955
24207,31.031105
24208,32.978523
24209,35.205235
24210,17.170895
24211,20.110336
24212,21.231073
24213,23.215218
24214,22.686588
24215,26.01982
24216,27.05152
24217,18.527689
24218,21.717894
24219,21.798025
24220,23.66792
24221,24.195568
24222,26.549759
24223,27.650124
24224,19.211786
24225,22.380392
24226,22.380392
24227,24.488384
24228,25.423203
24229,27.063957
24230,28.164322
24231,19.752502
24232,22.871258
24233,22.871258
24234,24.738998
24235,25.768314
24236,28.178806
24237,29.174637
24238,20.128748
24239,23.247503
24240,23.366169
24241,25.418077
24242,26.769552
24243,28.703272
24244,29.97328
24245,20.88429
24246,24.344982
24247,24.344982
24248,26.301123
24249,27.703115
24250,29.474804
24251,31.30309
24252,21.62441
24253,25.163763
24254,25.163763
24255,26.881014
24256,28.904535
24257,30.740953
24258,32.09255
24259,22.452272
24260,26.114853
24261,26.114853
24262,27.984062
24263,30.087418
24264,31.77416
24265,33.326427
24266,23.187693
24267,26.728558
24268,26.728558
24269,28.564285
24270,30.664383
24271,32.302555
24272,34.121037
24273,23.80347
24274,27.050295
24275,27.219965
24276,29.281397
24277,31.319315
24278,33.530056
24279,35.250748
24280,24.046204
24281,27.936033
24282,28.184088
24283,30.206892
24284,32.35087
24285,34.300564
24286,35.897057
24287,24.668839
24288,28.628418
24289,28.628418
24290,30.614199
24291,32.978523
24292,35.143665
24293,36.77242
24294,25.136936
24295,29.176899
24296,29.176899
24297,31.209044
24298,33.72068
24299,35.693848
24300,53.018723
24301,65.844315
24302,60.942997
24303,65.363174
24304,70.670166
24305,79.1611
24306,83.49044
24307,54.289406
24308,63.726665
24309,62.569714
24310,67.58638
24311,71.614716
24312,76.84359
24313,80.51897
24314,53.844868
24315,62.664593
24316,62.664593
24317,66.76828
24318,71.16391
24319,75.73876
24320,79.73528
24321,53.844868
24322,62.664593
24323,62.664593
24324,66.524315
24325,71.16391
24326,75.73876
24327,79.73528
24328,53.844868
24329,62.664593
24330,62.664593
24331,66.86077
24332,71.50037
24333,76.07522
24334,80.07095
24335,54.073704
24336,63.00107
24337,63.00107
24338,66.86077
24339,71.50037
24340,76.07522
24341,80.07095
24342,54.073704
24343,63.00107
24344,63.00107
24345,66.86077
24346,71.50037
24347,76.07522
24348,80.07095
24349,54.073704
24350,63.00107
24351,63.00107
24352,66.86077
24353,71.50037
24354,76.07522
24355,80.07095
24356,54.073704
24357,63.00107
24358,63.00107
24359,66.9545
24360,71.5122
24361,76.08705
24362,80.12166
24363,54.11235
24364,63.094788
24365,63.094788
24366,66.9545
24367,71.5122
24368,76.08705
24369,80.12166
24370,54.11235
24371,63.094788
24372,63.094788
24373,66.9545
24374,71.5122
24375,76.08705
24376,80.12166
24377,54.11235
24378,63.094788
24379,63.094788
24380,66.9545
24381,71.5122
24382,76.08705
24383,80.12166
24384,54.11235
24385,63.094788
24386,63.094788
24387,66.9545
24388,71.5122
24389,76.08705
24390,78.37099
24391,90.46883
24392,88.36546
24393,102.72412
24394,103.01155
24395,112.01908
24396,112.22076
24397,78.86913
24398,90.46883
24399,89.837036
24400,98.69862
24401,103.366905
24402,109.813835
24403,113.884315
24404,78.338486
24405,89.95506
24406,88.944374
24407,98.20054
24408,103.01155
24409,108.44756
24410,113.701485
24411,78.338486
24412,88.944374
24413,89.17806
24414,98.20054
24415,103.01155
24416,108.034584
24417,113.701485
24418,78.338486
24419,89.17806
24420,88.944374
24421,98.3042
24422,103.11521
24423,108.138245
24424,113.805145
24425,78.44215
24426,89.048035
24427,89.28172
24428,98.3042
24429,103.11521
24430,108.138245
24431,113.805145
24432,78.44215
24433,89.048035
24434,89.048035
24435,98.3042
24436,103.11521
24437,108.138245
24438,113.805145
24439,78.44215
24440,89.048035
24441,89.048035
24442,98.3042
24443,103.11521
24444,108.138245
24445,113.805145
24446,78.44215
24447,89.048035
24448,89.048035
24449,98.44528
24450,103.1744
24451,108.19743
24452,113.864334
24453,78.58323
24454,89.18912
24455,89.18912
24456,98.44528
24457,103.1744
24458,108.19743
24459,113.864334
24460,78.58323
24461,89.18912
24462,89.18912
24463,98.44528
24464,103.1744
24465,108.19743
24466,113.864334
24467,78.58323
24468,89.18912
24469,89.18912
24470,98.44528
24471,103.1744
24472,108.19743
24473,113.864334
24474,78.58323
24475,89.18912
24476,89.18912
24477,98.44528
24478,103.1744
24479,108.19743
24480,66.57021
24481,74.4392
24482,71.660736
24483,79.4749
24484,85.077255
24485,91.597115
24486,94.10053
24487,64.289635
24488,74.612465
24489,74.25491
24490,79.4749
24491,85.077255
24492,90.10385
24493,93.86402
24494,64.289635
24495,74.612465
24496,74.612465
24497,79.4749
24498,85.077255
24499,90.10385
24500,93.67471
24501,64.289635
24502,74.612465
24503,74.612465
24504,79.4749
24505,85.077255
24506,90.10385
24507,93.67471
24508,64.289635
24509,74.612465
24510,74.612465
24511,79.77443
24512,85.376785
24513,90.40338
24514,93.95821
24515,64.534386
24516,74.911995
24517,74.911995
24518,79.77443
24519,85.376785
24520,90.40338
24521,93.95821
24522,64.534386
24523,74.911995
24524,74.911995
24525,79.77443
24526,85.376785
24527,90.40338
24528,93.95821
24529,64.534386
24530,74.911995
24531,74.911995
24532,79.77443
24533,85.376785
24534,90.40338
24535,93.95821
24536,64.534386
24537,74.911995
24538,74.911995
24539,79.86816
24540,85.38862
24541,90.415215
24542,94.00892
24543,65.13221
24544,75.35548
24545,75.35548
24546,80.654015
24547,85.837906
24548,90.73851
24549,94.52152
24550,65.13221
24551,75.46876
24552,75.46876
24553,81.172585
24554,86.218735
24555,90.997925
24556,94.747086
24557,65.27204
24558,75.81742
24559,75.81742
24560,81.55341
24561,86.24759
24562,90.997925
24563,94.747086
24564,65.27204
24565,75.81742
24566,75.81742
24567,81.55341
24568,86.24759
24569,90.997925
24570,60.206295
24571,76.12517
24572,75.83862
24573,78.04339
24574,80.11081
24575,89.73706
24576,96.665924
24577,62.569553
24578,74.4392
24579,74.4392
24580,78.8313
24581,84.41282
24582,89.73706
24583,94.67564
24584,63.608673
24585,74.612465
24586,74.612465
24587,79.11784
24588,85.077255
24589,89.73706
24590,93.86402
24591,64.289635
24592,74.612465
24593,74.612465
24594,79.4749
24595,85.077255
24596,89.73706
24597,93.67471
24598,64.289635
24599,74.612465
24600,74.612465
24601,79.77443
24602,85.376785
24603,90.03659
24604,93.95821
24605,64.534386
24606,74.911995
24607,74.911995
24608,79.77443
24609,85.376785
24610,90.40338
24611,93.95821
24612,64.534386
24613,74.911995
24614,74.911995
24615,79.77443
24616,85.376785
24617,90.40338
24618,93.95821
24619,64.534386
24620,74.911995
24621,74.911995
24622,79.77443
24623,85.376785
24624,90.40338
24625,93.95821
24626,64.534386
24627,74.911995
24628,74.911995
24629,79.86816
24630,85.38862
24631,90.415215
24632,94.00892
24633,65.13221
24634,75.35548
24635,75.35548
24636,80.654015
24637,85.837906
24638,90.73851
24639,94.52152
24640,65.13221
24641,75.46876
24642,75.46876
24643,81.172585
24644,86.218735
24645,90.997925
24646,94.747086
24647,65.27204
24648,75.81742
24649,75.81742
24650,81.55341
24651,86.24759
24652,90.997925
24653,94.747086
24654,65.27204
24655,75.81742
24656,75.81742
24657,81.55341
24658,86.24759
24659,90.997925
24660,49.858418
24661,58.50887
24662,58.62251
24663,63.920097
24664,69.085915
24665,73.79087
24666,75.7983
24667,51.34943
24668,59.02702
24669,59.02702
24670,64.01903
24671,68.560425
24672,72.03793
24673,75.314545
24674,51.34943
24675,59.307533
24676,59.307533
24677,63.564175
24678,67.70512
24679,71.81055
24680,75.314545
24681,51.34943
24682,59.307533
24683,59.307533
24684,63.564175
24685,67.70512
24686,71.81055
24687,75.314545
24688,51.34943
24689,59.307533
24690,59.307533
24691,63.95212
24692,68.09305
24693,72.19848
24694,75.70169
24695,51.585938
24696,60.09746
24697,60.09746
24698,64.40696
24699,68.73287
24700,72.425865
24701,76.340416
24702,52.513363
24703,60.984917
24704,60.984917
24705,64.821045
24706,69.146965
24707,73.139595
24708,76.64281
24709,52.900024
24710,61.605537
24711,61.605537
24712,65.02355
24713,69.42237
24714,73.39666
24715,76.89987
24716,52.900024
24717,61.605537
24718,61.605537
24719,65.11728
24720,69.434204
24721,73.40849
24722,76.95058
24723,53.286205
24724,62.10275
24725,62.10275
24726,65.4361
24727,69.9701
24728,74.295555
24729,78.034836
24730,53.286205
24731,62.197628
24732,62.197628
24733,65.4361
24734,69.9701
24735,74.51862
24736,78.29121
24737,53.286205
24738,62.197628
24739,62.197628
24740,65.4361
24741,69.9701
24742,74.51862
24743,78.29121
24744,53.286205
24745,62.197628
24746,62.197628
24747,65.4361
24748,69.9701
24749,74.51862
24750,44.186863
24751,52.977844
24752,53.88155
24753,55.425205
24754,57.5891
24755,64.46906
24756,66.538475
24757,44.25752
24758,52.570976
24759,52.471893
24760,55.634277
24761,58.95999
24762,63.8276
24763,67.03372
24764,44.186863
24765,52.471893
24766,52.471893
24767,55.634277
24768,59.636208
24769,63.991203
24770,67.19731
24771,44.25752
24772,52.570976
24773,52.570976
24774,55.673737
24775,60.04415
24776,63.991203
24777,67.19731
24778,44.25752
24779,52.570976
24780,52.570976
24781,56.00884
24782,60.31328
24783,64.37914
24784,68.06232
24785,44.744244
24786,53.504536
24787,53.504536
24788,56.638485
24789,60.54718
24790,64.61304
24791,68.06232
24792,44.744244
24793,53.504536
24794,53.504536
24795,56.638485
24796,60.54718
24797,64.61304
24798,68.06232
24799,44.744244
24800,53.504536
24801,53.504536
24802,56.638485
24803,60.54718
24804,64.61304
24805,68.06232
24806,44.744244
24807,53.504536
24808,53.504536
24809,56.67713
24810,60.55901
24811,64.62487
24812,68.11302
24813,44.78289
24814,53.543182
24815,53.543182
24816,56.67713
24817,60.55901
24818,64.62487
24819,68.11302
24820,44.78289
24821,53.543182
24822,53.543182
24823,56.67713
24824,60.55901
24825,64.62487
24826,68.11302
24827,44.78289
24828,53.543182
24829,53.543182
24830,56.67713
24831,60.55901
24832,64.62487
24833,68.11302
24834,44.78289
24835,53.543182
24836,53.543182
24837,56.67713
24838,60.55901
24839,64.62487
24840,40.019554
24841,48.645794
24842,47.650486
24843,52.524662
24844,57.32477
24845,58.494133
24846,61.46775
24847,41.7228
24848,48.67641
24849,48.12253
24850,52.71625
24851,55.71962
24852,58.89892
24853,61.860184
24854,41.7228
24855,48.67641
24856,48.67641
24857,52.71625
24858,55.71962
24859,59.36475
24860,62.366165
24861,41.83481
24862,48.79151
24863,48.79151
24864,52.71625
24865,55.71962
24866,59.609104
24867,63.3883
24868,42.21676
24869,49.53943
24870,49.53943
24871,53.417015
24872,56.809807
24873,60.93126
24874,64.45522
24875,42.591183
24876,50.144047
24877,50.144047
24878,54.03248
24879,57.332687
24880,61.66743
24881,65.378685
24882,43.505
24883,51.15067
24884,51.15067
24885,55.06415
24886,58.24781
24887,62.96354
24888,66.82535
24889,44.225178
24890,52.27569
24891,52.341763
24892,55.41003
24893,59.41196
24894,64.215546
24895,67.42087
24896,44.494026
24897,52.90608
24898,52.90608
24899,56.047485
24900,60.624985
24901,64.62487
24902,68.11302
24903,44.78289
24904,53.543182
24905,53.543182
24906,56.67713
24907,60.55901
24908,64.62487
24909,68.11302
24910,44.78289
24911,53.543182
24912,53.543182
24913,56.67713
24914,60.55901
24915,64.62487
24916,68.11302
24917,44.78289
24918,53.543182
24919,53.543182
24920,56.67713
24921,60.55901
24922,64.62487
24923,68.11302
24924,44.78289
24925,53.543182
24926,53.543182
24927,56.67713
24928,60.55901
24929,64.62487
24930,74.12114
24931,78.72459
24932,83.90254
24933,87.511375
24934,92.29457
24935,102.62244
24936,98.64436
24937,71.3986
24938,81.0086
24939,82.20515
24940,87.511375
24941,93.25588
24942,98.70841
24943,101.40217
24944,70.858665
24945,82.20515
24946,82.20515
24947,87.511375
24948,93.25588
24949,97.99583
24950,102.553535
24951,70.643936
24952,82.20515
24953,82.20515
24954,87.511375
24955,93.25588
24956,97.99583
24957,102.553535
24958,70.643936
24959,82.20515
24960,82.20515
24961,87.669815
24962,93.41432
24963,98.15427
24964,102.711975
24965,70.7476
24966,82.36359
24967,82.36359
24968,87.669815
24969,93.41432
24970,98.15427
24971,102.711975
24972,70.7476
24973,82.36359
24974,82.36359
24975,87.669815
24976,93.41432
24977,98.15427
24978,102.711975
24979,70.7476
24980,82.36359
24981,82.36359
24982,87.669815
24983,93.41432
24984,98.15427
24985,102.711975
24986,70.7476
24987,82.36359
24988,82.36359
24989,87.76354
24990,93.426155
24991,98.1661
24992,102.76268
24993,70.841324
24994,82.45731
24995,82.45731
24996,87.76354
24997,93.426155
24998,98.1661
24999,102.76268
25000,70.841324
25001,82.45731
25002,82.45731
25003,87.76354
25004,93.426155
25005,98.1661
25006,102.76268
25007,70.841324
25008,82.45731
25009,82.45731
25010,87.76354
25011,93.426155
25012,98.1661
25013,102.76268
25014,70.841324
25015,82.45731
25016,82.45731
25017,87.76354
25018,93.426155
25019,98.1661
25020,61.036182
25021,75.6066
25022,71.660736
25023,79.9037
25024,87.3317
25025,90.10385
25026,92.662384
25027,62.569553
25028,74.4392
25029,73.96837
25030,79.4749
25031,85.10611
25032,88.85833
25033,92.898895
25034,63.608673
25035,74.32592
25036,73.96837
25037,79.188354
25038,84.41282
25039,88.49154
25040,92.898895
25041,63.608673
25042,74.32592
25043,73.96837
25044,79.188354
25045,84.41282
25046,88.49154
25047,92.898895
25048,63.608673
25049,74.32592
25050,73.96837
25051,79.487885
25052,84.71235
25053,88.79107
25054,93.182396
25055,63.85344
25056,74.62545
25057,74.2679
25058,79.487885
25059,84.71235
25060,88.79107
25061,92.75658
25062,63.85344
25063,74.62545
25064,74.62545
25065,79.487885
25066,84.71235
25067,88.79107
25068,93.182396
25069,63.85344
25070,74.62545
25071,74.62545
25072,79.487885
25073,84.71235
25074,88.79107
25075,92.75658
25076,63.85344
25077,74.62545
25078,74.62545
25079,79.58161
25080,84.72418
25081,88.8029
25082,93.2331
25083,63.947163
25084,74.71918
25085,74.71918
25086,79.58161
25087,84.72418
25088,88.8029
25089,92.80728
25090,63.947163
25091,74.71918
25092,74.71918
25093,79.58161
25094,84.72418
25095,88.8029
25096,93.2331
25097,63.947163
25098,74.71918
25099,74.71918
25100,79.58161
25101,84.72418
25102,88.8029
25103,92.80728
25104,63.947163
25105,74.71918
25106,74.71918
25107,79.58161
25108,84.72418
25109,88.8029
25110,69.783005
25111,78.4981
25112,81.194405
25113,85.40109
25114,93.181435
25115,97.60252
25116,99.82313
25117,69.56827
25118,79.997856
25119,81.194405
25120,85.40109
25121,92.41045
25122,97.07817
25123,101.18711
25124,69.56827
25125,80.675835
25126,81.194405
25127,85.40109
25128,92.41045
25129,97.07817
25130,101.37534
25131,69.56827
25132,81.194405
25133,81.76981
25134,86.45981
25135,92.81715
25136,97.564156
25137,102.11475
25138,70.014755
25139,81.76981
25140,81.76981
25141,87.13669
25142,93.41432
25143,98.15427
25144,102.711975
25145,70.7476
25146,82.36359
25147,82.36359
25148,87.669815
25149,93.41432
25150,98.15427
25151,102.711975
25152,70.7476
25153,82.36359
25154,82.36359
25155,87.669815
25156,93.41432
25157,98.15427
25158,102.711975
25159,70.7476
25160,82.36359
25161,82.36359
25162,87.669815
25163,93.41432
25164,98.15427
25165,102.711975
25166,70.7476
25167,82.36359
25168,82.36359
25169,87.76354
25170,93.426155
25171,98.1661
25172,102.76268
25173,70.841324
25174,82.45731
25175,82.45731
25176,87.76354
25177,93.426155
25178,98.1661
25179,102.76268
25180,70.841324
25181,82.45731
25182,82.45731
25183,87.76354
25184,93.426155
25185,98.1661
25186,102.76268
25187,70.841324
25188,82.45731
25189,82.45731
25190,87.76354
25191,93.426155
25192,98.1661
25193,102.76268
25194,70.841324
25195,82.45731
25196,82.45731
25197,87.76354
25198,93.426155
25199,98.1661
25200,42.354675
25201,49.53943
25202,49.865482
25203,53.432186
25204,55.74109
25205,58.14802
25206,60.05735
25207,41.83481
25208,48.79151
25209,48.67641
25210,52.534298
25211,55.248875
25212,58.894
25213,61.860184
25214,41.7228
25215,48.67641
25216,48.67641
25217,52.534298
25218,55.25379
25219,58.89892
25220,61.860184
25221,41.7228
25222,48.67641
25223,48.67641
25224,52.534298
25225,55.25379
25226,58.89892
25227,61.860184
25228,41.7228
25229,48.67641
25230,48.67641
25231,52.8694
25232,55.588894
25233,59.699852
25234,62.753338
25235,42.071316
25236,49.87453
25237,49.87453
25238,53.417015
25239,56.809807
25240,60.93126
25241,64.45522
25242,42.740685
25243,50.144047
25244,50.144047
25245,54.03248
25246,57.332687
25247,61.66743
25248,65.378685
25249,43.505
25250,51.15067
25251,51.15067
25252,55.06415
25253,58.24781
25254,62.96354
25255,66.82535
25256,44.225178
25257,52.27569
25258,52.341763
25259,55.448677
25260,59.42379
25261,64.22738
25262,67.47157
25263,44.532673
25264,52.944725
25265,52.944725
25266,56.047485
25267,60.624985
25268,64.62487
25269,68.11302
25270,44.78289
25271,53.543182
25272,53.543182
25273,56.67713
25274,60.55901
25275,64.62487
25276,68.11302
25277,44.78289
25278,53.543182
25279,53.543182
25280,56.67713
25281,60.55901
25282,64.62487
25283,68.11302
25284,44.78289
25285,53.543182
25286,53.543182
25287,56.67713
25288,60.55901
25289,64.62487
25290,61.19399
25291,68.516815
25292,64.748985
25293,75.142944
25294,83.04252
25295,85.74502
25296,90.74812
25297,60.47685
25298,69.40984
25299,69.16588
25300,74.53003
25301,80.5251
25302,84.296974
25303,89.60348
25304,60.47685
25305,70.01779
25306,70.01779
25307,74.34358
25308,80.5251
25309,84.296974
25310,88.33422
25311,60.47685
25312,70.01779
25313,70.01779
25314,74.34358
25315,80.5251
25316,84.296974
25317,88.33422
25318,60.47685
25319,70.01779
25320,70.01779
25321,74.68004
25322,80.86156
25323,84.63343
25324,88.66989
25325,60.758537
25326,70.35425
25327,70.35425
25328,74.68004
25329,80.86156
25330,84.63343
25331,88.66989
25332,60.758537
25333,70.35425
25334,70.35425
25335,74.68004
25336,80.86156
25337,84.63343
25338,88.66989
25339,60.758537
25340,70.35425
25341,70.35425
25342,74.68004
25343,80.86156
25344,84.63343
25345,88.66989
25346,60.758537
25347,70.35425
25348,70.35425
25349,74.773766
25350,80.87339
25351,84.64526
25352,88.7206
25353,60.852257
25354,70.447975
25355,70.447975
25356,74.773766
25357,80.87339
25358,84.64526
25359,88.7206
25360,60.852257
25361,70.447975
25362,70.447975
25363,74.773766
25364,80.87339
25365,84.64526
25366,88.7206
25367,60.852257
25368,70.447975
25369,70.447975
25370,74.773766
25371,80.87339
25372,84.64526
25373,88.7206
25374,60.852257
25375,70.447975
25376,70.447975
25377,74.773766
25378,80.87339
25379,84.64526
25380,57.99443
25381,65.43952
25382,63.89834
25383,68.78387
25384,73.860634
25385,79.09632
25386,83.674545
25387,55.37241
25388,64.87766
25389,64.87766
25390,69.31787
25391,73.860634
25392,79.1611
25393,82.563286
25394,55.37241
25395,64.87766
25396,64.87766
25397,69.533356
25398,73.860634
25399,79.1611
25400,82.563286
25401,55.37241
25402,64.87766
25403,64.87766
25404,69.533356
25405,73.860634
25406,79.1611
25407,82.563286
25408,55.37241
25409,64.87766
25410,64.87766
25411,69.86981
25412,74.19709
25413,79.49756
25414,82.89896
25415,55.601246
25416,65.21412
25417,65.21412
25418,69.86981
25419,74.42016
25420,79.49756
25421,82.89896
25422,55.601246
25423,65.21412
25424,65.21412
25425,69.86981
25426,74.42016
25427,79.49756
25428,82.89896
25429,55.601246
25430,65.21412
25431,65.21412
25432,69.86981
25433,74.42016
25434,79.49756
25435,82.89896
25436,55.601246
25437,65.21412
25438,65.21412
25439,69.96354
25440,74.43199
25441,79.50939
25442,82.94966
25443,55.639893
25444,65.307846
25445,65.307846
25446,69.96354
25447,74.43199
25448,79.50939
25449,82.94966
25450,55.639893
25451,65.307846
25452,65.307846
25453,69.96354
25454,74.43199
25455,79.50939
25456,82.94966
25457,55.639893
25458,65.307846
25459,65.307846
25460,69.96354
25461,74.43199
25462,79.50939
25463,82.94966
25464,55.639893
25465,65.307846
25466,65.307846
25467,69.96354
25468,74.43199
25469,79.50939
25470,49.447617
25471,56.724792
25472,54.92858
25473,61.15919
25474,65.47601
25475,67.34101
25476,73.38618
25477,49.367077
25478,55.98722
25479,55.907795
25480,61.064312
25481,65.06438
25482,69.1134
25483,72.56731
25484,49.367077
25485,55.98722
25486,55.98722
25487,61.064312
25488,65.06438
25489,69.328896
25490,72.56731
25491,49.367077
25492,55.98722
25493,55.98722
25494,61.064312
25495,65.06438
25496,69.328896
25497,72.56731
25498,49.367077
25499,55.98722
25500,55.98722
25501,61.452267
25502,65.45231
25503,69.87018
25504,73.3638
25505,49.684124
25506,56.430813
25507,56.430813
25508,61.560757
25509,65.788994
25510,70.211426
25511,73.705055
25512,49.74871
25513,56.752354
25514,56.752354
25515,62.02067
25516,66.045006
25517,70.42607
25518,73.91969
25519,50.04044
25520,57.44357
25521,57.44357
25522,62.806767
25523,66.72087
25524,70.78521
25525,74.27883
25526,50.094925
25527,57.90479
25528,57.90479
25529,63.361706
25530,66.732704
25531,70.79704
25532,74.552605
25533,50.13357
25534,57.943436
25535,57.943436
25536,63.361706
25537,66.732704
25538,70.79704
25539,74.552605
25540,50.13357
25541,57.943436
25542,57.943436
25543,63.361706
25544,66.732704
25545,70.79704
25546,74.552605
25547,50.13357
25548,57.943436
25549,57.943436
25550,63.361706
25551,66.732704
25552,70.79704
25553,74.552605
25554,50.13357
25555,57.943436
25556,57.943436
25557,63.361706
25558,66.732704
25559,70.79704
25560,35.48637
25561,42.220497
25562,40.752598
25563,42.787907
25564,46.115036
25565,49.637417
25566,52.922997
25567,35.339825
25568,41.02297
25569,41.02297
25570,43.835438
25571,46.80201
25572,49.886276
25573,52.633736
25574,35.70425
25575,41.38739
25576,41.38739
25577,44.170063
25578,47.241768
25579,49.943356
25580,52.922997
25581,35.809296
25582,41.492435
25583,41.492435
25584,44.227142
25585,47.38451
25586,49.943356
25587,52.922997
25588,35.809296
25589,41.492435
25590,41.492435
25591,44.48541
25592,47.642776
25593,50.201622
25594,53.551315
25595,35.982826
25596,41.8643
25597,41.8643
25598,44.837044
25599,47.99441
25600,51.21995
25601,54.038708
25602,36.37017
25603,42.388084
25604,42.388084
25605,45.4064
25606,48.563766
25607,51.833088
25608,54.2576
25609,36.80788
25610,42.552334
25611,42.552334
25612,45.74466
25613,49.282413
25614,52.421814
25615,54.857876
25616,37.416344
25617,43.30104
25618,43.30104
25619,46.692516
25620,49.97669
25621,52.974728
25622,55.798473
25623,38.078106
25624,43.73587
25625,43.73587
25626,46.781467
25627,50.496407
25628,53.43963
25629,56.237537
25630,38.84782
25631,44.719933
25632,44.719933
25633,47.4763
25634,51.31713
25635,54.260353
25636,56.72833
25637,39.094547
25638,44.96666
25639,44.96666
25640,48.164455
25641,51.755447
25642,54.68045
25643,57.436554
25644,39.226913
25645,45.035645
25646,45.035645
25647,48.535057
25648,51.96285
25649,54.88785
25650,33.1661
25651,36.144817
25652,35.364918
25653,39.498646
25654,41.646397
25655,43.884865
25656,45.337986
25657,31.863451
25658,36.41731
25659,36.347355
25660,38.82948
25661,41.030674
25662,43.459625
25663,45.763226
25664,31.803854
25665,36.41731
25666,36.41731
25667,38.82948
25668,41.030674
25669,43.459625
25670,45.763226
25671,31.803854
25672,36.41731
25673,36.41731
25674,38.82948
25675,41.030674
25676,43.459625
25677,45.763226
25678,31.803854
25679,36.41731
25680,36.41731
25681,39.087746
25682,41.28894
25683,43.71789
25684,46.02071
25685,31.963531
25686,36.675575
25687,36.91267
25688,39.32484
25689,41.57207
25690,43.886806
25691,46.189625
25692,32.02312
25693,36.91267
25694,36.91267
25695,39.32484
25696,41.57207
25697,43.886806
25698,46.189625
25699,32.02312
25700,36.91267
25701,36.91267
25702,39.32484
25703,41.57207
25704,43.886806
25705,46.189625
25706,32.02312
25707,36.91267
25708,36.91267
25709,39.363487
25710,41.5839
25711,43.898636
25712,46.240326
25713,32.061768
25714,36.951317
25715,37.15932
25716,39.69608
25717,41.916492
25718,44.231228
25719,46.572918
25720,32.100887
25721,37.15932
25722,37.27637
25723,39.69608
25724,41.916492
25725,44.231228
25726,46.572918
25727,32.100887
25728,37.27637
25729,37.6402
25730,39.79556
25731,42.374203
25732,44.688942
25733,47.030632
25734,32.464714
25735,38.09087
25736,38.09087
25737,40.361485
25738,43.026993
25739,45.07242
25740,37.55665
25741,42.129818
25742,42.294067
25743,45.148132
25744,50.253956
25745,55.286064
25746,52.599186
25747,37.55665
25748,43.042774
25749,43.350006
25750,46.395603
25751,50.062366
25752,53.060402
25753,55.134518
25754,37.879787
25755,43.350006
25756,43.350006
25757,46.395603
25758,50.062366
25759,53.060402
25760,55.490288
25761,37.879787
25762,43.350006
25763,43.350006
25764,46.395603
25765,50.062366
25766,53.060402
25767,55.490288
25768,37.879787
25769,43.350006
25770,43.350006
25771,46.65387
25772,50.320633
25773,53.4278
25774,55.856903
25775,38.12841
25776,43.697224
25777,43.697224
25778,46.74282
25779,50.484577
25780,53.757732
25781,56.186836
25782,38.809174
25783,44.681286
25784,44.681286
25785,47.437653
25786,51.3053
25787,54.248524
25788,56.677628
25789,38.809174
25790,44.681286
25791,44.681286
25792,47.87908
25793,51.743618
25794,54.66862
25795,57.097725
25796,39.0559
25797,44.928013
25798,44.996998
25799,48.371857
25800,51.96285
25801,54.88785
25802,57.436554
25803,39.226913
25804,45.035645
25805,45.035645
25806,48.535057
25807,52.226772
25808,55.151775
25809,57.71011
25810,39.974834
25811,45.904015
25812,45.904015
25813,49.676052
25814,52.673416
25815,55.31017
25816,58.44921
25817,40.414238
25818,46.397617
25819,46.397617
25820,50.103302
25821,53.23368
25822,56.117683
25823,59.867294
25824,41.064457
25825,47.11078
25826,47.11078
25827,51.099266
25828,54.105145
25829,56.98915
25830,54.59587
25831,63.89834
25832,65.72957
25833,66.449104
25834,77.55619
25835,81.020836
25836,82.563286
25837,55.37241
25838,64.87766
25839,64.87766
25840,69.073906
25841,75.78558
25842,79.1611
25843,82.563286
25844,55.37241
25845,64.87766
25846,64.87766
25847,69.533356
25848,74.27016
25849,79.1611
25850,82.563286
25851,55.37241
25852,64.87766
25853,64.87766
25854,69.533356
25855,74.0837
25856,79.1611
25857,82.563286
25858,55.37241
25859,64.87766
25860,64.87766
25861,69.86981
25862,74.42016
25863,79.49756
25864,82.89896
25865,55.601246
25866,65.21412
25867,65.21412
25868,69.86981
25869,74.42016
25870,79.49756
25871,82.89896
25872,55.601246
25873,65.21412
25874,65.21412
25875,69.86981
25876,74.42016
25877,79.49756
25878,82.89896
25879,55.601246
25880,65.21412
25881,65.21412
25882,69.86981
25883,74.42016
25884,79.49756
25885,82.89896
25886,55.601246
25887,65.21412
25888,65.21412
25889,69.96354
25890,74.43199
25891,79.50939
25892,82.94966
25893,55.639893
25894,65.307846
25895,65.307846
25896,69.96354
25897,74.43199
25898,79.50939
25899,82.94966
25900,55.639893
25901,65.307846
25902,65.307846
25903,69.96354
25904,74.43199
25905,79.50939
25906,82.94966
25907,55.639893
25908,65.307846
25909,65.307846
25910,69.96354
25911,74.43199
25912,79.50939
25913,82.94966
25914,55.639893
25915,65.307846
25916,65.307846
25917,69.96354
25918,74.43199
25919,79.50939
25920,53.018723
25921,61.767433
25922,62.01139
25923,63.45128
25924,70.55759
25925,75.937164
25926,79.58796
25927,53.48783
25928,62.19867
25929,62.29355
25930,65.750984
25931,70.77307
25932,75.68079
25933,79.58796
25934,53.78315
25935,62.53673
25936,62.53673
25937,66.396454
25938,70.77307
25939,75.68079
25940,79.58796
25941,53.78315
25942,62.53673
25943,62.53673
25944,66.396454
25945,70.77307
25946,75.68079
25947,79.58796
25948,53.78315
25949,62.53673
25950,62.53673
25951,66.73291
25952,71.10953
25953,76.01725
25954,80.07095
25955,54.073704
25956,63.00107
25957,63.00107
25958,66.86077
25959,71.50037
25960,76.07522
25961,80.07095
25962,54.073704
25963,63.00107
25964,63.00107
25965,66.86077
25966,71.50037
25967,76.07522
25968,80.07095
25969,54.073704
25970,63.00107
25971,63.00107
25972,66.86077
25973,71.50037
25974,76.07522
25975,80.07095
25976,54.073704
25977,63.00107
25978,63.00107
25979,66.9545
25980,71.5122
25981,76.08705
25982,80.12166
25983,54.11235
25984,63.094788
25985,63.094788
25986,66.9545
25987,71.5122
25988,76.08705
25989,80.12166
25990,54.11235
25991,63.094788
25992,63.094788
25993,66.9545
25994,71.5122
25995,76.08705
25996,80.12166
25997,54.11235
25998,63.094788
25999,63.094788
26000,66.9545
26001,71.5122
26002,76.08705
26003,80.12166
26004,54.11235
26005,63.094788
26006,63.094788
26007,66.9545
26008,71.5122
26009,76.08705
26010,53.844868
26011,62.569714
26012,62.664593
26013,65.44073
26014,73.388306
26015,76.84359
26016,79.73528
26017,53.844868
26018,62.664593
26019,62.664593
26020,66.524315
26021,71.16391
26022,75.73876
26023,79.73528
26024,53.844868
26025,62.664593
26026,62.664593
26027,66.524315
26028,71.16391
26029,75.73876
26030,79.73528
26031,53.844868
26032,62.664593
26033,62.664593
26034,66.524315
26035,71.16391
26036,75.73876
26037,79.73528
26038,53.844868
26039,62.664593
26040,62.664593
26041,66.86077
26042,71.50037
26043,76.07522
26044,80.07095
26045,54.073704
26046,63.00107
26047,63.00107
26048,66.86077
26049,71.50037
26050,76.07522
26051,80.07095
26052,54.073704
26053,63.00107
26054,63.00107
26055,66.86077
26056,71.50037
26057,76.07522
26058,80.07095
26059,54.073704
26060,63.00107
26061,63.00107
26062,66.86077
26063,71.50037
26064,76.07522
26065,80.07095
26066,54.073704
26067,63.00107
26068,63.00107
26069,66.9545
26070,71.5122
26071,76.08705
26072,80.12166
26073,54.11235
26074,63.094788
26075,63.094788
26076,66.9545
26077,71.5122
26078,76.08705
26079,80.12166
26080,54.11235
26081,63.094788
26082,63.094788
26083,66.9545
26084,71.5122
26085,76.08705
26086,80.12166
26087,54.11235
26088,63.094788
26089,63.094788
26090,66.9545
26091,71.5122
26092,76.08705
26093,80.12166
26094,54.11235
26095,63.094788
26096,63.094788
26097,66.9545
26098,71.5122
26099,76.08705
26100,24.510595
26101,27.02759
26102,27.02759
26103,29.050388
26104,30.350264
26105,33.421703
26106,35.8146
26107,23.847887
26108,27.639124
26109,27.639124
26110,29.661926
26111,31.762276
26112,33.79938
26113,35.551327
26114,24.245665
26115,28.112036
26116,28.112036
26117,30.14872
26118,32.080772
26119,34.068012
26120,35.58887
26121,24.470522
26122,28.149578
26123,28.149578
26124,30.186262
26125,32.118317
26126,34.150146
26127,35.58887
26128,24.470522
26129,28.149578
26130,28.149578
26131,30.444525
26132,32.549793
26133,34.6638
26134,36.15957
26135,24.812054
26136,28.589771
26137,28.960308
26138,30.992458
26139,32.966694
26140,35.193405
26141,37.10276
26142,25.09829
26143,29.138252
26144,29.677654
26145,31.540813
26146,33.70885
26147,35.68202
26148,37.87442
26149,25.997463
26150,30.234661
26151,30.234661
26152,32.091698
26153,34.259735
26154,36.389515
26155,39.13959
26156,26.344328
26157,30.678509
26158,31.03375
26159,32.709446
26160,35.22341
26161,37.651356
26162,39.824326
26163,26.916265
26164,31.639294
26165,31.639294
26166,33.396637
26167,36.074417
26168,38.577244
26169,40.779556
26170,27.421684
26171,32.106655
26172,32.106655
26173,34.541416
26174,36.86567
26175,39.346115
26176,41.28642
26177,28.27367
26178,32.70561
26179,32.835968
26180,34.860237
26181,37.102356
26182,39.78024
26183,41.614216
26184,28.876194
26185,33.127983
26186,33.127983
26187,35.44149
26188,38.04248
26189,40.37383
26190,36.670773
26191,39.92064
26192,41.5614
26193,44.049465
26194,45.507427
26195,48.63487
26196,49.863155
26197,35.358013
26198,40.752598
26199,40.752598
26200,43.495743
26201,46.195473
26202,49.092667
26203,51.332188
26204,35.130978
26205,40.81412
26206,40.81412
26207,43.62659
26208,46.289047
26209,49.18624
26210,51.9337
26211,35.130978
26212,40.81412
26213,40.81412
26214,43.62659
26215,46.289047
26216,49.18624
26217,51.9337
26218,35.130978
26219,40.81412
26220,40.81412
26221,43.884857
26222,47.060276
26223,49.704784
26224,52.45146
26225,35.499496
26226,41.645657
26227,41.645657
26228,44.42833
26229,47.642776
26230,50.201622
26231,53.18048
26232,35.982826
26233,41.8643
26234,41.8643
26235,44.837044
26236,47.99441
26237,50.553257
26238,54.038708
26239,36.37017
26240,42.251644
26241,42.251644
26242,45.4064
26243,48.563766
26244,51.32515
26245,54.2576
26246,36.80788
26247,42.552334
26248,42.552334
26249,45.783306
26250,48.903046
26251,52.433643
26252,54.908577
26253,37.45499
26254,43.339687
26255,43.339687
26256,46.692516
26257,49.97669
26258,53.330498
26259,55.798473
26260,38.078106
26261,43.73587
26262,43.73587
26263,46.781467
26264,50.496407
26265,53.43963
26266,56.237537
26267,38.84782
26268,44.719933
26269,44.719933
26270,47.4763
26271,51.31713
26272,54.260353
26273,56.72833
26274,39.094547
26275,44.96666
26276,44.96666
26277,48.164455
26278,51.755447
26279,54.68045
26280,32.200493
26281,38.66296
26282,38.83697
26283,39.882298
26284,43.536037
26285,48.687534
26286,49.240067
26287,33.36118
26288,38.66296
26289,38.66296
26290,40.933575
26291,43.763435
26292,47.42526
26293,49.240067
26294,33.36118
26295,38.66296
26296,38.66296
26297,40.933575
26298,43.653088
26299,46.72733
26300,49.240067
26301,33.36118
26302,38.66296
26303,38.66296
26304,40.933575
26305,43.653088
26306,46.342094
26307,49.240067
26308,33.36118
26309,38.66296
26310,38.66296
26311,41.19184
26312,43.911354
26313,46.60036
26314,49.49755
26315,33.52085
26316,38.921227
26317,38.921227
26318,41.19184
26319,43.911354
26320,46.60036
26321,49.49755
26322,33.52085
26323,38.921227
26324,38.921227
26325,41.19184
26326,43.911354
26327,46.60036
26328,49.49755
26329,33.52085
26330,38.921227
26331,38.921227
26332,41.19184
26333,43.911354
26334,46.60036
26335,49.49755
26336,33.52085
26337,38.921227
26338,38.921227
26339,41.230488
26340,43.923183
26341,46.61219
26342,49.548252
26343,33.559498
26344,38.959873
26345,38.959873
26346,41.230488
26347,43.923183
26348,46.61219
26349,49.548252
26350,33.559498
26351,38.959873
26352,38.959873
26353,41.230488
26354,43.923183
26355,46.61219
26356,49.548252
26357,33.559498
26358,38.959873
26359,38.959873
26360,41.230488
26361,43.923183
26362,46.61219
26363,49.548252
26364,33.559498
26365,38.959873
26366,38.959873
26367,41.230488
26368,43.923183
26369,46.61219
26370,28.336298
26371,33.578854
26372,33.578854
26373,36.758717
26374,38.750385
26375,40.410973
26376,45.17595
26377,29.914972
26378,34.35529
26379,34.35529
26380,36.696846
26381,38.980877
26382,41.300835
26383,44.29038
26384,30.202644
26385,34.92031
26386,34.92031
26387,37.179733
26388,39.57429
26389,41.894245
26390,43.86514
26391,30.685535
26392,34.92031
26393,34.92031
26394,37.296783
26395,39.57429
26396,41.894245
26397,43.86514
26398,30.685535
26399,34.92031
26400,34.92031
26401,37.55505
26402,39.832558
26403,42.15251
26404,44.122623
26405,31.187647
26406,35.521023
26407,35.521023
26408,37.897495
26409,40.620575
26410,42.94053
26411,44.91064
26412,31.423407
26413,36.112797
26414,36.21608
26415,38.592552
26416,40.793747
26417,43.2227
26418,45.100277
26419,31.57398
26420,36.286034
26421,36.286034
26422,38.592552
26423,40.793747
26424,43.2227
26425,45.525517
26426,31.57398
26427,36.286034
26428,36.286034
26429,38.6312
26430,40.805576
26431,43.234528
26432,45.576218
26433,31.612627
26434,36.32468
26435,36.32468
26436,38.6312
26437,40.805576
26438,43.234528
26439,45.576218
26440,31.612627
26441,36.32468
26442,36.32468
26443,38.6312
26444,40.805576
26445,43.234528
26446,45.576218
26447,31.612627
26448,36.32468
26449,36.32468
26450,38.6312
26451,40.805576
26452,43.234528
26453,45.576218
26454,31.612627
26455,36.32468
26456,36.32468
26457,38.6312
26458,40.805576
26459,43.234528
26460,20.125862
26461,23.051182
26462,24.128157
26463,27.178028
26464,29.977194
26465,31.062628
26466,32.856983
26467,22.036566
26468,25.495419
26469,25.762093
26470,27.830334
26471,29.895058
26472,31.515898
26473,32.86825
26474,22.844666
26475,26.21661
26476,26.21661
26477,28.01369
26478,30.078417
26479,31.716587
26480,33.068943
26481,23.067286
26482,26.470295
26483,26.470295
26484,28.267376
26485,30.332104
26486,31.970276
26487,33.322628
26488,23.214785
26489,26.53248
26490,26.53248
26491,28.587824
26492,30.652552
26493,32.290726
26494,34.070335
26495,23.764824
26496,27.011648
26497,27.011648
26498,29.24275
26499,31.307484
26500,33.214966
26501,35.038303
26502,24.007557
26503,27.897387
26504,27.897387
26505,30.168245
26506,32.02054
26507,34.288734
26508,35.80881
26509,24.630192
26510,28.40784
26511,28.589771
26512,30.575552
26513,32.549793
26514,34.6638
26515,36.721718
26516,25.058819
26517,28.960308
26518,29.138252
26519,31.209044
26520,33.156464
26521,35.205235
26522,37.642075
26523,25.545017
26524,29.716301
26525,29.782204
26526,32.09771
26527,34.23893
26528,36.352024
26529,38.583298
26530,26.039036
26531,30.360619
26532,30.717155
26533,32.574192
26534,34.797546
26535,37.44319
26536,39.61616
26537,26.931284
26538,31.219889
26539,31.56598
26540,33.396637
26541,35.910603
26542,38.577244
26543,40.318768
26544,27.066696
26545,32.106655
26546,32.106655
26547,34.28091
26548,36.795715
26549,39.29854
26550,19.877106
26551,22.431782
26552,22.241413
26553,25.306082
26554,25.872849
26555,27.168491
26556,28.059788
26557,19.752502
26558,22.871258
26559,23.14032
26560,25.102558
26561,26.359535
26562,28.178806
26563,29.308193
26564,20.332764
26565,23.366169
26566,23.513668
26567,25.416346
26568,26.673323
26569,28.44501
26570,29.7158
26571,20.72462
26572,23.828522
26573,24.08672
26574,25.674543
26575,27.2471
26576,29.018787
26577,30.487331
26578,21.168205
26579,24.455036
26580,24.455036
26581,26.301123
26582,28.365927
26583,30.098984
26584,31.504076
26585,22.088324
26586,25.39361
26587,25.670979
26588,27.09815
26589,29.086287
26590,30.81935
26591,32.672462
26592,22.827673
26593,26.291515
26594,26.291515
26595,28.088596
26596,30.33668
26597,31.97485
26598,33.580112
26599,23.226955
26600,26.728558
26601,26.790743
26602,28.587824
26603,30.873463
26604,32.78095
26605,34.070335
26606,23.93449
26607,27.181318
26608,27.181318
26609,29.281397
26610,31.622574
26611,33.6918
26612,35.250748
26613,24.443981
26614,28.184088
26615,28.184088
26616,30.44563
26617,32.35087
26618,34.338108
26619,36.21027
26620,24.8507
26621,28.628418
26622,28.998955
26623,31.031105
26624,32.978523
26625,35.205235
26626,37.15346
26627,25.136936
26628,29.716301
26629,29.716301
26630,31.57946
26631,33.72068
26632,36.31939
26633,38.550663
26634,26.03611
26635,30.273308
26636,30.360619
26637,32.217655
26638,34.715412
26639,37.017323
26640,18.888407
26641,22.620644
26642,22.0518
26643,25.800863
26644,27.962141
26645,30.48269
26646,32.638496
26647,20.727226
26648,24.307537
26649,24.604073
26650,26.622751
26651,28.646273
26652,30.48269
26653,31.835062
26654,21.848518
26655,25.412716
26656,25.412716
26657,27.005854
26658,28.828024
26659,30.561087
26660,31.913448
26661,22.292603
26662,25.85659
26663,25.85659
26664,27.37706
26665,29.37588
26666,31.515898
26667,32.86825
26668,22.844666
26669,26.033253
26670,26.033253
26671,28.271954
26672,30.33668
26673,31.97485
26674,33.580112
26675,23.226955
26676,26.728558
26677,26.790743
26678,28.587824
26679,30.873463
26680,32.78095
26681,34.070335
26682,23.93449
26683,27.181318
26684,27.181318
26685,29.24275
26686,31.610743
26687,33.67997
26688,35.200047
26689,24.405334
26690,28.145441
26691,28.145441
26692,30.406982
26693,32.33904
26694,34.32628
26695,35.846355
26696,24.812054
26697,28.589771
26698,28.589771
26699,30.614199
26700,32.978523
26701,35.143665
26702,36.77242
26703,25.136936
26704,29.176899
26705,29.176899
26706,31.209044
26707,33.72068
26708,35.693848
26709,37.642075
26710,25.545017
26711,30.273308
26712,30.273308
26713,32.130344
26714,34.271564
26715,36.352024
26716,38.698063
26717,26.382975
26718,30.717155
26719,30.717155
26720,32.709446
26721,35.22341
26722,37.44319
26723,39.824326
26724,26.916265
26725,31.56598
26726,31.639294
26727,33.396637
26728,36.074417
26729,38.577244
26730,32.60834
26731,35.33271
26732,35.44976
26733,38.35636
26734,37.772385
26735,40.103733
26736,41.409775
26737,30.685535
26738,34.437424
26739,34.437424
26740,36.758717
26741,38.566616
26742,41.070343
26743,42.99673
26744,30.202644
26745,34.437424
26746,34.437424
26747,36.696846
26748,38.980877
26749,41.300835
26750,43.27173
26751,30.202644
26752,34.437424
26753,34.437424
26754,36.696846
26755,38.980877
26756,41.300835
26757,43.27173
26758,30.202644
26759,34.437424
26760,34.437424
26761,36.955112
26762,39.239143
26763,41.5591
26764,44.122623
26765,30.845205
26766,35.178577
26767,35.178577
26768,37.438
26769,39.832558
26770,42.604008
26771,44.57412
26772,31.187647
26773,35.521023
26774,36.112797
26775,38.48927
26776,40.620575
26777,43.2227
26778,45.100277
26779,31.57398
26780,36.21608
26781,36.286034
26782,38.592552
26783,40.793747
26784,43.2227
26785,45.525517
26786,31.57398
26787,36.286034
26788,36.286034
26789,38.6312
26790,40.805576
26791,43.234528
26792,45.576218
26793,31.612627
26794,36.32468
26795,36.32468
26796,38.6312
26797,40.805576
26798,43.234528
26799,45.576218
26800,31.612627
26801,36.32468
26802,36.32468
26803,38.6312
26804,40.805576
26805,43.234528
26806,45.576218
26807,31.612627
26808,36.32468
26809,36.32468
26810,38.6312
26811,40.805576
26812,43.234528
26813,45.576218
26814,31.612627
26815,36.32468
26816,36.32468
26817,38.6312
26818,40.805576
26819,43.234528
26820,26.773878
26821,32.51809
26822,34.343575
26823,35.56052
26824,38.980877
26825,42.611645
26826,41.670578
26827,29.113218
26828,34.074436
26829,34.21566
26830,36.571712
26831,38.750385
26832,41.070343
26833,42.79613
26834,29.980875
26835,34.21566
26836,34.21566
26837,36.641666
26838,38.750385
26839,41.070343
26840,42.99673
26841,29.980875
26842,34.21566
26843,34.21566
26844,36.641666
26845,38.750385
26846,41.070343
26847,42.99673
26848,29.980875
26849,34.21566
26850,34.21566
26851,36.899933
26852,39.239143
26853,41.5591
26854,43.529213
26855,30.362314
26856,35.178577
26857,35.178577
26858,37.438
26859,39.832558
26860,42.15251
26861,44.122623
26862,31.187647
26863,35.521023
26864,35.521023
26865,37.897495
26866,40.620575
26867,42.94053
26868,44.91064
26869,31.423407
26870,36.112797
26871,36.21608
26872,38.592552
26873,40.793747
26874,43.2227
26875,45.100277
26876,31.57398
26877,36.286034
26878,36.286034
26879,38.6312
26880,40.805576
26881,43.234528
26882,45.576218
26883,31.612627
26884,36.32468
26885,36.32468
26886,38.6312
26887,40.805576
26888,43.234528
26889,45.576218
26890,31.612627
26891,36.32468
26892,36.32468
26893,38.6312
26894,40.805576
26895,43.234528
26896,45.576218
26897,31.612627
26898,36.32468
26899,36.32468
26900,38.6312
26901,40.805576
26902,43.234528
26903,45.576218
26904,31.612627
26905,36.32468
26906,36.32468
26907,38.6312
26908,40.805576
26909,43.234528
26910,30.947535
26911,33.660988
26912,33.847992
26913,34.48119
26914,37.772385
26915,40.103733
26916,41.670578
26917,29.426203
26918,33.39505
26919,33.39505
26920,35.708557
26921,37.95619
26922,40.326164
26923,42.134827
26924,29.426203
26925,33.578854
26926,33.578854
26927,35.89236
26928,37.95619
26929,40.326164
26930,42.134827
26931,29.426203
26932,33.578854
26933,33.578854
26934,35.89236
26935,37.95619
26936,40.326164
26937,42.134827
26938,29.426203
26939,33.578854
26940,33.578854
26941,36.150627
26942,38.214455
26943,40.635303
26944,42.443184
26945,30.081455
26946,34.332703
26947,34.332703
26948,36.899933
26949,39.00865
26950,41.32861
26951,43.529213
26952,30.362314
26953,34.69569
26954,35.178577
26955,37.438
26956,39.832558
26957,42.15251
26958,44.122623
26959,30.845205
26960,35.521023
26961,35.521023
26962,37.897495
26963,40.28405
26964,42.94053
26965,44.91064
26966,31.423407
26967,36.112797
26968,36.21608
26969,38.6312
26970,40.805576
26971,43.234528
26972,45.150978
26973,31.612627
26974,36.32468
26975,36.32468
26976,38.6312
26977,40.805576
26978,43.234528
26979,45.576218
26980,31.612627
26981,36.32468
26982,36.32468
26983,38.6312
26984,40.805576
26985,43.234528
26986,45.576218
26987,31.612627
26988,36.32468
26989,36.32468
26990,38.6312
26991,40.805576
26992,43.234528
26993,45.576218
26994,31.612627
26995,36.32468
26996,36.32468
26997,38.6312
26998,40.805576
26999,43.234528
27000,34.02067
27001,39.37036
27002,38.475956
27003,41.748913
27004,44.712673
27005,45.916855
27006,49.240067
27007,33.644802
27008,38.906292
27009,38.66296
27010,40.933575
27011,43.653088
27012,46.342094
27013,49.240067
27014,33.36118
27015,38.66296
27016,38.66296
27017,40.933575
27018,43.653088
27019,46.342094
27020,49.240067
27021,33.36118
27022,38.66296
27023,38.66296
27024,40.933575
27025,43.653088
27026,46.342094
27027,49.240067
27028,33.36118
27029,38.66296
27030,38.66296
27031,41.19184
27032,43.911354
27033,46.60036
27034,49.49755
27035,33.52085
27036,38.921227
27037,38.921227
27038,41.19184
27039,43.911354
27040,46.60036
27041,49.49755
27042,33.52085
27043,38.921227
27044,38.921227
27045,41.19184
27046,43.911354
27047,46.60036
27048,49.49755
27049,33.52085
27050,38.921227
27051,38.921227
27052,41.19184
27053,43.911354
27054,46.60036
27055,49.49755
27056,33.52085
27057,38.921227
27058,38.921227
27059,41.230488
27060,43.923183
27061,46.61219
27062,49.548252
27063,33.559498
27064,38.959873
27065,38.959873
27066,41.230488
27067,43.923183
27068,46.61219
27069,49.548252
27070,33.559498
27071,38.959873
27072,38.959873
27073,41.230488
27074,43.923183
27075,46.61219
27076,49.548252
27077,33.559498
27078,38.959873
27079,38.959873
27080,41.230488
27081,43.923183
27082,46.61219
27083,49.548252
27084,33.559498
27085,38.959873
27086,38.959873
27087,41.230488
27088,43.923183
27089,46.61219
27090,51.742054
27091,59.922752
27092,61.278122
27093,60.939438
27094,66.449394
27095,68.08401
27096,73.19968
27097,49.858418
27098,58.25472
27099,58.77505
27100,62.323933
27101,65.87172
27102,69.822655
27103,73.891685
27104,49.858418
27105,57.51938
27106,57.51938
27107,62.41881
27108,65.87172
27109,70.03814
27110,73.53255
27111,49.803932
27112,57.108467
27113,57.108467
27114,62.41881
27115,65.87172
27116,70.03814
27117,73.53255
27118,49.803932
27119,57.108467
27120,57.108467
27121,62.806767
27122,66.25965
27123,70.42607
27124,73.91969
27125,50.04044
27126,57.44357
27127,57.90479
27128,63.267986
27129,66.72087
27130,70.78521
27131,74.27883
27132,50.094925
27133,57.90479
27134,57.90479
27135,63.267986
27136,66.72087
27137,70.78521
27138,74.5019
27139,50.094925
27140,57.90479
27141,57.90479
27142,63.267986
27143,66.72087
27144,70.78521
27145,74.5019
27146,50.094925
27147,57.90479
27148,57.90479
27149,63.361706
27150,66.732704
27151,70.79704
27152,74.552605
27153,50.13357
27154,57.943436
27155,57.943436
27156,63.361706
27157,66.732704
27158,70.79704
27159,74.552605
27160,50.13357
27161,57.943436
27162,57.943436
27163,63.361706
27164,66.732704
27165,70.79704
27166,74.552605
27167,50.13357
27168,57.943436
27169,57.943436
27170,63.361706
27171,66.732704
27172,70.79704
27173,74.552605
27174,50.13357
27175,57.943436
27176,57.943436
27177,63.361706
27178,66.732704
27179,70.79704
27180,43.39589
27181,48.639626
27182,50.579678
27183,55.634277
27184,60.159225
27185,64.46906
27186,67.19731
27187,43.966816
27188,51.81507
27189,52.280304
27190,55.673737
27191,59.925323
27192,63.991203
27193,67.03372
27194,44.186863
27195,52.471893
27196,52.570976
27197,55.673737
27198,60.04415
27199,63.991203
27200,67.19731
27201,44.25752
27202,52.570976
27203,52.570976
27204,55.673737
27205,59.925323
27206,63.991203
27207,67.19731
27208,44.25752
27209,52.570976
27210,52.570976
27211,56.00884
27212,60.379253
27213,64.37914
27214,68.06232
27215,44.744244
27216,53.504536
27217,53.504536
27218,56.638485
27219,60.54718
27220,64.61304
27221,68.06232
27222,44.744244
27223,53.504536
27224,53.504536
27225,56.638485
27226,60.54718
27227,64.61304
27228,68.06232
27229,44.744244
27230,53.504536
27231,53.504536
27232,56.638485
27233,60.54718
27234,64.61304
27235,68.06232
27236,44.744244
27237,53.504536
27238,53.504536
27239,56.67713
27240,60.55901
27241,64.62487
27242,68.11302
27243,44.78289
27244,53.543182
27245,53.543182
27246,56.67713
27247,60.55901
27248,64.62487
27249,68.11302
27250,44.78289
27251,53.543182
27252,53.543182
27253,56.67713
27254,60.55901
27255,64.62487
27256,68.11302
27257,44.78289
27258,53.543182
27259,53.543182
27260,56.67713
27261,60.55901
27262,64.62487
27263,68.11302
27264,44.78289
27265,53.543182
27266,53.543182
27267,56.67713
27268,60.55901
27269,64.62487
27270,42.504177
27271,51.007156
27272,49.646248
27273,54.32946
27274,60.596977
27275,63.991203
27276,67.03372
27277,43.98867
27278,52.00666
27279,51.81507
27280,55.634277
27281,59.925323
27282,63.8276
27283,67.03372
27284,44.186863
27285,52.471893
27286,52.471893
27287,55.673737
27288,60.04415
27289,63.991203
27290,67.19731
27291,44.25752
27292,52.570976
27293,52.570976
27294,55.673737
27295,59.925323
27296,63.991203
27297,67.19731
27298,44.25752
27299,52.570976
27300,52.570976
27301,56.00884
27302,60.379253
27303,64.37914
27304,68.06232
27305,44.744244
27306,53.504536
27307,53.504536
27308,56.638485
27309,60.54718
27310,64.61304
27311,68.06232
27312,44.744244
27313,53.504536
27314,53.504536
27315,56.638485
27316,60.54718
27317,64.61304
27318,68.06232
27319,44.744244
27320,53.504536
27321,53.504536
27322,56.638485
27323,60.54718
27324,64.61304
27325,68.06232
27326,44.744244
27327,53.504536
27328,53.504536
27329,56.67713
27330,60.55901
27331,64.62487
27332,68.11302
27333,44.78289
27334,53.543182
27335,53.543182
27336,56.67713
27337,60.55901
27338,64.62487
27339,68.11302
27340,44.78289
27341,53.543182
27342,53.543182
27343,56.67713
27344,60.55901
27345,64.62487
27346,68.11302
27347,44.78289
27348,53.543182
27349,53.543182
27350,56.67713
27351,60.55901
27352,64.62487
27353,68.11302
27354,44.78289
27355,53.543182
27356,53.543182
27357,56.67713
27358,60.55901
27359,64.62487
27360,30.620499
27361,36.53436
27362,36.144817
27363,38.217236
27364,40.53548
27365,42.96443
27366,47.32565
27367,31.41431
27368,36.41731
27369,36.41731
27370,38.82948
27371,41.030674
27372,43.459625
27373,46.14846
27374,31.803854
27375,36.41731
27376,36.41731
27377,38.82948
27378,41.030674
27379,43.459625
27380,45.763226
27381,31.803854
27382,36.41731
27383,36.41731
27384,38.82948
27385,41.030674
27386,43.459625
27387,45.763226
27388,31.803854
27389,36.41731
27390,36.41731
27391,39.087746
27392,41.28894
27393,43.71789
27394,46.02071
27395,31.963531
27396,36.675575
27397,36.91267
27398,39.32484
27399,41.57207
27400,43.886806
27401,46.189625
27402,32.02312
27403,36.91267
27404,36.91267
27405,39.32484
27406,41.57207
27407,43.886806
27408,46.189625
27409,32.02312
27410,36.91267
27411,36.91267
27412,39.32484
27413,41.57207
27414,43.886806
27415,46.189625
27416,32.02312
27417,36.91267
27418,36.91267
27419,39.363487
27420,41.5839
27421,43.898636
27422,46.240326
27423,32.061768
27424,36.951317
27425,37.15932
27426,39.69608
27427,41.916492
27428,44.231228
27429,46.572918
27430,32.100887
27431,37.15932
27432,37.27637
27433,39.69608
27434,41.916492
27435,44.231228
27436,46.572918
27437,32.100887
27438,37.27637
27439,37.6402
27440,39.79556
27441,42.374203
27442,44.688942
27443,47.030632
27444,32.464714
27445,38.09087
27446,38.09087
27447,40.361485
27448,43.026993
27449,45.07242
27450,27.75537
27451,32.493828
27452,32.07888
27453,32.412533
27454,34.87118
27455,37.566837
27456,41.204693
27457,27.470446
27458,31.809748
27459,31.454746
27460,33.26354
27461,35.80432
27462,38.767937
27463,40.47137
27464,27.470446
27465,31.809748
27466,31.809748
27467,33.983997
27468,36.52562
27469,39.028442
27470,40.731876
27471,28.002447
27472,32.34174
27473,32.34174
27474,34.244503
27475,36.7019
27476,39.182346
27477,40.978233
27478,28.075354
27479,32.408695
27480,32.408695
27481,34.69123
27482,36.960167
27483,39.440613
27484,41.235718
27485,28.545528
27486,32.79732
27487,32.79732
27488,34.82159
27489,37.090527
27490,39.76841
27491,41.928062
27492,28.837547
27493,33.089336
27494,33.089336
27495,35.402843
27496,38.03065
27497,40.362
27498,42.16988
27499,29.401524
27500,33.83712
27501,33.83712
27502,36.150627
27503,38.214455
27504,40.635303
27505,43.053616
27506,30.081455
27507,34.332703
27508,34.391792
27509,36.93858
27510,39.02048
27511,41.57093
27512,43.579914
27513,30.40096
27514,35.217224
27515,35.217224
27516,37.476646
27517,39.844387
27518,42.16434
27519,44.173325
27520,31.226294
27521,35.55967
27522,35.55967
27523,38.527916
27524,40.632404
27525,42.95236
27526,44.96134
27527,31.612627
27528,36.254726
27529,36.254726
27530,38.6312
27531,40.805576
27532,43.234528
27533,45.150978
27534,31.612627
27535,36.32468
27536,36.32468
27537,38.6312
27538,40.805576
27539,43.234528
27540,31.63219
27541,35.772396
27542,36.144817
27543,38.231003
27544,40.36231
27545,42.34574
27546,45.268032
27547,31.41431
27548,35.957813
27549,36.027767
27550,38.334286
27551,40.53548
27552,42.96443
27553,45.268032
27554,31.41431
27555,35.957813
27556,36.027767
27557,38.334286
27558,40.53548
27559,42.96443
27560,45.268032
27561,31.41431
27562,35.957813
27563,36.027767
27564,38.334286
27565,40.53548
27566,42.96443
27567,45.268032
27568,31.41431
27569,35.957813
27570,36.027767
27571,38.592552
27572,40.793747
27573,43.2227
27574,45.525517
27575,31.57398
27576,36.21608
27577,36.286034
27578,38.592552
27579,40.793747
27580,43.2227
27581,45.525517
27582,31.57398
27583,36.286034
27584,36.286034
27585,38.592552
27586,40.793747
27587,43.2227
27588,45.525517
27589,31.57398
27590,36.286034
27591,36.286034
27592,38.592552
27593,40.793747
27594,43.2227
27595,45.525517
27596,31.57398
27597,36.286034
27598,36.286034
27599,38.6312
27600,40.805576
27601,43.234528
27602,45.576218
27603,31.612627
27604,36.32468
27605,36.32468
27606,38.6312
27607,40.805576
27608,43.234528
27609,45.576218
27610,31.612627
27611,36.32468
27612,36.32468
27613,38.6312
27614,40.805576
27615,43.234528
27616,45.576218
27617,31.612627
27618,36.32468
27619,36.32468
27620,38.6312
27621,40.805576
27622,43.234528
27623,45.576218
27624,31.612627
27625,36.32468
27626,36.32468
27627,38.6312
27628,40.805576
27629,43.234528
27630,51.742054
27631,61.543747
27632,59.809113
27633,62.785152
27634,67.61791
27635,70.18179
27636,73.558815
27637,51.37053
27638,59.714233
27639,59.193893
27640,62.968098
27641,67.06956
27642,70.88992
27643,74.38433
27644,51.37053
27645,59.193893
27646,59.193893
27647,63.319313
27648,67.46026
27649,71.34796
27650,74.998375
27651,51.37053
27652,59.193893
27653,59.193893
27654,63.319313
27655,67.46026
27656,71.68083
27657,74.998375
27658,51.37053
27659,59.193893
27660,59.193893
27661,63.707268
27662,67.84819
27663,72.06876
27664,75.515236
27665,51.585938
27666,59.642635
27667,59.642635
27668,64.40696
27669,68.73287
27670,72.425865
27671,75.92908
27672,51.97856
27673,60.09746
27674,60.41173
27675,64.40292
27676,68.728836
27677,72.837204
27678,76.340416
27679,52.513363
27680,60.984917
27681,61.403038
27682,64.821045
27683,69.146965
27684,73.39666
27685,76.89987
27686,52.900024
27687,61.605537
27688,61.605537
27689,65.11728
27690,69.434204
27691,73.40849
27692,76.95058
27693,53.286205
27694,62.10275
27695,62.10275
27696,65.4361
27697,69.9701
27698,74.295555
27699,78.034836
27700,53.286205
27701,62.197628
27702,62.197628
27703,65.4361
27704,69.9701
27705,74.51862
27706,78.29121
27707,53.286205
27708,62.197628
27709,62.197628
27710,65.4361
27711,69.9701
27712,74.51862
27713,78.29121
27714,53.286205
27715,62.197628
27716,62.197628
27717,65.4361
27718,69.9701
27719,74.51862
27720,41.14548
27721,48.37011
27722,48.639626
27723,55.008854
27724,59.640133
27725,61.521618
27726,65.61965
27727,42.95638
27728,50.815567
27729,51.14274
27730,55.008854
27731,59.25514
27732,62.575584
27733,66.4382
27734,43.98867
27735,51.748997
27736,52.00666
27737,55.07493
27738,59.321213
27739,63.33234
27740,66.538475
27741,43.966816
27742,52.00666
27743,52.00666
27744,55.07493
27745,59.321213
27746,63.33234
27747,66.538475
27748,43.966816
27749,52.00666
27750,52.00666
27751,55.41003
27752,59.656315
27753,63.720295
27754,67.42087
27755,44.42337
27756,52.806995
27757,52.90608
27758,56.00884
27759,60.379253
27760,64.61304
27761,68.06232
27762,44.744244
27763,53.504536
27764,53.504536
27765,56.638485
27766,60.54718
27767,64.61304
27768,68.06232
27769,44.744244
27770,53.504536
27771,53.504536
27772,56.638485
27773,60.54718
27774,64.61304
27775,68.06232
27776,44.744244
27777,53.504536
27778,53.504536
27779,56.67713
27780,60.55901
27781,64.62487
27782,68.11302
27783,44.78289
27784,53.543182
27785,53.543182
27786,56.67713
27787,60.55901
27788,64.62487
27789,68.11302
27790,44.78289
27791,53.543182
27792,53.543182
27793,56.67713
27794,60.55901
27795,64.62487
27796,68.11302
27797,44.78289
27798,53.543182
27799,53.543182
27800,56.67713
27801,60.55901
27802,64.62487
27803,68.11302
27804,44.78289
27805,53.543182
27806,53.543182
27807,56.67713
27808,60.55901
27809,64.62487
27810,46.545666
27811,55.70509
27812,53.87307
27813,58.076084
27814,60.033703
27815,64.66908
27816,68.978165
27817,46.16294
27818,53.87307
27819,53.727592
27820,57.32835
27821,61.34128
27822,65.6314
27823,68.978165
27824,46.16294
27825,53.87307
27826,53.87307
27827,57.524136
27828,61.486767
27829,65.6314
27830,68.978165
27831,46.16294
27832,53.87307
27833,53.87307
27834,57.524136
27835,61.486767
27836,65.6314
27837,68.978165
27838,46.16294
27839,53.87307
27840,53.87307
27841,57.859238
27842,61.87472
27843,66.01933
27844,69.36531
27845,47.221684
27846,54.55216
27847,54.55216
27848,58.24445
27849,63.17193
27850,67.188995
27851,70.750465
27852,47.452778
27853,54.783253
27854,54.783253
27855,58.19414
27856,63.60968
27857,67.43296
27858,70.750465
27859,47.452778
27860,54.783253
27861,54.783253
27862,58.19414
27863,63.60968
27864,67.43296
27865,70.750465
27866,47.452778
27867,54.783253
27868,54.783253
27869,58.232788
27870,63.62151
27871,67.44479
27872,70.80117
27873,47.491425
27874,54.8219
27875,54.8219
27876,58.232788
27877,63.62151
27878,67.44479
27879,70.80117
27880,47.491425
27881,54.8219
27882,54.8219
27883,58.232788
27884,63.62151
27885,67.44479
27886,70.80117
27887,47.491425
27888,54.8219
27889,54.8219
27890,58.232788
27891,63.62151
27892,67.44479
27893,70.80117
27894,47.491425
27895,54.8219
27896,54.8219
27897,58.232788
27898,63.62151
27899,67.44479
27900,26.431736
27901,30.420246
27902,29.910492
27903,32.18988
27904,33.719723
27905,34.540024
27906,38.882107
27907,25.84072
27908,29.976398
27909,29.976398
27910,31.833435
27911,34.00147
27912,36.08193
27913,38.389877
27914,25.84072
27915,30.06371
27916,30.06371
27917,31.920742
27918,34.170914
27919,36.342564
27920,38.389877
27921,25.84072
27922,30.06371
27923,30.06371
27924,31.920742
27925,34.170914
27926,36.342564
27927,38.389877
27928,25.84072
27929,30.06371
27930,30.06371
27931,32.17901
27932,34.785717
27933,37.005493
27934,39.13959
27935,26.699572
27936,31.03375
27937,31.03375
27938,32.878963
27939,35.419746
27940,38.328285
27941,40.10425
27942,26.87716
27943,31.600647
27944,31.713009
27945,33.521805
27946,36.062588
27947,39.026203
27948,40.728855
27949,27.383038
27950,32.600006
27951,32.600006
27952,34.50277
27953,36.85384
27954,39.440613
27955,41.235718
27956,28.235023
27957,32.79732
27958,32.79732
27959,34.860237
27960,37.102356
27961,39.78024
27962,41.614216
27963,28.876194
27964,33.127983
27965,33.127983
27966,35.44149
27967,38.04248
27968,40.37383
27969,42.22058
27970,29.558613
27971,33.875767
27972,33.875767
27973,36.189274
27974,38.83671
27975,41.257565
27976,43.104317
27977,30.179192
27978,34.43044
27979,34.43044
27980,36.99376
27981,39.250973
27982,41.57093
27983,43.579914
27984,30.883852
27985,35.217224
27986,35.217224
27987,37.476646
27988,39.844387
27989,42.16434
27990,41.692184
27991,47.796204
27992,49.53943
27993,53.606094
27994,55.057285
27995,60.51241
27996,62.366165
27997,42.21676
27998,48.98555
27999,49.53943
28000,53.081913
28001,56.08528
28002,59.85593
28003,63.3883
28004,42.354675
28005,49.673893
28006,49.673893
28007,53.471336
28008,56.474705
28009,60.596157
28010,64.06808
28011,42.354675
28012,49.673893
28013,49.673893
28014,53.471336
28015,56.474705
28016,60.477325
28017,64.06808
28018,42.354675
28019,49.673893
28020,49.673893
28021,53.80644
28022,56.809807
28023,60.86528
28024,64.784225
28025,42.740685
28026,50.144047
28027,50.144047
28028,54.209835
28029,57.332687
28030,61.66743
28031,65.620834
28032,43.505
28033,51.15067
28034,51.15067
28035,55.06415
28036,58.24781
28037,62.96354
28038,66.82535
28039,44.225178
28040,52.27569
28041,52.341763
28042,55.41003
28043,59.41196
28044,64.215546
28045,67.42087
28046,44.494026
28047,52.90608
28048,52.90608
28049,56.047485
28050,60.624985
28051,64.62487
28052,68.11302
28053,44.78289
28054,53.543182
28055,53.543182
28056,56.67713
28057,60.55901
28058,64.62487
28059,68.11302
28060,44.78289
28061,53.543182
28062,53.543182
28063,56.67713
28064,60.55901
28065,64.62487
28066,68.11302
28067,44.78289
28068,53.543182
28069,53.543182
28070,56.67713
28071,60.55901
28072,64.62487
28073,68.11302
28074,44.78289
28075,53.543182
28076,53.543182
28077,56.67713
28078,60.55901
28079,64.62487
28080,35.914684
28081,43.042774
28082,43.350006
28083,46.836056
28084,49.024147
28085,52.163548
28086,54.60039
28087,37.029636
28088,43.350006
28089,43.350006
28090,46.395603
28091,49.024147
28092,52.163548
28093,54.60039
28094,37.55665
28095,43.350006
28096,43.350006
28097,46.395603
28098,49.706593
28099,52.70463
28100,55.134518
28101,37.879787
28102,43.350006
28103,43.350006
28104,46.395603
28105,50.062366
28106,53.060402
28107,55.490288
28108,37.879787
28109,43.350006
28110,43.350006
28111,46.65387
28112,50.320633
28113,53.4278
28114,55.856903
28115,38.12841
28116,43.697224
28117,43.697224
28118,46.74282
28119,50.484577
28120,53.757732
28121,56.186836
28122,38.809174
28123,44.681286
28124,44.681286
28125,47.437653
28126,51.3053
28127,54.248524
28128,56.677628
28129,38.809174
28130,44.681286
28131,44.681286
28132,47.87908
28133,51.743618
28134,54.66862
28135,57.097725
28136,39.0559
28137,44.928013
28138,44.996998
28139,48.371857
28140,51.96285
28141,54.88785
28142,57.436554
28143,39.226913
28144,45.035645
28145,45.035645
28146,48.535057
28147,52.226772
28148,55.151775
28149,57.71011
28150,39.974834
28151,45.904015
28152,45.904015
28153,49.676052
28154,52.673416
28155,55.31017
28156,58.44921
28157,40.414238
28158,46.397617
28159,46.397617
28160,50.103302
28161,53.23368
28162,56.117683
28163,59.867294
28164,41.064457
28165,47.11078
28166,47.11078
28167,51.099266
28168,54.105145
28169,56.98915
28170,31.006826
28171,36.979458
28172,36.979458
28173,39.066574
28174,41.646397
28175,44.439014
28176,45.337986
28177,31.863451
28178,36.654404
28179,36.654404
28180,39.066574
28181,41.313805
28182,43.62854
28183,45.763226
28184,31.803854
28185,36.41731
28186,36.41731
28187,38.82948
28188,41.030674
28189,43.459625
28190,45.763226
28191,31.803854
28192,36.41731
28193,36.41731
28194,38.82948
28195,41.030674
28196,43.459625
28197,45.763226
28198,31.803854
28199,36.41731
28200,36.41731
28201,39.087746
28202,41.28894
28203,43.71789
28204,46.02071
28205,31.963531
28206,36.675575
28207,36.91267
28208,39.32484
28209,41.57207
28210,43.886806
28211,46.189625
28212,32.02312
28213,36.91267
28214,36.91267
28215,39.32484
28216,41.57207
28217,43.886806
28218,46.189625
28219,32.02312
28220,36.91267
28221,36.91267
28222,39.32484
28223,41.57207
28224,43.886806
28225,46.189625
28226,32.02312
28227,36.91267
28228,36.91267
28229,39.363487
28230,41.5839
28231,43.898636
28232,46.240326
28233,32.061768
28234,36.951317
28235,37.15932
28236,39.69608
28237,41.916492
28238,44.231228
28239,46.572918
28240,32.100887
28241,37.15932
28242,37.27637
28243,39.69608
28244,41.916492
28245,44.231228
28246,46.572918
28247,32.100887
28248,37.27637
28249,37.6402
28250,39.79556
28251,42.374203
28252,44.688942
28253,47.030632
28254,32.464714
28255,38.09087
28256,38.09087
28257,40.361485
28258,43.026993
28259,45.07242
28260,23.061892
28261,27.639124
28262,27.440092
28263,30.14872
28264,32.34991
28265,32.03246
28266,33.148136
28267,23.767202
28268,27.639124
28269,27.639124
28270,29.661926
28271,31.514217
28272,33.25996
28273,34.711872
28274,24.245665
28275,27.887178
28276,27.887178
28277,29.909983
28278,31.762276
28279,33.79938
28280,35.551327
28281,24.470522
28282,28.112036
28283,28.112036
28284,30.14872
28285,32.080772
28286,34.068012
28287,35.58887
28288,24.470522
28289,28.149578
28290,28.149578
28291,30.444525
28292,32.376583
28293,34.6638
28294,36.15957
28295,24.812054
28296,28.589771
28297,28.960308
28298,30.992458
28299,32.966694
28300,35.193405
28301,37.10276
28302,25.09829
28303,29.138252
28304,29.677654
28305,31.540813
28306,33.70885
28307,35.68202
28308,37.87442
28309,25.997463
28310,30.234661
28311,30.234661
28312,32.091698
28313,34.259735
28314,36.389515
28315,39.13959
28316,26.344328
28317,30.678509
28318,31.03375
28319,32.709446
28320,35.22341
28321,37.651356
28322,39.824326
28323,26.916265
28324,31.639294
28325,31.639294
28326,33.396637
28327,36.074417
28328,38.577244
28329,40.779556
28330,27.421684
28331,32.106655
28332,32.106655
28333,34.541416
28334,36.86567
28335,39.346115
28336,41.28642
28337,28.27367
28338,32.70561
28339,32.835968
28340,34.860237
28341,37.102356
28342,39.78024
28343,41.614216
28344,28.876194
28345,33.127983
28346,33.127983
28347,35.44149
28348,38.04248
28349,40.37383
28350,24.340162
28351,27.705027
28352,26.32253
28353,30.179123
28354,30.6152
28355,32.522682
28356,33.81285
28357,23.767202
28358,27.02759
28359,26.923056
28360,29.050388
28361,31.049221
28362,32.9567
28363,34.24687
28364,23.767202
28365,27.33085
28366,27.226316
28367,29.353653
28368,31.35248
28369,33.421703
28370,34.942562
28371,23.847887
28372,27.639124
28373,27.639124
28374,29.909983
28375,31.762276
28376,33.79938
28377,35.32024
28378,24.245665
28379,28.112036
28380,28.112036
28381,30.406982
28382,32.33904
28383,34.32628
28384,35.846355
28385,24.812054
28386,28.589771
28387,28.589771
28388,30.575552
28389,32.966694
28390,35.131836
28391,36.721718
28392,25.09829
28393,29.138252
28394,29.138252
28395,31.170397
28396,33.70885
28397,35.68202
28398,37.591373
28399,25.50637
28400,29.743557
28401,30.234661
28402,32.059063
28403,34.259735
28404,36.340195
28405,38.532597
28406,26.00039
28407,30.678509
28408,30.678509
28409,32.574192
28410,35.22341
28411,37.44319
28412,39.824326
28413,26.931284
28414,31.56598
28415,31.639294
28416,33.396637
28417,36.074417
28418,38.577244
28419,40.779556
28420,27.421684
28421,32.106655
28422,32.106655
28423,34.541416
28424,36.86567
28425,39.346115
28426,41.28642
28427,28.27367
28428,32.70561
28429,32.835968
28430,34.860237
28431,37.102356
28432,39.78024
28433,41.614216
28434,28.876194
28435,33.127983
28436,33.127983
28437,35.44149
28438,38.04248
28439,40.37383
28440,22.735939
28441,26.21661
28442,26.387043
28443,27.375076
28444,30.332104
28445,31.970276
28446,33.553318
28447,23.067286
28448,26.470295
28449,26.470295
28450,28.267376
28451,30.394289
28452,32.03246
28453,33.322628
28454,23.346668
28455,26.53248
28456,26.53248
28457,28.329561
28458,30.394289
28459,32.03246
28460,33.322628
28461,23.346668
28462,26.53248
28463,26.53248
28464,28.329561
28465,30.394289
28466,32.03246
28467,33.322628
28468,23.346668
28469,26.53248
28470,26.53248
28471,28.587824
28472,30.652552
28473,32.78095
28474,34.070335
28475,23.764824
28476,27.011648
28477,27.181318
28478,29.24275
28479,31.307484
28480,33.518227
28481,35.200047
28482,24.007557
28483,27.897387
28484,28.145441
28485,30.168245
28486,32.33904
28487,34.288734
28488,35.846355
28489,24.630192
28490,28.589771
28491,28.589771
28492,30.575552
28493,32.549793
28494,35.131836
28495,36.721718
28496,25.058819
28497,29.138252
28498,29.138252
28499,31.209044
28500,33.156464
28501,35.693848
28502,37.642075
28503,25.545017
28504,29.782204
28505,30.273308
28506,32.09771
28507,34.271564
28508,36.352024
28509,38.583298
28510,26.039036
28511,30.717155
28512,30.717155
28513,32.574192
28514,35.22341
28515,37.44319
28516,39.824326
28517,26.931284
28518,31.56598
28519,31.639294
28520,33.396637
28521,36.074417
28522,38.577244
28523,40.779556
28524,27.421684
28525,32.106655
28526,32.106655
28527,34.541416
28528,36.86567
28529,39.346115
28530,34.57161
28531,40.48346
28532,41.223297
28533,45.783344
28534,50.4179
28535,53.060402
28536,56.023216
28537,36.421173
28538,43.042774
28539,43.042774
28540,46.395603
28541,50.062366
28542,53.060402
28543,55.490288
28544,37.57981
28545,43.350006
28546,43.350006
28547,46.395603
28548,50.062366
28549,53.060402
28550,55.490288
28551,37.879787
28552,43.350006
28553,43.350006
28554,46.395603
28555,50.062366
28556,53.060402
28557,55.490288
28558,37.879787
28559,43.350006
28560,43.350006
28561,46.65387
28562,50.320633
28563,53.4278
28564,55.856903
28565,38.12841
28566,43.697224
28567,43.697224
28568,46.74282
28569,50.484577
28570,53.757732
28571,56.186836
28572,38.809174
28573,44.681286
28574,44.681286
28575,47.437653
28576,51.3053
28577,54.248524
28578,56.677628
28579,38.809174
28580,44.681286
28581,44.681286
28582,47.87908
28583,51.743618
28584,54.66862
28585,57.097725
28586,39.0559
28587,44.928013
28588,44.996998
28589,48.371857
28590,51.96285
28591,54.88785
28592,57.436554
28593,39.226913
28594,45.035645
28595,45.035645
28596,48.535057
28597,52.226772
28598,55.151775
28599,57.71011
28600,39.974834
28601,45.904015
28602,45.904015
28603,49.676052
28604,52.673416
28605,55.31017
28606,58.44921
28607,40.414238
28608,46.397617
28609,46.397617
28610,50.103302
28611,53.23368
28612,56.117683
28613,59.867294
28614,41.064457
28615,47.11078
28616,47.11078
28617,51.099266
28618,54.105145
28619,56.98915
28620,31.550468
28621,37.52482
28622,38.66296
28623,40.151436
28624,43.8271
28625,47.735603
28626,46.297207
28627,32.599094
28628,37.88082
28629,38.66296
28630,40.933575
28631,43.653088
28632,46.72733
28633,47.239964
28634,33.36118
28635,38.66296
28636,38.66296
28637,40.933575
28638,43.653088
28639,46.342094
28640,48.73973
28641,33.36118
28642,38.66296
28643,38.66296
28644,40.933575
28645,43.653088
28646,46.342094
28647,49.240067
28648,33.36118
28649,38.66296
28650,38.66296
28651,41.19184
28652,43.911354
28653,46.60036
28654,49.49755
28655,33.52085
28656,38.921227
28657,38.921227
28658,41.19184
28659,43.911354
28660,46.60036
28661,49.49755
28662,33.52085
28663,38.921227
28664,38.921227
28665,41.19184
28666,43.911354
28667,46.60036
28668,49.49755
28669,33.52085
28670,38.921227
28671,38.921227
28672,41.19184
28673,43.911354
28674,46.60036
28675,49.49755
28676,33.52085
28677,38.921227
28678,38.921227
28679,41.230488
28680,43.923183
28681,46.61219
28682,49.548252
28683,33.559498
28684,38.959873
28685,38.959873
28686,41.230488
28687,43.923183
28688,46.61219
28689,49.548252
28690,33.559498
28691,38.959873
28692,38.959873
28693,41.230488
28694,43.923183
28695,46.61219
28696,49.548252
28697,33.559498
28698,38.959873
28699,38.959873
28700,41.230488
28701,43.923183
28702,46.61219
28703,49.548252
28704,33.559498
28705,38.959873
28706,38.959873
28707,41.230488
28708,43.923183
28709,46.61219
28710,32.599094
28711,37.793957
28712,36.979458
28713,38.334286
28714,40.53548
28715,42.96443
28716,44.842793
28717,31.803854
28718,36.53436
28719,36.027767
28720,38.334286
28721,40.53548
28722,42.96443
28723,44.842793
28724,31.41431
28725,36.027767
28726,36.027767
28727,38.334286
28728,40.53548
28729,42.96443
28730,44.842793
28731,31.41431
28732,36.027767
28733,36.027767
28734,38.334286
28735,40.53548
28736,42.96443
28737,44.842793
28738,31.41431
28739,36.027767
28740,36.027767
28741,38.592552
28742,40.793747
28743,43.2227
28744,45.100277
28745,31.57398
28746,36.286034
28747,36.286034
28748,38.592552
28749,40.793747
28750,43.2227
28751,45.525517
28752,31.57398
28753,36.286034
28754,36.286034
28755,38.592552
28756,40.793747
28757,43.2227
28758,45.525517
28759,31.57398
28760,36.286034
28761,36.286034
28762,38.592552
28763,40.793747
28764,43.2227
28765,45.525517
28766,31.57398
28767,36.286034
28768,36.286034
28769,38.6312
28770,40.805576
28771,43.234528
28772,45.576218
28773,31.612627
28774,36.32468
28775,36.32468
28776,38.6312
28777,40.805576
28778,43.234528
28779,45.576218
28780,31.612627
28781,36.32468
28782,36.32468
28783,38.6312
28784,40.805576
28785,43.234528
28786,45.576218
28787,31.612627
28788,36.32468
28789,36.32468
28790,38.6312
28791,40.805576
28792,43.234528
28793,45.576218
28794,31.612627
28795,36.32468
28796,36.32468
28797,38.6312
28798,40.805576
28799,43.234528
28800,43.735523
28801,48.074043
28802,49.695915
28803,48.159885
28804,54.39621
28805,60.046577
28806,61.791798
28807,41.692184
28808,48.62179
28809,48.645794
28810,51.88374
28811,55.25379
28812,59.02444
28813,61.860184
28814,41.7228
28815,48.67641
28816,48.67641
28817,52.534298
28818,55.25379
28819,59.143272
28820,61.860184
28821,41.7228
28822,48.67641
28823,48.67641
28824,52.534298
28825,55.25379
28826,59.143272
28827,61.860184
28828,41.7228
28829,48.67641
28830,48.67641
28831,52.8694
28832,56.05472
28833,59.944206
28834,62.753338
28835,42.453266
28836,49.87453
28837,49.87453
28838,53.80644
28839,56.809807
28840,60.93126
28841,64.45522
28842,42.740685
28843,50.144047
28844,50.144047
28845,54.209835
28846,57.332687
28847,61.66743
28848,65.378685
28849,43.505
28850,51.15067
28851,51.15067
28852,55.06415
28853,58.24781
28854,62.96354
28855,66.82535
28856,44.225178
28857,52.27569
28858,52.341763
28859,55.448677
28860,59.42379
28861,64.22738
28862,67.47157
28863,44.532673
28864,52.944725
28865,52.944725
28866,56.047485
28867,60.624985
28868,64.62487
28869,68.11302
28870,44.78289
28871,53.543182
28872,53.543182
28873,56.67713
28874,60.55901
28875,64.62487
28876,68.11302
28877,44.78289
28878,53.543182
28879,53.543182
28880,56.67713
28881,60.55901
28882,64.62487
28883,68.11302
28884,44.78289
28885,53.543182
28886,53.543182
28887,56.67713
28888,60.55901
28889,64.62487
28890,58.635838
28891,68.135025
28892,63.11143
28893,69.20746
28894,68.49661
28895,79.1611
28896,82.563286
28897,56.031784
28898,64.83158
28899,63.993214
28900,68.65151
28901,72.43043
28902,78.340836
28903,81.74302
28904,55.37241
28905,63.993214
28906,63.993214
28907,68.43603
28908,72.97878
28909,78.02006
28910,81.35259
28911,54.59587
28912,63.993214
28913,63.993214
28914,68.43603
28915,72.97878
28916,78.02006
28917,81.35259
28918,54.59587
28919,63.993214
28920,63.993214
28921,68.772484
28922,73.31524
28923,78.356514
28924,81.68826
28925,54.824707
28926,64.32967
28927,64.32967
28928,68.772484
28929,73.31524
28930,78.356514
28931,81.68826
28932,54.824707
28933,64.32967
28934,64.32967
28935,68.772484
28936,73.31524
28937,78.356514
28938,81.68826
28939,54.824707
28940,64.32967
28941,64.32967
28942,68.772484
28943,73.31524
28944,78.356514
28945,81.68826
28946,54.824707
28947,64.32967
28948,64.32967
28949,68.86621
28950,73.32707
28951,78.36835
28952,81.73897
28953,54.863354
28954,64.4234
28955,64.4234
28956,69.458015
28957,73.91888
28958,78.624344
28959,82.129395
28960,55.639893
28961,65.0178
28962,65.307846
28963,69.96354
28964,74.20892
28965,79.44461
28966,82.94966
28967,55.639893
28968,65.307846
28969,65.307846
28970,69.96354
28971,74.43199
28972,79.50939
28973,82.94966
28974,55.639893
28975,65.307846
28976,65.307846
28977,69.96354
28978,74.43199
28979,79.50939
28980,55.37241
28981,65.44895
28982,61.808884
28983,69.31787
28984,74.97386
28985,77.90021
28986,84.823044
28987,55.37241
28988,64.87766
28989,64.78278
28990,69.533356
28991,74.0837
28992,79.09632
28993,82.563286
28994,55.37241
28995,64.87766
28996,64.87766
28997,69.533356
28998,74.0837
28999,79.1611
29000,82.563286
29001,55.37241
29002,64.87766
29003,64.87766
29004,69.533356
29005,74.0837
29006,79.1611
29007,82.563286
29008,55.37241
29009,64.87766
29010,64.87766
29011,69.86981
29012,74.42016
29013,79.49756
29014,82.89896
29015,55.601246
29016,65.21412
29017,65.21412
29018,69.86981
29019,74.42016
29020,79.49756
29021,82.89896
29022,55.601246
29023,65.21412
29024,65.21412
29025,69.86981
29026,74.42016
29027,79.49756
29028,82.89896
29029,55.601246
29030,65.21412
29031,65.21412
29032,69.86981
29033,74.42016
29034,79.49756
29035,82.89896
29036,55.601246
29037,65.21412
29038,65.21412
29039,69.96354
29040,74.43199
29041,79.50939
29042,82.94966
29043,55.639893
29044,65.307846
29045,65.307846
29046,69.96354
29047,74.43199
29048,79.50939
29049,82.94966
29050,55.639893
29051,65.307846
29052,65.307846
29053,69.96354
29054,74.43199
29055,79.50939
29056,82.94966
29057,55.639893
29058,65.307846
29059,65.307846
29060,69.96354
29061,74.43199
29062,79.50939
29063,82.94966
29064,55.639893
29065,65.307846
29066,65.307846
29067,69.96354
29068,74.43199
29069,79.50939
29070,49.447617
29071,56.09571
29072,57.108467
29073,61.846752
29074,66.82559
29075,72.090355
29076,75.115005
29077,49.858418
29078,57.569687
29079,57.569687
29080,62.785152
29081,66.33294
29082,70.73015
29083,74.30121
29084,49.858418
29085,57.569687
29086,57.569687
29087,62.88003
29088,66.33294
29089,70.39728
29090,74.11475
29091,49.858418
29092,57.569687
29093,57.569687
29094,62.88003
29095,66.33294
29096,70.39728
29097,74.11475
29098,49.858418
29099,57.569687
29100,57.569687
29101,63.267986
29102,66.72087
29103,70.78521
29104,74.5019
29105,50.094925
29106,57.90479
29107,57.90479
29108,63.267986
29109,66.72087
29110,70.78521
29111,74.5019
29112,50.094925
29113,57.90479
29114,57.90479
29115,63.267986
29116,66.72087
29117,70.78521
29118,74.5019
29119,50.094925
29120,57.90479
29121,57.90479
29122,63.267986
29123,66.72087
29124,70.78521
29125,74.5019
29126,50.094925
29127,57.90479
29128,57.90479
29129,63.361706
29130,66.732704
29131,70.79704
29132,74.552605
29133,50.13357
29134,57.943436
29135,57.943436
29136,63.361706
29137,66.732704
29138,70.79704
29139,74.552605
29140,50.13357
29141,57.943436
29142,57.943436
29143,63.361706
29144,66.732704
29145,70.79704
29146,74.552605
29147,50.13357
29148,57.943436
29149,57.943436
29150,63.361706
29151,66.732704
29152,70.79704
29153,74.552605
29154,50.13357
29155,57.943436
29156,57.943436
29157,63.361706
29158,66.732704
29159,70.79704
29160,32.266396
29161,38.054832
29162,36.771454
29163,39.066574
29164,41.044666
29165,44.802322
29166,48.633472
29167,32.266396
29168,37.34329
29169,37.22624
29170,39.498646
29171,42.104107
29172,44.715458
29173,47.90463
29174,32.421207
29175,37.793957
29176,37.793957
29177,40.06457
29178,42.670033
29179,44.802322
29180,47.6252
29181,32.599094
29182,37.88082
29183,37.88082
29184,40.151436
29185,42.756897
29186,44.802322
29187,47.6252
29188,32.599094
29189,37.88082
29190,37.88082
29191,40.409702
29192,43.015163
29193,45.06059
29194,47.882683
29195,32.758766
29196,38.139088
29197,38.139088
29198,40.409702
29199,43.015163
29200,45.48583
29201,47.882683
29202,32.758766
29203,38.139088
29204,38.139088
29205,40.409702
29206,43.015163
29207,45.48583
29208,47.882683
29209,32.758766
29210,38.139088
29211,38.139088
29212,40.409702
29213,43.015163
29214,45.48583
29215,47.882683
29216,32.758766
29217,38.139088
29218,38.139088
29219,40.44835
29220,43.026993
29221,45.497658
29222,47.933384
29223,32.797413
29224,38.177734
29225,38.177734
29226,40.44835
29227,43.026993
29228,45.497658
29229,47.933384
29230,32.797413
29231,38.177734
29232,38.177734
29233,40.44835
29234,43.026993
29235,45.497658
29236,47.933384
29237,32.797413
29238,38.177734
29239,38.177734
29240,40.44835
29241,43.026993
29242,45.497658
29243,47.933384
29244,32.797413
29245,38.177734
29246,38.177734
29247,40.44835
29248,43.026993
29249,45.497658
29250,34.847195
29251,41.993378
29252,42.294067
29253,45.486393
29254,48.210075
29255,55.286064
29256,53.273285
29257,36.421173
29258,43.042774
29259,43.042774
29260,45.957355
29261,49.024147
29262,52.70463
29263,54.60039
29264,37.25667
29265,43.042774
29266,43.042774
29267,45.957355
29268,49.024147
29269,52.163548
29270,54.60039
29271,37.55665
29272,43.042774
29273,43.042774
29274,45.957355
29275,49.024147
29276,52.163548
29277,54.60039
29278,37.55665
29279,43.042774
29280,43.042774
29281,46.215622
29282,49.282413
29283,52.421814
29284,55.392002
29285,38.03946
29286,43.608273
29287,43.608273
29288,46.65387
29289,50.320633
29290,53.4278
29291,55.856903
29292,38.12841
29293,43.697224
29294,43.697224
29295,46.74282
29296,50.484577
29297,53.757732
29298,56.186836
29299,38.809174
29300,44.681286
29301,44.681286
29302,47.437653
29303,51.3053
29304,54.248524
29305,56.677628
29306,38.809174
29307,44.681286
29308,44.681286
29309,47.91773
29310,51.755447
29311,54.68045
29312,57.148426
29313,39.094547
29314,44.96666
29315,45.035645
29316,48.371857
29317,51.96285
29318,54.88785
29319,57.436554
29320,39.226913
29321,45.035645
29322,45.209656
29323,49.22941
29324,52.226772
29325,55.151775
29326,57.71011
29327,39.974834
29328,45.904015
29329,46.304554
29330,49.676052
29331,52.673416
29332,55.948097
29333,58.44921
29334,40.414238
29335,46.470512
29336,46.470512
29337,50.103302
29338,53.23368
29339,56.632313
29340,35.420467
29341,43.042774
29342,43.350006
29343,49.72645
29344,48.4687
29345,50.392784
29346,56.166504
29347,37.176918
29348,43.350006
29349,43.350006
29350,47.000233
29351,49.024147
29352,52.196693
29353,55.490288
29354,37.879787
29355,43.350006
29356,43.350006
29357,46.837032
29358,50.062366
29359,53.060402
29360,55.59942
29361,37.96874
29362,43.438957
29363,43.438957
29364,46.484554
29365,50.22631
29366,53.169533
29367,55.59942
29368,37.96874
29369,43.438957
29370,43.438957
29371,46.74282
29372,50.484577
29373,53.4278
29374,55.856903
29375,38.12841
29376,43.697224
29377,43.697224
29378,47.437653
29379,50.81451
29380,53.757732
29381,56.186836
29382,38.809174
29383,44.681286
29384,44.681286
29385,47.87908
29386,51.3053
29387,54.248524
29388,56.677628
29389,39.0559
29390,44.928013
29391,44.928013
29392,48.12581
29393,51.743618
29394,54.66862
29395,57.385853
29396,39.188267
29397,44.996998
29398,44.996998
29399,48.535057
29400,51.96285
29401,54.88785
29402,57.436554
29403,39.974834
29404,45.730003
29405,45.730003
29406,49.22941
29407,52.226772
29408,55.31017
29409,57.811283
29410,40.321175
29411,46.304554
29412,46.304554
29413,50.06673
29414,53.064095
29415,56.117683
29416,58.67645
29417,40.487133
29418,47.047836
29419,47.047836
29420,51.036324
29421,53.81125
29422,56.695255
29423,59.930237
29424,41.246258
29425,47.755543
29426,47.855656
29427,51.60523
29428,54.205257
29429,57.818737
29430,54.59587
29431,66.52673
29432,61.18618
29433,67.53971
29434,67.793175
29435,76.80581
29436,86.10479
29437,54.289406
29438,63.726665
29439,62.569714
29440,67.83034
29441,71.39923
29442,76.52244
29443,80.86735
29444,53.844868
29445,62.664593
29446,62.664593
29447,66.76828
29448,71.16391
29449,75.73876
29450,79.73528
29451,53.844868
29452,62.664593
29453,62.664593
29454,66.524315
29455,71.16391
29456,75.73876
29457,79.73528
29458,53.844868
29459,62.664593
29460,62.664593
29461,66.86077
29462,71.50037
29463,76.07522
29464,80.07095
29465,54.073704
29466,63.00107
29467,63.00107
29468,66.86077
29469,71.50037
29470,76.07522
29471,80.07095
29472,54.073704
29473,63.00107
29474,63.00107
29475,66.86077
29476,71.50037
29477,76.07522
29478,80.07095
29479,54.073704
29480,63.00107
29481,63.00107
29482,66.86077
29483,71.50037
29484,76.07522
29485,80.07095
29486,54.073704
29487,63.00107
29488,63.00107
29489,66.9545
29490,71.5122
29491,76.08705
29492,80.12166
29493,54.11235
29494,63.094788
29495,63.094788
29496,66.9545
29497,71.5122
29498,76.08705
29499,80.12166
29500,54.11235
29501,63.094788
29502,63.094788
29503,66.9545
29504,71.5122
29505,76.08705
29506,80.12166
29507,54.11235
29508,63.094788
29509,63.094788
29510,66.9545
29511,71.5122
29512,76.08705
29513,80.12166
29514,54.11235
29515,63.094788
29516,63.094788
29517,66.9545
29518,71.5122
29519,76.08705
29520,47.21627
29521,54.217056
29522,54.025467
29523,58.899323
29524,63.681175
29525,65.012146
29526,70.36332
29527,47.21627
29528,54.44815
29529,54.44815
29530,57.85904
29531,63.221725
29532,66.80106
29533,70.36332
29534,47.21627
29535,54.44815
29536,54.44815
29537,57.909348
29538,63.221725
29539,66.80106
29540,70.36332
29541,47.21627
29542,54.44815
29543,54.44815
29544,57.909348
29545,63.221725
29546,66.80106
29547,70.36332
29548,47.21627
29549,54.44815
29550,54.44815
29551,58.24445
29552,63.60968
29553,67.188995
29554,70.750465
29555,47.452778
29556,54.783253
29557,54.783253
29558,58.19414
29559,63.60968
29560,67.43296
29561,70.750465
29562,47.452778
29563,54.783253
29564,54.783253
29565,58.19414
29566,63.60968
29567,67.43296
29568,70.750465
29569,47.452778
29570,54.783253
29571,54.783253
29572,58.19414
29573,63.60968
29574,67.43296
29575,70.750465
29576,47.452778
29577,54.783253
29578,54.783253
29579,58.232788
29580,63.62151
29581,67.44479
29582,70.80117
29583,47.491425
29584,54.8219
29585,54.8219
29586,58.232788
29587,63.62151
29588,67.44479
29589,70.80117
29590,47.491425
29591,54.8219
29592,54.8219
29593,58.232788
29594,63.62151
29595,67.44479
29596,70.80117
29597,47.491425
29598,54.8219
29599,54.8219
29600,58.232788
29601,63.62151
29602,67.44479
29603,70.80117
29604,47.491425
29605,54.8219
29606,54.8219
29607,58.232788
29608,63.62151
29609,67.44479
29610,53.844868
29611,64.0058
29612,60.46719
29613,66.301575
29614,71.81169
29615,74.616234
29616,78.40396
29617,53.78315
29618,62.53673
29619,62.19867
29620,66.396454
29621,71.10594
29622,75.49434
29623,79.523186
29624,53.78315
29625,62.53673
29626,62.53673
29627,66.396454
29628,71.10594
29629,75.68079
29630,79.58796
29631,53.78315
29632,62.53673
29633,62.53673
29634,66.396454
29635,71.10594
29636,75.68079
29637,79.58796
29638,53.78315
29639,62.53673
29640,62.53673
29641,66.73291
29642,71.4424
29643,76.07522
29644,80.07095
29645,54.073704
29646,63.00107
29647,63.00107
29648,66.86077
29649,71.50037
29650,76.07522
29651,80.07095
29652,54.073704
29653,63.00107
29654,63.00107
29655,66.86077
29656,71.50037
29657,76.07522
29658,80.07095
29659,54.073704
29660,63.00107
29661,63.00107
29662,66.86077
29663,71.50037
29664,76.07522
29665,80.07095
29666,54.073704
29667,63.00107
29668,63.00107
29669,66.9545
29670,71.5122
29671,76.08705
29672,80.12166
29673,54.11235
29674,63.094788
29675,63.094788
29676,66.9545
29677,71.5122
29678,76.08705
29679,80.12166
29680,54.11235
29681,63.094788
29682,63.094788
29683,66.9545
29684,71.5122
29685,76.08705
29686,80.12166
29687,54.11235
29688,63.094788
29689,63.094788
29690,66.9545
29691,71.5122
29692,76.08705
29693,80.12166
29694,54.11235
29695,63.094788
29696,63.094788
29697,66.9545
29698,71.5122
29699,76.08705
29700,17.825678
29701,20.996992
29702,21.483812
29703,23.166643
29704,24.90486
29705,26.341045
29706,28.338814
29707,18.888407
29708,22.300257
29709,22.380392
29710,24.488384
29711,25.423203
29712,27.063957
29713,28.164322
29714,19.355988
29715,22.871258
29716,22.871258
29717,24.738998
29718,25.768314
29719,27.587587
29720,29.174637
29721,20.021564
29722,23.247503
29723,23.247503
29724,25.04115
29725,26.51129
29726,28.282976
29727,29.553766
29728,20.566845
29729,23.828522
29730,23.828522
29731,25.674608
29732,27.505363
29733,29.27705
29734,30.744812
29735,21.327875
29736,24.713299
29737,25.009834
29738,26.597658
29739,28.419436
29740,30.637598
29741,31.98919
29742,22.276371
29743,25.670979
29744,25.848179
29745,27.530788
29746,29.634142
29747,31.77416
29748,33.125736
29749,23.004335
29750,26.474873
29751,26.474873
29752,28.525639
29753,30.590366
29754,32.228542
29755,33.580112
29756,23.506338
29757,27.011648
29758,27.011648
29759,28.84738
29760,30.885294
29761,33.226795
29762,34.555054
29763,23.965519
29764,27.62776
29765,27.936033
29766,29.892931
29767,32.032368
29768,34.069477
29769,35.859512
29770,24.668839
29771,28.446487
29772,28.446487
29773,30.614199
29774,32.561623
29775,34.67563
29776,36.77242
29777,25.097466
29778,28.998955
29779,29.176899
29780,31.209044
29781,33.156464
29782,35.693848
29783,37.642075
29784,25.545017
29785,29.716301
29786,30.273308
29787,32.09771
29788,34.271564
29789,36.352024
29790,22.283915
29791,23.486847
29792,22.511917
29793,24.482773
29794,26.359535
29795,28.178442
29796,29.7158
29797,20.913483
29798,23.513668
29799,23.366169
29800,25.321848
29801,26.673323
29802,28.44501
29803,29.7158
29804,20.72462
29805,23.828522
29806,24.08672
29807,25.674543
29808,27.2471
29809,29.018787
29810,30.487331
29811,21.168205
29812,24.455036
29813,24.455036
29814,26.04286
29815,27.549387
29816,29.840721
29817,31.045609
29818,21.54488
29819,24.751572
29820,24.9055
29821,26.651167
29822,28.904535
29823,30.637598
29824,32.09255
29825,22.276371
29826,25.753681
29827,26.020355
29828,27.530788
29829,30.087418
29830,31.77416
29831,33.125736
29832,23.187693
29833,26.474873
29834,26.728558
29835,28.525639
29836,30.590366
29837,32.290726
29838,33.580112
29839,23.764824
29840,27.011648
29841,27.011648
29842,28.808733
29843,31.307484
29844,33.214966
29845,34.504353
29846,23.926872
29847,27.589113
29848,27.897387
29849,29.892931
29850,32.032368
29851,34.069477
29852,35.628426
29853,24.668839
29854,28.408945
29855,28.446487
29856,30.614199
29857,32.561623
29858,34.67563
29859,36.77242
29860,25.097466
29861,28.998955
29862,29.176899
29863,31.209044
29864,33.156464
29865,35.693848
29866,37.642075
29867,25.545017
29868,29.716301
29869,30.273308
29870,32.09771
29871,34.271564
29872,36.352024
29873,38.583298
29874,26.039036
29875,30.717155
29876,30.717155
29877,32.574192
29878,35.22341
29879,37.44319
29880,20.255646
29881,22.510475
29882,24.093454
29883,24.230717
29884,26.896378
29885,29.840721
29886,31.487623
29887,20.982815
29888,24.307537
29889,24.455036
29890,25.948362
29891,28.00313
29892,29.89423
29893,31.246595
29894,21.46474
29895,24.9055
29896,24.9055
29897,26.622751
29898,28.646273
29899,30.379335
29900,31.835062
29901,22.116701
29902,25.412716
29903,25.412716
29904,27.005854
29905,28.828024
29906,30.561087
29907,32.414978
29908,22.668003
29909,25.85659
29910,25.85659
29911,28.088596
29912,30.087418
29913,31.77416
29914,33.326427
29915,23.187693
29916,26.728558
29917,26.728558
29918,28.525639
29919,30.652552
29920,32.290726
29921,34.070335
29922,23.764824
29923,27.011648
29924,27.181318
29925,29.24275
29926,31.307484
29927,33.214966
29928,35.038303
29929,24.007557
29930,27.897387
29931,27.897387
29932,30.168245
29933,32.02054
29934,34.288734
29935,35.80881
29936,24.630192
29937,28.40784
29938,28.589771
29939,30.614199
29940,32.561623
29941,34.67563
29942,36.77242
29943,25.097466
29944,28.998955
29945,29.176899
29946,31.209044
29947,33.156464
29948,35.693848
29949,37.642075
29950,25.545017
29951,29.716301
29952,30.273308
29953,32.09771
29954,34.271564
29955,36.352024
29956,38.583298
29957,26.039036
29958,30.717155
29959,30.717155
29960,32.574192
29961,35.22341
29962,37.44319
29963,39.824326
29964,26.931284
29965,31.56598
29966,31.639294
29967,33.396637
29968,36.074417
29969,38.577244
29970,19.418688
29971,22.489119
29972,22.380392
29973,23.711042
29974,26.150627
29975,29.084688
29976,29.553766
29977,20.021564
29978,23.247503
29979,23.366169
29980,25.159815
29981,26.673323
29982,28.51091
29983,29.7158
29984,20.72462
29985,23.828522
29986,23.828522
29987,25.674543
29988,27.2471
29989,29.018787
29990,30.487331
29991,21.168205
29992,24.455036
29993,24.455036
29994,26.04286
29995,27.549387
29996,29.840721
29997,31.045609
29998,21.54488
29999,24.751572
30000,24.9055
30001,26.651167
30002,28.904535
30003,30.637598
30004,32.09255
30005,22.276371
30006,25.753681
30007,26.020355
30008,27.530788
30009,30.087418
30010,31.77416
30011,33.125736
30012,23.187693
30013,26.474873
30014,26.728558
30015,28.525639
30016,30.590366
30017,32.290726
30018,33.580112
30019,23.764824
30020,27.011648
30021,27.011648
30022,28.808733
30023,31.307484
30024,33.214966
30025,34.504353
30026,23.926872
30027,27.589113
30028,27.897387
30029,29.892931
30030,32.032368
30031,34.069477
30032,35.628426
30033,24.668839
30034,28.408945
30035,28.446487
30036,30.614199
30037,32.561623
30038,34.67563
30039,36.77242
30040,25.097466
30041,28.998955
30042,29.176899
30043,31.209044
30044,33.156464
30045,35.693848
30046,37.642075
30047,25.545017
30048,29.716301
30049,30.273308
30050,32.09771
30051,34.271564
30052,36.352024
30053,38.583298
30054,26.039036
30055,30.717155
30056,30.717155
30057,32.574192
30058,35.22341
30059,37.44319
30060,13.496959
30061,15.405789
30062,14.227225
30063,15.581165
30064,16.716225
30065,18.278713
30066,18.917393
30067,14.058785
30068,15.840662
30069,15.840662
30070,16.693403
30071,18.239288
30072,19.132349
30073,19.97793
30074,14.863698
30075,16.7591
30076,17.014452
30077,17.867197
30078,19.002256
30079,20.265759
30080,21.11134
30081,15.382635
30082,17.52422
30083,17.52422
30084,18.463856
30085,19.805817
30086,21.428497
30087,22.79918
30088,15.911859
30089,18.0155
30090,18.0155
30091,19.690866
30092,21.058527
30093,22.512386
30094,24.158573
30095,16.84687
30096,19.333263
30097,19.333263
30098,20.880981
30099,22.35595
30100,23.788534
30101,25.319391
30102,17.596174
30103,20.5755
30104,20.5755
30105,21.873802
30106,23.574694
30107,25.182062
30108,26.421694
30109,18.398273
30110,21.489336
30111,21.976156
30112,23.505041
30113,24.436417
30114,26.34073
30115,27.80307
30116,19.048077
30117,22.638655
30118,22.638655
30119,24.785294
30120,25.693296
30121,27.334051
30122,28.891602
30123,20.219881
30124,23.43723
30125,23.544413
30126,25.338058
30127,26.781384
30128,28.55307
30129,29.849491
30130,20.922937
30131,24.383629
30132,24.383629
30133,26.33977
30134,27.714947
30135,29.486635
30136,31.353792
30137,21.663057
30138,25.20241
30139,25.432257
30140,26.91966
30141,28.916367
30142,30.752785
30143,32.221634
30144,22.757593
30145,26.1535
30146,26.330162
30147,28.022709
30148,30.099249
30149,31.98668
30150,14.058785
30151,15.840662
30152,15.840662
30153,16.693403
30154,17.828463
30155,20.253662
30156,21.555542
30157,15.119049
30158,17.014452
30159,17.260632
30160,18.113375
30161,19.512026
30162,20.937218
30163,22.252113
30164,15.911859
30165,18.0155
30166,18.0155
30167,18.955135
30168,20.297096
30169,21.960152
30170,23.59425
30171,16.335348
30172,18.564348
30173,18.564348
30174,19.855833
30175,21.457575
30176,22.99026
30177,24.432875
30178,17.170895
30179,19.351593
30180,19.351593
30181,20.880981
30182,22.35595
30183,24.140974
30184,25.319391
30185,17.866732
30186,20.5755
30187,20.5755
30188,21.873802
30189,23.574694
30190,25.182062
30191,26.421694
30192,18.398273
30193,21.489336
30194,21.976156
30195,23.505041
30196,24.436417
30197,26.34073
30198,27.80307
30199,19.048077
30200,22.638655
30201,22.638655
30202,24.746647
30203,25.681465
30204,27.32222
30205,28.840899
30206,19.912172
30207,23.398582
30208,23.398582
30209,25.338058
30210,26.662718
30211,28.55307
30212,29.849491
30213,20.688856
30214,24.125431
30215,24.383629
30216,25.971453
30217,27.714947
30218,29.486635
30219,30.795515
30220,21.663057
30221,25.048481
30222,25.20241
30223,26.689814
30224,28.916367
30225,30.64943
30226,32.14325
30227,22.49092
30228,26.1535
30229,26.1535
30230,28.022709
30231,30.099249
30232,31.785992
30233,33.37713
30234,23.265602
30235,26.767204
30236,26.767204
30237,28.62647
30238,30.664383
30239,32.792778
30240,13.717353
30241,15.307322
30242,16.047562
30243,16.693403
30244,17.828463
30245,19.795927
30246,19.97793
30247,14.863698
30248,16.7591
30249,17.014452
30250,17.867197
30251,19.248434
30252,20.265759
30253,21.11134
30254,15.382635
30255,17.52422
30256,17.52422
30257,18.463856
30258,19.805817
30259,21.428497
30260,22.79918
30261,15.911859
30262,18.0155
30263,18.0155
30264,19.432604
30265,20.800264
30266,22.254124
30267,23.59425
30268,16.6872
30269,18.9162
30270,18.9162
30271,20.60439
30272,21.999226
30273,23.788534
30274,24.966951
30275,17.330564
30276,19.962296
30277,19.962296
30278,21.873802
30279,23.114697
30280,24.694777
30281,25.725695
30282,18.245274
30283,21.07991
30284,21.07991
30285,23.018223
30286,24.253538
30287,25.964834
30288,27.204466
30289,18.687359
30290,22.221205
30291,22.417006
30292,24.393473
30293,25.54994
30294,27.32222
30295,28.421803
30296,19.70527
30297,23.12952
30298,23.12952
30299,25.30497
30300,26.62963
30301,28.481989
30302,29.687458
30303,20.688856
30304,24.125431
30305,24.383629
30306,25.971453
30307,27.517195
30308,29.486635
30309,30.795515
30310,21.366522
30311,25.048481
30312,25.048481
30313,26.689814
30314,28.431267
30315,30.64943
30316,32.14325
30317,22.315018
30318,25.886826
30319,26.1535
30320,27.569435
30321,30.099249
30322,31.785992
30323,33.176437
30324,23.22634
30325,26.51352
30326,26.767204
30327,28.564285
30328,30.664383
30329,32.302555
30330,23.231562
30331,27.17877
30332,28.87999
30333,31.28255
30334,33.450584
30335,35.341618
30336,38.242477
30337,24.93862
30338,29.419392
30339,29.419392
30340,31.8008
30341,33.968834
30342,36.049294
30343,38.242477
30344,25.743296
30345,29.976398
30346,29.976398
30347,31.833435
30348,34.00147
30349,36.293243
30350,38.389877
30351,25.84072
30352,30.06371
30353,30.06371
30354,31.920742
30355,34.170914
30356,36.342564
30357,38.389877
30358,25.84072
30359,30.06371
30360,30.06371
30361,32.17901
30362,34.785717
30363,37.005493
30364,39.13959
30365,26.699572
30366,31.03375
30367,31.03375
30368,32.878963
30369,35.419746
30370,38.328285
30371,40.10425
30372,26.87716
30373,31.600647
30374,31.713009
30375,33.521805
30376,36.062588
30377,39.026203
30378,40.728855
30379,27.383038
30380,32.600006
30381,32.600006
30382,34.50277
30383,36.85384
30384,39.440613
30385,41.235718
30386,28.235023
30387,32.79732
30388,32.79732
30389,34.860237
30390,37.102356
30391,39.78024
30392,41.614216
30393,28.876194
30394,33.127983
30395,33.127983
30396,35.44149
30397,38.04248
30398,40.37383
30399,42.22058
30400,29.558613
30401,33.875767
30402,33.875767
30403,36.189274
30404,38.83671
30405,41.257565
30406,43.104317
30407,30.179192
30408,34.43044
30409,34.43044
30410,36.99376
30411,39.250973
30412,41.57093
30413,43.579914
30414,30.883852
30415,35.217224
30416,35.217224
30417,37.476646
30418,39.844387
30419,42.16434
30420,17.170895
30421,20.333874
30422,19.792576
30423,21.045654
30424,22.353912
30425,22.767664
30426,24.298552
30427,17.436504
30428,20.55132
30429,20.317238
30430,21.695671
30431,22.96516
30432,24.289015
30433,25.468214
30434,18.085604
30435,21.055729
30436,21.055729
30437,22.36463
30438,23.847775
30439,25.31913
30440,26.946985
30441,18.527689
30442,21.798025
30443,21.798025
30444,23.355505
30445,24.34307
30446,26.549759
30447,27.54559
30448,18.888407
30449,22.380392
30450,22.380392
30451,24.615122
30452,25.681465
30453,27.32222
30454,28.421803
30455,19.70527
30456,23.12952
30457,23.398582
30458,25.266323
30459,26.617798
30460,28.470158
30461,29.636755
30462,20.65021
30463,24.086784
30464,24.344982
30465,25.932806
30466,27.505363
30467,29.474804
30468,30.744812
30469,21.327875
30470,25.009834
30471,25.009834
30472,26.651167
30473,28.419436
30474,30.637598
30475,31.98919
30476,22.276371
30477,25.765476
30478,25.848179
30479,27.569435
30480,29.645973
30481,31.785992
30482,33.176437
30483,23.22634
30484,26.51352
30485,26.51352
30486,28.564285
30487,30.602198
30488,32.302555
30489,33.630814
30490,23.80347
30491,27.050295
30492,27.050295
30493,29.281397
30494,31.319315
30495,33.226795
30496,34.858315
30497,24.046204
30498,27.936033
30499,27.936033
30500,30.206892
30501,32.032368
30502,34.300564
30503,35.859512
30504,24.668839
30505,28.446487
30506,28.628418
30507,30.614199
30508,32.561623
30509,35.143665
30510,19.418688
30511,22.380392
30512,22.1977
30513,25.003931
30514,25.423203
30515,26.444328
30516,29.349129
30517,19.752502
30518,22.871258
30519,23.14032
30520,25.102558
30521,26.359535
30522,28.10736
30523,29.553766
30524,20.332764
30525,23.366169
30526,23.513668
30527,25.416346
30528,26.673323
30529,28.44501
30530,29.7158
30531,20.72462
30532,23.828522
30533,24.08672
30534,25.674543
30535,27.2471
30536,29.018787
30537,30.487331
30538,21.168205
30539,24.455036
30540,24.455036
30541,26.301123
30542,28.365927
30543,30.098984
30544,31.504076
30545,22.088324
30546,25.39361
30547,25.670979
30548,27.09815
30549,29.086287
30550,30.81935
30551,32.672462
30552,22.827673
30553,26.291515
30554,26.291515
30555,28.088596
30556,30.33668
30557,31.97485
30558,33.580112
30559,23.226955
30560,26.728558
30561,26.790743
30562,28.587824
30563,30.873463
30564,32.78095
30565,34.070335
30566,23.93449
30567,27.181318
30568,27.181318
30569,29.281397
30570,31.622574
30571,33.6918
30572,35.250748
30573,24.443981
30574,28.184088
30575,28.184088
30576,30.44563
30577,32.35087
30578,34.338108
30579,36.21027
30580,24.8507
30581,28.628418
30582,28.998955
30583,31.031105
30584,32.978523
30585,35.205235
30586,37.15346
30587,25.136936
30588,29.716301
30589,29.716301
30590,31.57946
30591,33.72068
30592,36.31939
30593,38.550663
30594,26.03611
30595,30.273308
30596,30.360619
30597,32.217655
30598,34.715412
30599,37.017323
30600,41.7228
30601,48.837383
30602,48.81338
30603,51.03989
30604,54.39621
30605,60.04166
30606,60.05735
30607,41.692184
30608,48.645794
30609,48.645794
30610,52.50368
30611,55.248875
30612,59.02444
30613,61.791798
30614,41.7228
30615,48.67641
30616,48.67641
30617,52.534298
30618,55.25379
30619,59.143272
30620,61.860184
30621,41.7228
30622,48.67641
30623,48.67641
30624,52.534298
30625,55.25379
30626,59.143272
30627,61.860184
30628,41.7228
30629,48.67641
30630,48.67641
30631,52.8694
30632,56.05472
30633,59.944206
30634,62.753338
30635,42.453266
30636,49.87453
30637,49.87453
30638,53.80644
30639,56.809807
30640,60.93126
30641,64.45522
30642,42.740685
30643,50.144047
30644,50.144047
30645,54.209835
30646,57.332687
30647,61.66743
30648,65.378685
30649,43.505
30650,51.15067
30651,51.15067
30652,55.06415
30653,58.24781
30654,62.96354
30655,66.82535
30656,44.225178
30657,52.27569
30658,52.341763
30659,55.448677
30660,59.42379
30661,64.22738
30662,67.47157
30663,44.532673
30664,52.944725
30665,52.944725
30666,56.047485
30667,60.624985
30668,64.62487
30669,68.11302
30670,44.78289
30671,53.543182
30672,53.543182
30673,56.67713
30674,60.55901
30675,64.62487
30676,68.11302
30677,44.78289
30678,53.543182
30679,53.543182
30680,56.67713
30681,60.55901
30682,64.62487
30683,68.11302
30684,44.78289
30685,53.543182
30686,53.543182
30687,56.67713
30688,60.55901
30689,64.62487
30690,53.844868
30691,62.90855
30692,62.53673
30693,64.66739
30694,71.74692
30695,75.97034
30696,75.10529
30697,53.48783
30698,62.29355
30699,61.767433
30700,65.00591
30701,69.95468
30702,74.35679
30703,77.64846
30704,53.018723
30705,61.767433
30706,61.672554
30707,65.00591
30708,69.62181
30709,74.170334
30710,77.90483
30711,53.018723
30712,61.672554
30713,61.672554
30714,65.00591
30715,69.62181
30716,74.170334
30717,77.90483
30718,53.018723
30719,61.672554
30720,61.672554
30721,65.34237
30722,69.95827
30723,74.50679
30724,78.2405
30725,53.24756
30726,62.00903
30727,62.00903
30728,65.34237
30729,69.95827
30730,74.50679
30731,78.2405
30732,53.24756
30733,62.10391
30734,62.10391
30735,65.34237
30736,69.95827
30737,74.50679
30738,78.2405
30739,53.24756
30740,62.10391
30741,62.10391
30742,65.34237
30743,69.95827
30744,74.50679
30745,78.2405
30746,53.24756
30747,62.10391
30748,62.10391
30749,65.4361
30750,69.9701
30751,74.51862
30752,78.29121
30753,53.286205
30754,62.197628
30755,62.197628
30756,65.4361
30757,69.9701
30758,74.51862
30759,78.29121
30760,53.286205
30761,62.197628
30762,62.197628
30763,65.4361
30764,69.9701
30765,74.51862
30766,78.29121
30767,53.286205
30768,62.197628
30769,62.197628
30770,65.4361
30771,69.9701
30772,74.51862
30773,78.29121
30774,53.286205
30775,62.197628
30776,62.197628
30777,65.4361
30778,69.9701
30779,74.51862
30780,52.659985
30781,62.628777
30782,59.391598
30783,65.00591
30784,69.16235
30785,74.616234
30786,78.468735
30787,53.018723
30788,61.767433
30789,61.152214
30790,65.00591
30791,69.62181
30792,74.170334
30793,77.90483
30794,53.018723
30795,61.672554
30796,61.672554
30797,65.00591
30798,69.62181
30799,74.170334
30800,77.90483
30801,53.018723
30802,61.672554
30803,61.672554
30804,65.00591
30805,69.62181
30806,74.170334
30807,77.90483
30808,53.018723
30809,61.672554
30810,61.672554
30811,65.34237
30812,69.95827
30813,74.50679
30814,78.2405
30815,53.24756
30816,62.00903
30817,62.00903
30818,65.34237
30819,69.95827
30820,74.50679
30821,78.2405
30822,53.24756
30823,62.10391
30824,62.10391
30825,65.34237
30826,69.95827
30827,74.50679
30828,78.2405
30829,53.24756
30830,62.10391
30831,62.10391
30832,65.34237
30833,69.95827
30834,74.50679
30835,78.2405
30836,53.24756
30837,62.10391
30838,62.10391
30839,65.4361
30840,69.9701
30841,74.51862
30842,78.29121
30843,53.286205
30844,62.197628
30845,62.197628
30846,65.4361
30847,69.9701
30848,74.51862
30849,78.29121
30850,53.286205
30851,62.197628
30852,62.197628
30853,65.4361
30854,69.9701
30855,74.51862
30856,78.29121
30857,53.286205
30858,62.197628
30859,62.197628
30860,65.4361
30861,69.9701
30862,74.51862
30863,78.29121
30864,53.286205
30865,62.197628
30866,62.197628
30867,65.4361
30868,69.9701
30869,74.51862
30870,45.388676
30871,52.379387
30872,53.673603
30873,55.634277
30874,60.363075
30875,62.575584
30876,65.8004
30877,44.69703
30878,52.570976
30879,52.570976
30880,55.634277
30881,59.76173
30882,63.8276
30883,67.03372
30884,44.25752
30885,52.570976
30886,52.570976
30887,55.673737
30888,60.04415
30889,63.991203
30890,67.19731
30891,44.25752
30892,52.570976
30893,52.570976
30894,55.673737
30895,59.925323
30896,63.991203
30897,67.19731
30898,44.25752
30899,52.570976
30900,52.570976
30901,56.00884
30902,60.379253
30903,64.37914
30904,68.06232
30905,44.744244
30906,53.504536
30907,53.504536
30908,56.638485
30909,60.54718
30910,64.61304
30911,68.06232
30912,44.744244
30913,53.504536
30914,53.504536
30915,56.638485
30916,60.54718
30917,64.61304
30918,68.06232
30919,44.744244
30920,53.504536
30921,53.504536
30922,56.638485
30923,60.54718
30924,64.61304
30925,68.06232
30926,44.744244
30927,53.504536
30928,53.504536
30929,56.67713
30930,60.55901
30931,64.62487
30932,68.11302
30933,44.78289
30934,53.543182
30935,53.543182
30936,56.67713
30937,60.55901
30938,64.62487
30939,68.11302
30940,44.78289
30941,53.543182
30942,53.543182
30943,56.67713
30944,60.55901
30945,64.62487
30946,68.11302
30947,44.78289
30948,53.543182
30949,53.543182
30950,56.67713
30951,60.55901
30952,64.62487
30953,68.11302
30954,44.78289
30955,53.543182
30956,53.543182
30957,56.67713
30958,60.55901
30959,64.62487
30960,35.339825
30961,41.445835
30962,40.189777
30963,41.654026
30964,46.02146
30965,51.34074
30966,50.288395
30967,35.130978
30968,40.81412
30969,40.752598
30970,43.62659
30971,46.289047
30972,49.954456
30973,51.425762
30974,35.130978
30975,40.81412
30976,40.81412
30977,43.835438
30978,46.80201
30979,49.446518
30980,52.193977
30981,35.339825
30982,41.02297
30983,41.02297
30984,43.835438
30985,46.80201
30986,49.446518
30987,52.193977
30988,35.339825
30989,41.02297
30990,41.02297
30991,44.093704
30992,47.060276
30993,50.144543
30994,52.89122
30995,35.863922
30996,41.7507
30997,41.7507
30998,44.48541
30999,47.642776
31000,50.553257
31001,53.551315
31002,35.982826
31003,41.8643
31004,41.8643
31005,44.837044
31006,48.45857
31007,51.21995
31008,54.038708
31009,36.416595
31010,42.388084
31011,42.388084
31012,45.4064
31013,48.891216
31014,51.833088
31015,54.2576
31016,36.80788
31017,42.552334
31018,43.30104
31019,46.25427
31020,49.294243
31021,52.433643
31022,54.908577
31023,37.45499
31024,43.64692
31025,43.64692
31026,46.692516
31027,50.332462
31028,53.330498
31029,55.907604
31030,38.167057
31031,43.73587
31032,43.73587
31033,46.781467
31034,50.496407
31035,53.76956
31036,56.237537
31037,38.84782
31038,44.719933
31039,44.719933
31040,47.4763
31041,51.31713
31042,54.260353
31043,56.72833
31044,39.094547
31045,44.96666
31046,44.96666
31047,48.164455
31048,51.755447
31049,54.68045
31050,34.247707
31051,39.37036
31052,39.37036
31053,40.933575
31054,43.653088
31055,46.562805
31056,50.929028
31057,34.02067
31058,39.37036
31059,39.37036
31060,41.5749
31061,44.294415
31062,46.988045
31063,49.992073
31064,34.02067
31065,39.37036
31066,39.37036
31067,41.5749
31068,44.294415
31069,46.988045
31070,49.992073
31071,34.02067
31072,39.37036
31073,39.37036
31074,41.5749
31075,44.294415
31076,46.988045
31077,49.992073
31078,34.02067
31079,39.37036
31080,39.37036
31081,41.833168
31082,44.55268
31083,47.24631
31084,50.249557
31085,34.180344
31086,39.628628
31087,39.628628
31088,41.833168
31089,44.55268
31090,47.631546
31091,50.249557
31092,34.180344
31093,39.628628
31094,39.628628
31095,41.833168
31096,44.55268
31097,47.631546
31098,50.249557
31099,34.180344
31100,39.628628
31101,39.628628
31102,41.833168
31103,44.55268
31104,47.631546
31105,50.249557
31106,34.180344
31107,39.628628
31108,39.628628
31109,41.871815
31110,44.56451
31111,47.643375
31112,50.30026
31113,34.21899
31114,39.667274
31115,39.667274
31116,41.871815
31117,44.56451
31118,47.643375
31119,50.30026
31120,34.21899
31121,39.667274
31122,39.667274
31123,41.871815
31124,44.56451
31125,47.643375
31126,50.30026
31127,34.21899
31128,39.667274
31129,39.667274
31130,41.871815
31131,44.56451
31132,47.643375
31133,50.30026
31134,34.21899
31135,39.667274
31136,39.667274
31137,41.871815
31138,44.56451
31139,47.643375
31140,33.36118
31141,38.66296
31142,39.722546
31143,39.795433
31144,43.763435
31145,46.868786
31146,54.309116
31147,33.80279
31148,39.37036
31149,39.37036
31150,41.5749
31151,44.49059
31152,47.294025
31153,51.382328
31154,33.80279
31155,39.37036
31156,39.37036
31157,41.5749
31158,44.294415
31159,47.37328
31160,50.50001
31161,33.80279
31162,39.37036
31163,39.37036
31164,41.5749
31165,44.294415
31166,47.37328
31167,49.992073
31168,33.80279
31169,39.37036
31170,39.37036
31171,41.833168
31172,44.55268
31173,47.631546
31174,50.249557
31175,33.962463
31176,39.628628
31177,39.628628
31178,41.833168
31179,44.55268
31180,47.631546
31181,50.249557
31182,33.962463
31183,39.628628
31184,39.628628
31185,41.833168
31186,44.55268
31187,47.631546
31188,50.249557
31189,33.962463
31190,39.628628
31191,39.628628
31192,41.833168
31193,44.55268
31194,47.631546
31195,50.249557
31196,33.962463
31197,39.628628
31198,39.628628
31199,41.871815
31200,44.56451
31201,47.643375
31202,50.30026
31203,34.00111
31204,39.667274
31205,39.667274
31206,41.871815
31207,44.56451
31208,47.643375
31209,50.30026
31210,34.21899
31211,39.667274
31212,39.667274
31213,41.871815
31214,44.56451
31215,47.643375
31216,50.30026
31217,34.21899
31218,39.667274
31219,39.667274
31220,41.871815
31221,44.56451
31222,47.643375
31223,50.30026
31224,34.21899
31225,39.667274
31226,39.667274
31227,41.871815
31228,44.56451
31229,47.643375
31230,55.01538
31231,63.37916
31232,60.01339
31233,64.59222
31234,70.364204
31235,73.0602
31236,76.37775
31237,53.018723
31238,61.36394
31239,61.269062
31240,64.687096
31241,69.085915
31242,73.0602
31243,76.5642
31244,52.67119
31245,61.269062
31246,61.269062
31247,64.687096
31248,69.085915
31249,73.0602
31250,76.5642
31251,52.67119
31252,61.269062
31253,61.269062
31254,64.687096
31255,69.085915
31256,73.0602
31257,76.5642
31258,52.67119
31259,61.269062
31260,61.269062
31261,65.02355
31262,69.42237
31263,73.39666
31264,76.89987
31265,52.900024
31266,61.605537
31267,61.605537
31268,65.02355
31269,69.42237
31270,73.39666
31271,76.89987
31272,52.900024
31273,61.605537
31274,61.605537
31275,65.02355
31276,69.42237
31277,73.39666
31278,76.89987
31279,52.900024
31280,61.605537
31281,61.605537
31282,65.02355
31283,69.42237
31284,73.39666
31285,76.89987
31286,52.900024
31287,61.605537
31288,61.605537
31289,65.11728
31290,69.434204
31291,73.40849
31292,76.95058
31293,53.286205
31294,62.10275
31295,62.10275
31296,65.4361
31297,69.9701
31298,74.295555
31299,78.034836
31300,53.286205
31301,62.197628
31302,62.197628
31303,65.4361
31304,69.9701
31305,74.51862
31306,78.29121
31307,53.286205
31308,62.197628
31309,62.197628
31310,65.4361
31311,69.9701
31312,74.51862
31313,78.29121
31314,53.286205
31315,62.197628
31316,62.197628
31317,65.4361
31318,69.9701
31319,74.51862
31320,49.803932
31321,57.622616
31322,56.045403
31323,60.2344
31324,66.33294
31325,71.95347
31326,73.75562
31327,49.803932
31328,57.108467
31329,57.108467
31330,62.323933
31331,66.33294
31332,70.73015
31333,73.53255
31334,49.803932
31335,57.108467
31336,57.108467
31337,62.41881
31338,65.87172
31339,70.03814
31340,73.53255
31341,49.803932
31342,57.108467
31343,57.108467
31344,62.41881
31345,65.87172
31346,70.03814
31347,73.53255
31348,49.803932
31349,57.108467
31350,57.108467
31351,62.806767
31352,66.25965
31353,70.42607
31354,73.91969
31355,50.04044
31356,57.44357
31357,57.90479
31358,63.267986
31359,66.72087
31360,70.78521
31361,74.27883
31362,50.094925
31363,57.90479
31364,57.90479
31365,63.267986
31366,66.72087
31367,70.78521
31368,74.5019
31369,50.094925
31370,57.90479
31371,57.90479
31372,63.267986
31373,66.72087
31374,70.78521
31375,74.5019
31376,50.094925
31377,57.90479
31378,57.90479
31379,63.361706
31380,66.732704
31381,70.79704
31382,74.552605
31383,50.13357
31384,57.943436
31385,57.943436
31386,63.361706
31387,66.732704
31388,70.79704
31389,74.552605
31390,50.13357
31391,57.943436
31392,57.943436
31393,63.361706
31394,66.732704
31395,70.79704
31396,74.552605
31397,50.13357
31398,57.943436
31399,57.943436
31400,63.361706
31401,66.732704
31402,70.79704
31403,74.552605
31404,50.13357
31405,57.943436
31406,57.943436
31407,63.361706
31408,66.732704
31409,70.79704
31410,47.21627
31411,55.61021
31412,53.727592
31413,57.37866
31414,61.779034
31415,63.76054
31416,70.69619
31417,46.985176
31418,54.217056
31419,53.87307
31420,57.524136
31421,61.486767
31422,65.6314
31423,69.90948
31424,46.985176
31425,54.217056
31426,54.217056
31427,57.678253
31428,62.07891
31429,66.34723
31430,70.36332
31431,47.21627
31432,54.44815
31433,54.44815
31434,57.909348
31435,63.221725
31436,66.80106
31437,70.36332
31438,47.21627
31439,54.44815
31440,54.44815
31441,58.24445
31442,63.60968
31443,67.188995
31444,70.750465
31445,47.452778
31446,54.783253
31447,54.783253
31448,58.19414
31449,63.60968
31450,67.43296
31451,70.750465
31452,47.452778
31453,54.783253
31454,54.783253
31455,58.19414
31456,63.60968
31457,67.43296
31458,70.750465
31459,47.452778
31460,54.783253
31461,54.783253
31462,58.19414
31463,63.60968
31464,67.43296
31465,70.750465
31466,47.452778
31467,54.783253
31468,54.783253
31469,58.232788
31470,63.62151
31471,67.44479
31472,70.80117
31473,47.491425
31474,54.8219
31475,54.8219
31476,58.232788
31477,63.62151
31478,67.44479
31479,70.80117
31480,47.491425
31481,54.8219
31482,54.8219
31483,58.232788
31484,63.62151
31485,67.44479
31486,70.80117
31487,47.491425
31488,54.8219
31489,54.8219
31490,58.232788
31491,63.62151
31492,67.44479
31493,70.80117
31494,47.491425
31495,54.8219
31496,54.8219
31497,58.232788
31498,63.62151
31499,67.44479
31500,47.21627
31501,54.25656
31502,57.287464
31503,59.275543
31504,65.47601
31505,68.37041
31506,71.942024
31507,48.35168
31508,55.51943
31509,55.907795
31510,60.030895
31511,64.26432
31512,68.37041
31513,71.942024
31514,48.35168
31515,55.51943
31516,55.51943
31517,60.26426
31518,64.26432
31519,68.37041
31520,71.942024
31521,48.35168
31522,55.51943
31523,55.51943
31524,60.26426
31525,64.26432
31526,68.37041
31527,71.942024
31528,48.35168
31529,55.51943
31530,55.51943
31531,60.652214
31532,64.65225
31533,68.75834
31534,72.32917
31535,48.58819
31536,56.242897
31537,56.242897
31538,61.404457
31539,65.45231
31540,69.501335
31541,72.95445
31542,49.684124
31543,56.430813
31544,56.430813
31545,61.560757
31546,65.788994
31547,69.87018
31548,73.3638
31549,49.74871
31550,56.752354
31551,56.752354
31552,62.02067
31553,66.045006
31554,70.211426
31555,73.705055
31556,50.04044
31557,57.44357
31558,57.44357
31559,62.900486
31560,66.271484
31561,70.79704
31562,74.32954
31563,50.13357
31564,57.943436
31565,57.943436
31566,63.361706
31567,66.732704
31568,70.79704
31569,74.552605
31570,50.13357
31571,57.943436
31572,57.943436
31573,63.361706
31574,66.732704
31575,70.79704
31576,74.552605
31577,50.13357
31578,57.943436
31579,57.943436
31580,63.361706
31581,66.732704
31582,70.79704
31583,74.552605
31584,50.13357
31585,57.943436
31586,57.943436
31587,63.361706
31588,66.732704
31589,70.79704
31590,70.287636
31591,82.66466
31592,82.66466
31593,89.394295
31594,93.90295
31595,99.26677
31596,104.63125
31597,71.10345
31598,82.85829
31599,82.85829
31600,88.45992
31601,94.47291
31602,100.01069
31603,104.044044
31604,71.51181
31605,82.85829
31606,82.85829
31607,88.69361
31608,94.635414
31609,100.01069
31610,104.044044
31611,71.51181
31612,82.85829
31613,82.85829
31614,88.69361
31615,94.635414
31616,100.01069
31617,104.044044
31618,71.51181
31619,82.85829
31620,82.85829
31621,88.85205
31622,94.79385
31623,100.16913
31624,104.202484
31625,71.61547
31626,83.01673
31627,83.01673
31628,88.85205
31629,94.79385
31630,100.16913
31631,104.202484
31632,71.61547
31633,83.01673
31634,83.01673
31635,88.85205
31636,94.79385
31637,100.16913
31638,104.202484
31639,71.61547
31640,83.01673
31641,83.01673
31642,88.85205
31643,94.79385
31644,100.16913
31645,104.202484
31646,71.61547
31647,83.01673
31648,83.01673
31649,88.94578
31650,94.80569
31651,100.18096
31652,104.25319
31653,71.7092
31654,83.11046
31655,83.11046
31656,88.94578
31657,94.80569
31658,100.18096
31659,104.25319
31660,71.7092
31661,83.11046
31662,83.11046
31663,88.94578
31664,94.80569
31665,100.18096
31666,104.25319
31667,71.7092
31668,83.11046
31669,83.11046
31670,88.94578
31671,94.80569
31672,100.18096
31673,104.25319
31674,71.7092
31675,83.11046
31676,83.11046
31677,88.94578
31678,94.80569
31679,100.18096
31680,57.64767
31681,68.834045
31682,69.944695
31683,72.464775
31684,80.5251
31685,83.44177
31686,89.443214
31687,57.64767
31688,68.516815
31689,69.12476
31690,73.257095
31691,79.57026
31692,83.28656
31693,87.51444
31694,57.64767
31695,68.516815
31696,69.12476
31697,73.257095
31698,79.05169
31699,83.28656
31700,87.52584
31701,57.64767
31702,68.516815
31703,69.12476
31704,73.257095
31705,79.05169
31706,83.28656
31707,87.52584
31708,57.64767
31709,68.516815
31710,69.12476
31711,73.59355
31712,79.388145
31713,83.62302
31714,87.86151
31715,57.876507
31716,68.85327
31717,69.46122
31718,73.59355
31719,79.388145
31720,83.62302
31721,87.86151
31722,57.876507
31723,68.85327
31724,69.46122
31725,73.59355
31726,79.388145
31727,83.62302
31728,87.86151
31729,57.876507
31730,68.85327
31731,69.46122
31732,73.59355
31733,79.388145
31734,83.62302
31735,87.86151
31736,57.876507
31737,68.85327
31738,69.46122
31739,73.68728
31740,79.39998
31741,83.63485
31742,87.91222
31743,57.915154
31744,68.947
31745,69.55495
31746,73.68728
31747,79.39998
31748,83.63485
31749,87.91222
31750,57.915154
31751,68.947
31752,69.55495
31753,73.68728
31754,79.39998
31755,83.63485
31756,87.91222
31757,57.915154
31758,68.947
31759,69.55495
31760,73.68728
31761,79.39998
31762,83.63485
31763,87.91222
31764,57.915154
31765,68.947
31766,69.55495
31767,73.68728
31768,79.39998
31769,83.63485
31770,57.021248
31771,67.17113
31772,67.17113
31773,71.987045
31774,78.20268
31775,81.40169
31776,87.10844
31777,57.021248
31778,67.17113
31779,67.17113
31780,71.987045
31781,77.61934
31782,81.98503
31783,85.95994
31784,57.021248
31785,67.17113
31786,67.17113
31787,71.987045
31788,77.61934
31789,81.98503
31790,85.61155
31791,57.021248
31792,67.17113
31793,67.17113
31794,71.987045
31795,77.61934
31796,81.98503
31797,85.61155
31798,57.021248
31799,67.17113
31800,67.17113
31801,72.3235
31802,77.955795
31803,82.32149
31804,85.94722
31805,57.250084
31806,67.50758
31807,67.50758
31808,72.3235
31809,77.955795
31810,82.32149
31811,85.94722
31812,57.250084
31813,67.50758
31814,67.50758
31815,72.3235
31816,77.955795
31817,82.32149
31818,85.94722
31819,57.250084
31820,67.50758
31821,67.50758
31822,72.3235
31823,77.955795
31824,82.32149
31825,85.94722
31826,57.250084
31827,67.50758
31828,67.50758
31829,72.41723
31830,77.96763
31831,82.33332
31832,85.997925
31833,57.28873
31834,67.60131
31835,67.60131
31836,72.41723
31837,77.96763
31838,82.33332
31839,85.997925
31840,57.28873
31841,67.60131
31842,67.60131
31843,72.41723
31844,77.96763
31845,82.33332
31846,85.997925
31847,57.28873
31848,67.60131
31849,67.60131
31850,72.41723
31851,77.96763
31852,82.33332
31853,85.997925
31854,57.28873
31855,67.60131
31856,67.60131
31857,72.41723
31858,77.96763
31859,82.33332
31860,38.754185
31861,46.500076
31862,47.040478
31863,51.52758
31864,53.012745
31865,59.21743
31866,59.545216
31867,40.971104
31868,47.040478
31869,47.481907
31870,51.23148
31871,53.858326
31872,58.392376
31873,60.248447
31874,40.96915
31875,47.520164
31876,47.520164
31877,51.52758
31878,54.5878
31879,58.14802
31880,60.82385
31881,40.96915
31882,47.520164
31883,47.520164
31884,51.52758
31885,54.5878
31886,58.14802
31887,60.82385
31888,40.96915
31889,47.520164
31890,47.520164
31891,51.862682
31892,54.9229
31893,58.483124
31894,61.70085
31895,41.90469
31896,48.403015
31897,48.427017
31898,52.838783
31899,55.588894
31900,59.23402
31901,62.753338
31902,42.071316
31903,49.126614
31904,49.87453
31905,53.417015
31906,56.420383
31907,60.309864
31908,64.45522
31909,42.591183
31910,50.008995
31911,50.144047
31912,54.03248
31913,57.035847
31914,61.25042
31915,65.378685
31916,43.192886
31917,51.15067
31918,51.15067
31919,54.647293
31920,57.74333
31921,62.156815
31922,66.0575
31923,44.263824
31924,52.314335
31925,52.314335
31926,55.382603
31927,58.747574
31928,63.732124
31929,66.976326
31930,44.462017
31931,52.845642
31932,52.845642
31933,56.008026
31934,60.146732
31935,64.62487
31936,67.869064
31937,44.78289
31938,53.543182
31939,53.543182
31940,56.67713
31941,60.55901
31942,64.62487
31943,68.11302
31944,44.78289
31945,53.543182
31946,53.543182
31947,56.67713
31948,60.55901
31949,64.62487
31950,43.735523
31951,46.904724
31952,48.9831
31953,52.50368
31954,55.25379
31955,58.688534
31956,64.06808
31957,42.21676
31958,47.796204
31959,48.79151
31960,52.71625
31961,55.71962
31962,59.36475
31963,63.3883
31964,41.83481
31965,48.237633
31966,49.53943
31967,53.081913
31968,56.08528
31969,59.974762
31970,63.3883
31971,42.21676
31972,49.53943
31973,49.673893
31974,53.471336
31975,56.474705
31976,60.596157
31977,64.06808
31978,42.354675
31979,49.673893
31980,49.673893
31981,53.80644
31982,56.809807
31983,60.86528
31984,64.784225
31985,42.740685
31986,50.144047
31987,50.144047
31988,54.209835
31989,57.332687
31990,61.66743
31991,65.620834
31992,43.505
31993,51.15067
31994,51.15067
31995,55.06415
31996,58.24781
31997,62.96354
31998,66.82535
31999,44.225178
32000,52.27569
32001,52.341763
32002,55.41003
32003,59.41196
32004,64.215546
32005,67.42087
32006,44.494026
32007,52.90608
32008,52.90608
32009,56.047485
32010,60.624985
32011,64.62487
32012,68.11302
32013,44.78289
32014,53.543182
32015,53.543182
32016,56.67713
32017,60.55901
32018,64.62487
32019,68.11302
32020,44.78289
32021,53.543182
32022,53.543182
32023,56.67713
32024,60.55901
32025,64.62487
32026,68.11302
32027,44.78289
32028,53.543182
32029,53.543182
32030,56.67713
32031,60.55901
32032,64.62487
32033,68.11302
32034,44.78289
32035,53.543182
32036,53.543182
32037,56.67713
32038,60.55901
32039,64.62487
32040,37.57981
32041,43.350006
32042,43.438957
32043,46.310543
32044,51.238625
32045,55.312653
32046,55.59942
32047,38.6495
32048,44.42302
32049,44.42302
32050,47.179386
32051,51.238625
32052,53.990257
32053,56.420143
32054,38.6495
32055,44.42302
32056,44.42302
32057,47.620815
32058,51.238625
32059,53.990257
32060,56.420143
32061,38.6495
32062,44.42302
32063,44.42302
32064,47.620815
32065,51.238625
32066,53.990257
32067,56.420143
32068,38.6495
32069,44.42302
32070,44.42302
32071,47.87908
32072,51.49689
32073,54.248524
32074,56.677628
32075,38.809174
32076,44.681286
32077,44.928013
32078,48.12581
32079,51.743618
32080,54.66862
32081,57.097725
32082,39.188267
32083,44.996998
32084,44.996998
32085,48.49641
32086,51.95102
32087,54.876022
32088,57.385853
32089,39.188267
32090,44.996998
32091,44.996998
32092,48.49641
32093,51.95102
32094,54.876022
32095,57.385853
32096,39.188267
32097,44.996998
32098,44.996998
32099,48.535057
32100,51.96285
32101,54.88785
32102,57.436554
32103,39.974834
32104,45.730003
32105,45.730003
32106,49.22941
32107,52.226772
32108,55.31017
32109,57.811283
32110,40.321175
32111,46.304554
32112,46.304554
32113,50.06673
32114,53.064095
32115,56.117683
32116,58.67645
32117,40.487133
32118,47.047836
32119,47.047836
32120,51.036324
32121,53.81125
32122,56.695255
32123,59.930237
32124,41.246258
32125,47.755543
32126,47.855656
32127,51.60523
32128,54.205257
32129,57.818737
32130,70.54718
32131,77.2854
32132,76.03987
32133,83.299675
32134,89.88678
32135,92.5463
32136,98.79388
32137,67.95888
32138,78.52807
32139,77.56265
32140,83.299675
32141,88.86818
32142,94.171135
32143,98.61786
32144,68.06588
32145,78.7994
32146,78.7994
32147,83.43756
32148,89.2311
32149,94.60151
32150,98.61786
32151,68.06588
32152,78.7994
32153,78.7994
32154,83.43756
32155,89.10969
32156,94.60151
32157,98.61786
32158,68.06588
32159,78.7994
32160,78.7994
32161,83.64943
32162,89.321556
32163,94.81338
32164,98.7763
32165,68.22297
32166,79.01127
32167,79.01127
32168,83.64943
32169,89.321556
32170,94.81338
32171,98.7763
32172,68.22297
32173,79.368324
32174,79.368324
32175,83.64943
32176,89.321556
32177,94.81338
32178,98.7763
32179,68.22297
32180,79.368324
32181,79.368324
32182,83.64943
32183,89.321556
32184,94.81338
32185,98.7763
32186,68.22297
32187,79.368324
32188,79.368324
32189,83.74316
32190,89.33339
32191,94.82521
32192,98.827
32193,68.316696
32194,79.46205
32195,79.46205
32196,83.74316
32197,89.33339
32198,94.82521
32199,98.827
32200,68.316696
32201,79.46205
32202,79.46205
32203,83.74316
32204,89.33339
32205,94.82521
32206,98.827
32207,68.316696
32208,79.46205
32209,79.46205
32210,83.74316
32211,89.33339
32212,94.82521
32213,98.827
32214,68.316696
32215,79.46205
32216,79.46205
32217,83.74316
32218,89.33339
32219,94.82521
32220,56.07744
32221,61.31404
32222,62.049374
32223,65.84341
32224,74.27016
32225,78.340836
32226,81.70097
32227,54.289406
32228,62.569714
32229,63.726665
32230,67.58638
32231,72.17066
32232,76.77881
32233,80.51897
32234,53.844868
32235,62.664593
32236,62.664593
32237,66.76828
32238,71.16391
32239,75.73876
32240,79.73528
32241,53.844868
32242,62.664593
32243,62.664593
32244,66.524315
32245,71.16391
32246,75.73876
32247,79.73528
32248,53.844868
32249,62.664593
32250,62.664593
32251,66.86077
32252,71.50037
32253,76.07522
32254,80.07095
32255,54.073704
32256,63.00107
32257,63.00107
32258,66.86077
32259,71.50037
32260,76.07522
32261,80.07095
32262,54.073704
32263,63.00107
32264,63.00107
32265,66.86077
32266,71.50037
32267,76.07522
32268,80.07095
32269,54.073704
32270,63.00107
32271,63.00107
32272,66.86077
32273,71.50037
32274,76.07522
32275,80.07095
32276,54.073704
32277,63.00107
32278,63.00107
32279,66.9545
32280,71.5122
32281,76.08705
32282,80.12166
32283,54.11235
32284,63.094788
32285,63.094788
32286,66.9545
32287,71.5122
32288,76.08705
32289,80.12166
32290,54.11235
32291,63.094788
32292,63.094788
32293,66.9545
32294,71.5122
32295,76.08705
32296,80.12166
32297,54.11235
32298,63.094788
32299,63.094788
32300,66.9545
32301,71.5122
32302,76.08705
32303,80.12166
32304,54.11235
32305,63.094788
32306,63.094788
32307,66.9545
32308,71.5122
32309,76.08705
32310,57.64767
32311,64.748985
32312,70.01779
32313,76.829025
32314,78.2832
32315,83.28656
32316,87.51444
32317,57.64767
32318,68.27285
32319,69.12476
32320,73.66662
32321,78.9869
32322,83.28656
32323,87.52584
32324,57.64767
32325,68.516815
32326,69.12476
32327,73.257095
32328,78.9869
32329,83.28656
32330,87.52584
32331,57.64767
32332,68.516815
32333,69.12476
32334,73.257095
32335,78.9869
32336,83.28656
32337,87.52584
32338,57.64767
32339,68.516815
32340,69.12476
32341,73.59355
32342,79.32336
32343,83.62302
32344,87.86151
32345,57.876507
32346,68.85327
32347,69.46122
32348,73.59355
32349,79.388145
32350,83.62302
32351,87.86151
32352,57.876507
32353,68.85327
32354,69.46122
32355,73.59355
32356,79.388145
32357,83.62302
32358,87.86151
32359,57.876507
32360,68.85327
32361,69.46122
32362,73.59355
32363,79.388145
32364,83.62302
32365,87.86151
32366,57.876507
32367,68.85327
32368,69.46122
32369,73.68728
32370,79.39998
32371,83.63485
32372,87.91222
32373,57.915154
32374,68.947
32375,69.55495
32376,73.68728
32377,79.39998
32378,83.63485
32379,87.91222
32380,57.915154
32381,68.947
32382,69.55495
32383,73.68728
32384,79.39998
32385,83.63485
32386,87.91222
32387,57.915154
32388,68.947
32389,69.55495
32390,73.68728
32391,79.39998
32392,83.63485
32393,87.91222
32394,57.915154
32395,68.947
32396,69.55495
32397,73.68728
32398,79.39998
32399,83.63485
32400,15.119049
32401,17.731121
32402,17.52422
32403,18.463856
32404,20.12003
32405,21.541016
32406,21.420742
32407,15.911859
32408,18.0155
32409,18.0155
32410,18.955135
32411,20.531178
32412,22.182747
32413,23.330833
32414,16.335348
32415,18.564348
32416,18.564348
32417,19.855833
32418,21.457575
32419,23.253675
32420,24.432875
32421,17.170895
32422,19.351593
32423,19.351593
32424,20.622719
32425,22.097687
32426,24.03021
32427,25.06191
32428,17.436504
32429,19.910934
32430,20.317238
32431,21.873802
32432,23.223423
32433,24.694777
32434,26.28568
32435,18.280682
32436,21.07991
32437,21.489336
32438,23.018223
32439,24.436417
32440,25.964834
32441,27.204466
32442,18.852276
32443,22.417006
32444,22.417006
32445,24.615122
32446,25.54994
32447,27.32222
32448,28.421803
32449,19.70527
32450,23.12952
32451,23.398582
32452,25.266323
32453,26.617798
32454,28.470158
32455,29.636755
32456,20.65021
32457,24.086784
32458,24.344982
32459,25.971453
32460,27.517195
32461,29.486635
32462,30.795515
32463,21.366522
32464,25.048481
32465,25.048481
32466,26.689814
32467,28.431267
32468,30.64943
32469,32.14325
32470,22.315018
32471,25.886826
32472,26.1535
32473,27.569435
32474,30.099249
32475,31.785992
32476,33.176437
32477,23.22634
32478,26.51352
32479,26.767204
32480,28.564285
32481,30.664383
32482,32.302555
32483,34.121037
32484,23.80347
32485,27.050295
32486,27.219965
32487,29.281397
32488,31.319315
32489,33.530056
32490,24.822966
32491,30.128487
32492,28.945889
32493,31.003334
32494,32.03141
32495,32.890797
32496,35.08955
32497,24.652384
32498,28.397408
32499,28.331509
32500,30.186262
32501,32.080772
32502,34.030468
32503,35.58887
32504,24.652384
32505,28.331509
32506,28.331509
32507,30.31729
32508,32.291527
32509,34.405533
32510,35.902084
32511,24.652384
32512,28.331509
32513,28.331509
32514,30.31729
32515,32.291527
32516,34.405533
32517,35.902084
32518,24.652384
32519,28.331509
32520,28.331509
32521,30.575552
32522,32.549793
32523,34.6638
32524,36.721718
32525,25.058819
32526,28.960308
32527,28.960308
32528,31.170397
32529,33.144634
32530,35.193405
32531,37.591373
32532,25.50637
32533,29.677654
32534,29.677654
32535,31.540813
32536,34.2271
32537,36.30756
32538,38.532597
32539,25.997463
32540,30.234661
32541,30.321972
32542,32.535545
32543,34.785717
32544,37.005493
32545,39.56546
32546,26.699572
32547,31.181242
32548,31.181242
32549,32.91761
32550,35.837288
32551,38.41343
32552,40.154953
32553,27.066696
32554,31.751656
32555,31.751656
32556,33.56045
32557,36.53521
32558,39.038033
32559,40.779556
32560,28.200764
32561,32.638653
32562,32.638653
32563,34.647743
32564,36.971996
32565,39.452442
32566,41.614216
32567,28.584175
32568,32.835968
32569,32.835968
32570,34.860237
32571,37.68361
32572,40.13201
32573,41.978764
32574,28.876194
32575,33.691963
32576,33.691963
32577,36.00547
32578,38.226284
32579,40.59626
32580,21.177687
32581,25.76035
32582,25.33438
32583,25.988672
32584,28.645094
32585,31.062628
32586,33.310257
32587,22.559277
32588,25.85659
32589,25.85659
32590,27.7258
32591,29.829155
32592,31.716587
32593,33.068943
32594,23.028023
32595,26.21661
32596,26.21661
32597,28.01369
32598,30.332104
32599,31.970276
32600,33.322628
32601,23.214785
32602,26.470295
32603,26.470295
32604,28.267376
32605,30.394289
32606,32.03246
32607,33.322628
32608,23.346668
32609,26.53248
32610,26.53248
32611,28.587824
32612,30.652552
32613,32.78095
32614,34.070335
32615,23.764824
32616,27.011648
32617,27.181318
32618,29.24275
32619,31.307484
32620,33.518227
32621,35.200047
32622,24.007557
32623,27.897387
32624,28.145441
32625,30.168245
32626,32.33904
32627,34.288734
32628,35.846355
32629,24.630192
32630,28.589771
32631,28.589771
32632,30.575552
32633,32.549793
32634,35.131836
32635,36.721718
32636,25.058819
32637,29.138252
32638,29.138252
32639,31.209044
32640,33.156464
32641,35.693848
32642,37.642075
32643,25.545017
32644,29.782204
32645,30.273308
32646,32.09771
32647,34.271564
32648,36.352024
32649,38.583298
32650,26.039036
32651,30.717155
32652,30.717155
32653,32.574192
32654,35.22341
32655,37.44319
32656,39.824326
32657,26.931284
32658,31.56598
32659,31.639294
32660,33.396637
32661,36.074417
32662,38.577244
32663,40.779556
32664,27.421684
32665,32.106655
32666,32.106655
32667,34.541416
32668,36.86567
32669,39.346115
32670,18.527689
32671,22.066175
32672,21.990799
32673,25.102558
32674,25.768314
32675,28.244707
32676,28.75791
32677,19.5456
32678,23.14032
32679,23.031593
32680,25.135647
32681,26.392624
32682,28.282976
32683,29.379274
32684,20.332764
32685,23.513668
32686,23.828522
32687,25.416346
32688,26.673323
32689,28.44501
32690,29.7158
32691,20.72462
32692,24.08672
32693,24.08672
32694,25.674543
32695,27.2471
32696,29.018787
32697,30.487331
32698,21.168205
32699,24.455036
32700,24.455036
32701,26.301123
32702,28.365927
32703,30.098984
32704,31.504076
32705,22.088324
32706,25.39361
32707,25.670979
32708,27.09815
32709,29.086287
32710,30.81935
32711,32.672462
32712,22.827673
32713,26.291515
32714,26.291515
32715,28.088596
32716,30.33668
32717,31.97485
32718,33.580112
32719,23.226955
32720,26.728558
32721,26.790743
32722,28.587824
32723,30.873463
32724,32.78095
32725,34.070335
32726,23.93449
32727,27.181318
32728,27.181318
32729,29.281397
32730,31.622574
32731,33.6918
32732,35.250748
32733,24.443981
32734,28.184088
32735,28.184088
32736,30.44563
32737,32.35087
32738,34.338108
32739,36.21027
32740,24.8507
32741,28.628418
32742,28.998955
32743,31.031105
32744,32.978523
32745,35.205235
32746,37.15346
32747,25.136936
32748,29.716301
32749,29.716301
32750,31.57946
32751,33.72068
32752,36.31939
32753,38.550663
32754,26.03611
32755,30.273308
32756,30.360619
32757,32.217655
32758,34.715412
32759,37.017323
32760,15.420581
32761,17.260632
32762,18.456486
32763,18.955135
32764,21.370703
32765,22.411444
32766,20.904438
32767,16.263971
32768,18.492971
32769,18.564348
32770,19.50398
32771,21.185854
32772,22.51754
32773,23.108238
32774,16.6872
32775,19.075
32776,19.075
32777,20.346127
32778,21.821095
32779,23.530272
32780,24.70947
32781,17.170895
32782,19.558495
32783,19.910934
32784,21.209236
32785,22.450127
32786,24.436514
32787,25.468214
32788,17.825678
32789,20.317238
32790,20.317238
32791,22.48688
32792,23.710707
32793,25.182062
32794,26.817024
32795,18.398273
32796,21.976156
32797,21.976156
32798,23.613768
32799,24.601332
32800,26.808022
32801,28.284386
32802,19.371456
32803,22.77018
32804,22.77018
32805,24.807648
32806,25.93208
32807,27.741316
32808,29.432117
32809,20.181234
32810,23.505766
32811,23.624432
32812,25.418077
32813,26.769552
32814,28.703272
32815,29.97328
32816,21.142485
32817,24.344982
32818,24.344982
32819,26.33977
32820,27.714947
32821,29.486635
32822,31.353792
32823,21.743196
32824,25.20241
32825,25.432257
32826,26.91966
32827,28.916367
32828,30.752785
32829,32.221634
32830,22.757593
32831,26.1535
32832,26.330162
32833,28.022709
32834,30.099249
32835,31.98668
32836,33.37713
32837,23.265602
32838,26.767204
32839,26.767204
32840,28.62647
32841,30.664383
32842,32.792778
32843,34.121037
32844,23.973137
32845,27.219965
32846,27.219965
32847,29.281397
32848,31.622574
32849,33.6918
32850,16.856462
32851,18.857628
32852,17.260632
32853,18.81795
32854,19.248434
32855,20.496235
32856,23.741749
32857,16.263971
32858,18.492971
32859,18.492971
32860,19.432604
32861,20.871641
32862,22.031528
32863,24.048592
32864,16.6872
32865,19.075
32866,19.075
32867,20.346127
32868,22.017555
32869,23.530272
32870,24.70947
32871,17.170895
32872,19.558495
32873,19.910934
32874,21.209236
32875,22.96516
32876,24.436514
32877,25.468214
32878,17.825678
32879,20.317238
32880,20.78624
32881,22.622892
32882,23.710707
32883,25.577393
32884,26.817024
32885,18.687359
32886,21.976156
32887,21.976156
32888,23.778683
32889,25.068624
32890,26.808022
32891,28.284386
32892,19.454657
32893,22.77018
32894,22.83118
32895,24.807648
32896,26.026577
32897,27.741316
32898,29.432117
32899,20.288418
32900,23.505766
32901,23.624432
32902,25.418077
32903,26.931585
32904,28.703272
32905,29.97328
32906,21.142485
32907,24.344982
32908,24.713299
32909,26.33977
32910,27.714947
32911,29.486635
32912,31.353792
32913,21.897123
32914,25.20241
32915,25.432257
32916,26.91966
32917,29.019722
32918,30.752785
32919,32.221634
32920,22.757593
32921,26.1535
32922,26.330162
32923,28.022709
32924,30.165152
32925,31.98668
32926,33.37713
32927,23.265602
32928,26.767204
32929,26.767204
32930,28.62647
32931,30.664383
32932,32.792778
32933,34.121037
32934,23.973137
32935,27.219965
32936,27.219965
32937,29.281397
32938,31.622574
32939,33.6918
32940,14.058785
32941,15.307322
32942,16.281643
32943,16.693403
32944,17.295124
32945,19.046133
32946,19.450731
32947,14.386392
32948,16.251484
32949,16.7591
32950,17.611845
32951,18.746904
32952,20.01958
32953,20.865162
32954,15.119049
32955,17.260632
32956,17.52422
32957,18.376966
32958,19.512026
32959,20.937218
32960,22.029518
32961,15.911859
32962,18.0155
32963,18.0155
32964,18.955135
32965,20.297096
32966,21.960152
32967,23.59425
32968,16.335348
32969,18.564348
32970,18.564348
32971,20.114096
32972,21.715837
32973,23.248522
32974,24.966951
32975,17.330564
32976,19.609856
32977,19.609856
32978,21.467499
32979,22.70839
32980,24.694777
32981,25.725695
32982,17.985348
32983,20.5755
32984,21.044502
32985,22.622892
32986,24.106037
32987,25.577393
32988,27.204466
32989,18.687359
32990,21.976156
32991,22.221205
32992,24.245974
32993,25.54994
32994,27.289337
32995,28.421803
32996,19.515657
32997,23.020794
32998,23.12952
32999,25.30497
33000,26.62963
33001,28.481989
33002,29.687458
33003,20.53108
33004,24.125431
33005,24.125431
33006,25.971453
33007,27.517195
33008,29.486635
33009,30.795515
33010,21.366522
33011,25.048481
33012,25.048481
33013,26.689814
33014,28.431267
33015,30.64943
33016,32.14325
33017,22.315018
33018,25.886826
33019,26.1535
33020,27.569435
33021,30.099249
33022,31.785992
33023,33.176437
33024,23.22634
33025,26.51352
33026,26.767204
33027,28.564285
33028,30.664383
33029,32.302555
33030,24.735453
33031,26.681063
33032,27.258905
33033,30.734196
33034,32.977566
33035,32.895054
33036,37.128323
33037,24.470522
33038,28.045044
33039,28.331509
33040,30.31729
33041,32.291527
33042,34.3234
33043,36.396446
33044,24.652384
33045,28.331509
33046,28.331509
33047,30.31729
33048,32.291527
33049,34.405533
33050,36.1134
33051,24.652384
33052,28.331509
33053,28.331509
33054,30.31729
33055,32.291527
33056,34.405533
33057,36.1134
33058,24.652384
33059,28.331509
33060,28.331509
33061,30.575552
33062,32.549793
33063,34.6638
33064,36.933033
33065,25.058819
33066,28.960308
33067,29.138252
33068,31.170397
33069,33.144634
33070,35.68202
33071,37.591373
33072,25.50637
33073,29.677654
33074,29.743557
33075,32.059063
33076,34.2271
33077,36.340195
33078,38.532597
33079,26.00039
33080,30.321972
33081,30.678509
33082,32.535545
33083,34.785717
33084,37.431362
33085,39.56546
33086,26.892637
33087,31.181242
33088,31.527334
33089,33.323322
33090,35.910603
33091,38.41343
33092,40.318768
33093,27.066696
33094,31.751656
33095,32.106655
33096,34.28091
33097,36.53521
33098,39.29854
33099,41.040062
33100,28.200764
33101,32.70561
33102,32.70561
33103,34.729877
33104,37.102356
33105,39.78024
33106,41.614216
33107,28.584175
33108,33.127983
33109,33.127983
33110,35.44149
33111,37.80066
33112,40.37383
33113,42.22058
33114,29.44017
33115,33.875767
33116,33.875767
33117,36.189274
33118,38.226284
33119,41.257565
33120,23.214785
33121,26.640728
33122,25.161411
33123,28.984488
33124,31.621613
33125,32.05241
33126,33.068943
33127,23.346668
33128,26.53248
33129,26.53248
33130,28.55047
33131,30.6152
33132,32.03246
33133,33.322628
33134,23.346668
33135,26.53248
33136,26.53248
33137,28.329561
33138,30.394289
33139,32.03246
33140,33.322628
33141,23.346668
33142,26.53248
33143,26.53248
33144,28.329561
33145,30.394289
33146,32.03246
33147,33.322628
33148,23.346668
33149,26.53248
33150,26.53248
33151,28.587824
33152,30.652552
33153,32.78095
33154,34.070335
33155,23.764824
33156,27.011648
33157,27.181318
33158,29.24275
33159,31.307484
33160,33.518227
33161,35.200047
33162,24.007557
33163,27.897387
33164,28.145441
33165,30.168245
33166,32.33904
33167,34.288734
33168,35.846355
33169,24.630192
33170,28.589771
33171,28.589771
33172,30.575552
33173,32.549793
33174,35.131836
33175,36.721718
33176,25.058819
33177,29.138252
33178,29.138252
33179,31.209044
33180,33.156464
33181,35.693848
33182,37.642075
33183,25.545017
33184,29.782204
33185,30.273308
33186,32.09771
33187,34.271564
33188,36.352024
33189,38.583298
33190,26.039036
33191,30.717155
33192,30.717155
33193,32.574192
33194,35.22341
33195,37.44319
33196,39.824326
33197,26.931284
33198,31.56598
33199,31.639294
33200,33.396637
33201,36.074417
33202,38.577244
33203,40.779556
33204,27.421684
33205,32.106655
33206,32.106655
33207,34.541416
33208,36.86567
33209,39.346115
33210,23.438463
33211,27.639124
33212,27.705027
33213,29.132523
33214,30.332104
33215,31.716587
33216,32.89445
33217,23.605154
33218,27.02759
33219,26.85792
33220,28.616371
33221,30.6152
33222,32.522682
33223,33.81285
33224,23.77482
33225,27.02759
33226,26.923056
33227,28.984488
33228,31.049221
33229,32.9567
33230,34.24687
33231,23.77482
33232,27.02759
33233,26.923056
33234,28.984488
33235,31.049221
33236,32.9567
33237,34.47756
33238,23.767202
33239,27.33085
33240,27.226316
33241,29.546011
33242,31.77248
33243,33.67997
33244,35.200047
33245,24.405334
33246,28.145441
33247,28.145441
33248,30.406982
33249,32.33904
33250,34.32628
33251,35.846355
33252,24.812054
33253,28.589771
33254,28.589771
33255,30.575552
33256,32.966694
33257,35.131836
33258,36.721718
33259,25.09829
33260,29.138252
33261,29.138252
33262,31.170397
33263,33.70885
33264,35.68202
33265,37.591373
33266,25.50637
33267,29.743557
33268,30.234661
33269,32.09771
33270,34.271564
33271,36.352024
33272,38.583298
33273,26.039036
33274,30.717155
33275,30.717155
33276,32.574192
33277,35.22341
33278,37.44319
33279,39.824326
33280,26.931284
33281,31.56598
33282,31.639294
33283,33.396637
33284,36.074417
33285,38.577244
33286,40.779556
33287,27.421684
33288,32.106655
33289,32.106655
33290,34.541416
33291,36.86567
33292,39.346115
33293,41.28642
33294,28.27367
33295,32.70561
33296,32.835968
33297,34.860237
33298,37.102356
33299,39.78024
33300,49.512203
33301,57.108467
33302,59.809113
33303,61.93482
33304,67.46115
33305,71.24561
33306,79.0182
33307,51.37053
33308,58.50887
33309,59.307533
33310,63.469296
33311,68.34494
33312,72.03793
33313,75.863075
33314,51.34943
33315,58.5722
33316,59.307533
33317,63.564175
33318,67.70512
33319,71.81055
33320,75.314545
33321,51.37053
33322,58.45856
33323,59.193893
33324,63.319313
33325,67.46026
33326,71.68083
33327,75.18483
33328,51.37053
33329,58.45856
33330,59.193893
33331,63.707268
33332,67.84819
33333,72.06876
33334,75.571976
33335,51.585938
33336,58.907303
33337,59.642635
33338,63.95212
33339,68.09305
33340,72.19848
33341,75.70169
33342,51.97856
33343,59.36212
33344,60.09746
33345,64.40696
33346,68.73287
33347,72.425865
33348,75.92908
33349,51.97856
33350,60.09746
33351,60.984917
33352,64.40292
33353,68.728836
33354,72.837204
33355,76.340416
33356,52.513363
33357,60.984917
33358,61.403038
33359,64.91477
33360,69.1588
33361,73.40849
33362,76.95058
33363,52.93867
33364,61.699257
33365,61.699257
33366,65.11728
33367,69.434204
33368,74.295555
33369,78.034836
33370,53.286205
33371,62.10275
33372,62.10275
33373,65.4361
33374,69.9701
33375,74.51862
33376,78.29121
33377,53.286205
33378,62.197628
33379,62.197628
33380,65.4361
33381,69.9701
33382,74.51862
33383,78.29121
33384,53.286205
33385,62.197628
33386,62.197628
33387,65.4361
33388,69.9701
33389,74.51862
33390,71.04657
33391,81.83066
33392,85.31004
33393,94.76481
33394,100.98198
33395,102.91527
33396,109.84423
33397,73.29424
33398,84.988205
33399,85.31004
33400,93.89162
33401,99.50072
33402,103.55326
33403,108.691414
33404,73.29424
33405,84.988205
33406,84.988205
33407,92.23311
33408,98.59761
33409,103.55326
33410,108.278435
33411,72.52934
33412,84.5508
33413,84.5508
33414,91.76047
33415,97.60062
33416,103.08062
33417,107.80579
33418,72.52934
33419,84.5508
33420,84.5508
33421,91.174095
33422,97.759056
33423,103.23906
33424,107.96423
33425,72.633
33426,84.709236
33427,84.709236
33428,91.174095
33429,97.759056
33430,103.23906
33431,107.96423
33432,72.633
33433,84.709236
33434,84.709236
33435,91.174095
33436,97.759056
33437,103.23906
33438,107.96423
33439,72.633
33440,84.709236
33441,84.709236
33442,91.174095
33443,97.759056
33444,103.23906
33445,107.96423
33446,72.633
33447,84.709236
33448,84.709236
33449,91.26782
33450,97.77089
33451,103.25089
33452,108.01494
33453,72.72673
33454,84.80296
33455,84.80296
33456,91.26782
33457,97.77089
33458,103.25089
33459,108.01494
33460,72.72673
33461,84.80296
33462,84.80296
33463,91.26782
33464,97.77089
33465,103.25089
33466,108.01494
33467,72.72673
33468,84.80296
33469,84.80296
33470,91.26782
33471,97.77089
33472,103.25089
33473,108.01494
33474,72.72673
33475,84.80296
33476,84.80296
33477,91.26782
33478,97.77089
33479,103.25089
33480,58.479034
33481,71.349045
33482,72.312546
33483,77.84855
33484,81.99547
33485,85.24877
33486,93.1871
33487,60.521812
33488,72.05425
33489,72.05425
33490,76.97294
33491,81.99547
33492,85.76734
33493,90.337654
33494,61.64676
33495,72.05425
33496,72.05425
33497,76.269226
33498,81.99547
33499,85.76734
33500,90.71277
33501,61.64676
33502,72.05425
33503,72.05425
33504,76.269226
33505,81.99547
33506,85.76734
33507,90.71277
33508,61.64676
33509,72.05425
33510,72.05425
33511,76.568756
33512,82.295
33513,86.06687
33514,90.99627
33515,61.89152
33516,72.35378
33517,72.35378
33518,76.568756
33519,82.295
33520,86.415245
33521,90.99627
33522,61.89152
33523,72.35378
33524,72.35378
33525,76.568756
33526,82.295
33527,86.415245
33528,90.99627
33529,61.89152
33530,72.35378
33531,72.35378
33532,76.568756
33533,82.295
33534,86.415245
33535,90.99627
33536,61.89152
33537,72.35378
33538,72.35378
33539,76.66248
33540,82.30683
33541,86.42708
33542,91.046974
33543,61.98524
33544,72.44751
33545,72.44751
33546,76.66248
33547,82.30683
33548,86.42708
33549,90.937614
33550,61.98524
33551,72.44751
33552,72.44751
33553,76.66248
33554,82.30683
33555,86.42708
33556,91.046974
33557,61.98524
33558,72.44751
33559,72.44751
33560,76.66248
33561,82.30683
33562,86.42708
33563,90.937614
33564,61.98524
33565,72.44751
33566,72.44751
33567,76.66248
33568,82.30683
33569,86.42708
33570,59.87896
33571,65.18571
33572,63.339104
33573,75.81655
33574,73.31228
33575,82.498024
33576,80.96952
33577,58.17837
33578,65.82711
33579,65.82711
33580,71.69124
33581,74.95251
33582,80.771545
33583,84.124886
33584,57.25262
33585,65.82711
33586,65.82711
33587,70.94446
33588,75.17558
33589,80.771545
33590,84.124886
33591,56.279575
33592,65.82711
33593,65.82711
33594,70.61159
33595,75.36203
33596,80.771545
33597,84.124886
33598,56.279575
33599,65.82711
33600,65.82711
33601,70.948044
33602,75.69849
33603,81.108
33604,84.460556
33605,56.50841
33606,66.16357
33607,66.16357
33608,71.2853
33609,76.60559
33610,81.674995
33611,85.02755
33612,56.822083
33613,66.81449
33614,66.87333
33615,71.67701
33616,76.60559
33617,81.674995
33618,85.02755
33619,56.880913
33620,66.87333
33621,66.87333
33622,71.67701
33623,76.60559
33624,81.674995
33625,85.02755
33626,56.880913
33627,66.87333
33628,66.87333
33629,71.77074
33630,76.617424
33631,81.68683
33632,85.078255
33633,56.91956
33634,66.96706
33635,66.96706
33636,71.77074
33637,76.617424
33638,81.68683
33639,85.078255
33640,56.91956
33641,66.96706
33642,66.96706
33643,71.77074
33644,76.617424
33645,81.68683
33646,85.078255
33647,56.91956
33648,66.96706
33649,66.96706
33650,71.77074
33651,76.617424
33652,81.68683
33653,85.078255
33654,56.91956
33655,66.96706
33656,66.96706
33657,71.77074
33658,76.617424
33659,81.68683
33660,44.186863
33661,52.280304
33662,51.38408
33663,56.653664
33664,60.840935
33665,62.594265
33666,66.538475
33667,44.186863
33668,52.471893
33669,52.471893
33670,55.673737
33671,59.76173
33672,63.8276
33673,67.03372
33674,44.25752
33675,52.570976
33676,52.570976
33677,55.673737
33678,60.04415
33679,63.991203
33680,67.19731
33681,44.25752
33682,52.570976
33683,52.570976
33684,55.673737
33685,59.925323
33686,63.991203
33687,67.19731
33688,44.25752
33689,52.570976
33690,52.570976
33691,56.00884
33692,60.379253
33693,64.37914
33694,68.06232
33695,44.744244
33696,53.504536
33697,53.504536
33698,56.638485
33699,60.54718
33700,64.61304
33701,68.06232
33702,44.744244
33703,53.504536
33704,53.504536
33705,56.638485
33706,60.54718
33707,64.61304
33708,68.06232
33709,44.744244
33710,53.504536
33711,53.504536
33712,56.638485
33713,60.54718
33714,64.61304
33715,68.06232
33716,44.744244
33717,53.504536
33718,53.504536
33719,56.67713
33720,60.55901
33721,64.62487
33722,68.11302
33723,44.78289
33724,53.543182
33725,53.543182
33726,56.67713
33727,60.55901
33728,64.62487
33729,68.11302
33730,44.78289
33731,53.543182
33732,53.543182
33733,56.67713
33734,60.55901
33735,64.62487
33736,68.11302
33737,44.78289
33738,53.543182
33739,53.543182
33740,56.67713
33741,60.55901
33742,64.62487
33743,68.11302
33744,44.78289
33745,53.543182
33746,53.543182
33747,56.67713
33748,60.55901
33749,64.62487
33750,41.83481
33751,47.622192
33752,48.504574
33753,53.874733
33754,56.700745
33755,61.897694
33756,60.54718
33757,42.21676
33758,48.98555
33759,49.53943
33760,53.471336
33761,56.474705
33762,60.477325
33763,62.731823
33764,42.354675
33765,49.673893
33766,49.673893
33767,53.471336
33768,56.474705
33769,60.477325
33770,64.06808
33771,42.354675
33772,49.673893
33773,49.673893
33774,53.471336
33775,56.474705
33776,60.477325
33777,64.06808
33778,42.354675
33779,49.673893
33780,49.673893
33781,53.80644
33782,56.809807
33783,60.86528
33784,64.784225
33785,42.740685
33786,50.144047
33787,50.144047
33788,54.209835
33789,57.332687
33790,61.66743
33791,65.620834
33792,43.505
33793,51.15067
33794,51.15067
33795,55.06415
33796,58.24781
33797,62.96354
33798,66.82535
33799,44.225178
33800,52.27569
33801,52.341763
33802,55.41003
33803,59.41196
33804,64.215546
33805,67.42087
33806,44.494026
33807,52.90608
33808,52.90608
33809,56.047485
33810,60.624985
33811,64.62487
33812,68.11302
33813,44.78289
33814,53.543182
33815,53.543182
33816,56.67713
33817,60.55901
33818,64.62487
33819,68.11302
33820,44.78289
33821,53.543182
33822,53.543182
33823,56.67713
33824,60.55901
33825,64.62487
33826,68.11302
33827,44.78289
33828,53.543182
33829,53.543182
33830,56.67713
33831,60.55901
33832,64.62487
33833,68.11302
33834,44.78289
33835,53.543182
33836,53.543182
33837,56.67713
33838,60.55901
33839,64.62487
33840,33.80279
33841,39.231495
33842,41.38739
33843,44.65001
33844,47.633934
33845,46.562805
33846,49.53552
33847,34.57161
33848,40.415462
33849,40.752598
33850,43.495743
33851,45.798977
33852,48.048874
33853,51.187172
33854,35.126625
33855,40.752598
33856,40.752598
33857,43.495743
33858,46.195473
33859,49.092667
33860,51.9337
33861,35.130978
33862,40.81412
33863,40.81412
33864,43.62659
33865,46.289047
33866,49.18624
33867,51.9337
33868,35.130978
33869,40.81412
33870,40.81412
33871,43.884857
33872,47.060276
33873,49.704784
33874,52.45146
33875,35.499496
33876,41.645657
33877,41.645657
33878,44.42833
33879,47.642776
33880,50.201622
33881,53.18048
33882,35.982826
33883,41.8643
33884,41.8643
33885,44.837044
33886,47.99441
33887,50.553257
33888,54.038708
33889,36.37017
33890,42.251644
33891,42.251644
33892,45.4064
33893,48.563766
33894,51.32515
33895,54.2576
33896,36.80788
33897,42.552334
33898,42.552334
33899,45.783306
33900,48.903046
33901,52.433643
33902,54.908577
33903,37.45499
33904,43.339687
33905,43.339687
33906,46.692516
33907,49.97669
33908,53.330498
33909,55.798473
33910,38.078106
33911,43.73587
33912,43.73587
33913,46.781467
33914,50.496407
33915,53.43963
33916,56.237537
33917,38.84782
33918,44.719933
33919,44.719933
33920,47.4763
33921,51.31713
33922,54.260353
33923,56.72833
33924,39.094547
33925,44.96666
33926,44.96666
33927,48.164455
33928,51.755447
33929,54.68045
33930,67.43644
33931,77.2854
33932,75.33467
33933,81.5213
33934,89.59623
33935,97.283936
33936,98.26952
33937,67.602585
33938,78.52807
33939,77.56265
33940,83.43756
33941,89.10969
33942,94.70459
33943,98.61786
33944,68.06588
33945,78.7994
33946,78.7994
33947,83.43756
33948,89.10969
33949,94.60151
33950,98.61786
33951,68.06588
33952,78.7994
33953,78.7994
33954,83.43756
33955,89.10969
33956,94.60151
33957,98.61786
33958,68.06588
33959,78.7994
33960,78.7994
33961,83.64943
33962,89.321556
33963,94.81338
33964,98.7763
33965,68.22297
33966,79.01127
33967,79.01127
33968,83.64943
33969,89.321556
33970,94.81338
33971,98.7763
33972,68.22297
33973,79.368324
33974,79.368324
33975,83.64943
33976,89.321556
33977,94.81338
33978,98.7763
33979,68.22297
33980,79.368324
33981,79.368324
33982,83.64943
33983,89.321556
33984,94.81338
33985,98.7763
33986,68.22297
33987,79.368324
33988,79.368324
33989,83.74316
33990,89.33339
33991,94.82521
33992,98.827
33993,68.316696
33994,79.46205
33995,79.46205
33996,83.74316
33997,89.33339
33998,94.82521
33999,98.827
34000,68.316696
34001,79.46205
34002,79.46205
34003,83.74316
34004,89.33339
34005,94.82521
34006,98.827
34007,68.316696
34008,79.46205
34009,79.46205
34010,83.74316
34011,89.33339
34012,94.82521
34013,98.827
34014,68.316696
34015,79.46205
34016,79.46205
34017,83.74316
34018,89.33339
34019,94.82521
34020,59.714764
34021,66.78084
34022,66.104744
34023,68.5443
34024,79.97475
34025,83.535835
34026,85.95994
34027,58.606373
34028,66.92716
34029,66.92716
34030,71.43869
34031,77.68411
34032,81.98503
34033,85.61155
34034,57.680622
34035,66.92716
34036,66.92716
34037,71.987045
34038,77.61934
34039,81.98503
34040,85.61155
34041,57.021248
34042,66.92716
34043,66.92716
34044,71.987045
34045,77.61934
34046,81.98503
34047,85.61155
34048,57.021248
34049,66.92716
34050,66.92716
34051,72.3235
34052,77.955795
34053,82.32149
34054,85.94722
34055,57.250084
34056,67.26362
34057,67.26362
34058,72.3235
34059,77.955795
34060,82.32149
34061,85.94722
34062,57.250084
34063,67.50758
34064,67.50758
34065,72.3235
34066,77.955795
34067,82.32149
34068,85.94722
34069,57.250084
34070,67.50758
34071,67.50758
34072,72.3235
34073,77.955795
34074,82.32149
34075,85.94722
34076,57.250084
34077,67.50758
34078,67.50758
34079,72.41723
34080,77.96763
34081,82.33332
34082,85.997925
34083,57.28873
34084,67.60131
34085,67.60131
34086,72.41723
34087,77.96763
34088,82.33332
34089,85.997925
34090,57.28873
34091,67.60131
34092,67.60131
34093,72.41723
34094,77.96763
34095,82.33332
34096,85.997925
34097,57.28873
34098,67.60131
34099,67.60131
34100,72.41723
34101,77.96763
34102,82.33332
34103,85.997925
34104,57.28873
34105,67.60131
34106,67.60131
34107,72.41723
34108,77.96763
34109,82.33332
34110,64.358864
34111,72.02488
34112,70.74199
34113,77.910355
34114,87.17449
34115,84.3974
34116,91.82346
34117,63.09082
34118,72.73008
34119,72.02488
34120,78.04339
34121,83.09477
34122,87.08709
34123,91.59203
34124,63.029743
34125,72.73008
34126,72.73008
34127,78.04339
34128,83.06592
34129,87.57743
34130,91.74268
34131,63.09082
34132,73.320465
34133,73.320465
34134,78.04339
34135,83.06592
34136,87.57743
34137,91.74268
34138,63.09082
34139,73.320465
34140,73.320465
34141,78.34292
34142,83.36545
34143,87.87696
34144,92.026184
34145,63.335583
34146,73.619995
34147,73.619995
34148,79.13083
34149,84.71235
34150,88.89017
34151,93.182396
34152,63.85344
34153,74.2679
34154,74.2679
34155,79.487885
34156,84.71235
34157,88.79107
34158,92.75658
34159,63.85344
34160,74.62545
34161,74.62545
34162,79.487885
34163,84.71235
34164,88.79107
34165,93.182396
34166,63.85344
34167,74.62545
34168,74.62545
34169,79.58161
34170,84.72418
34171,88.8029
34172,92.80728
34173,63.947163
34174,74.71918
34175,74.71918
34176,79.58161
34177,84.72418
34178,88.8029
34179,93.2331
34180,63.947163
34181,74.71918
34182,74.71918
34183,79.58161
34184,84.72418
34185,88.8029
34186,92.80728
34187,63.947163
34188,74.71918
34189,74.71918
34190,79.58161
34191,84.72418
34192,88.8029
34193,93.2331
34194,63.947163
34195,74.71918
34196,74.71918
34197,79.58161
34198,84.72418
34199,88.8029
34200,28.141256
34201,32.78489
34202,30.420246
34203,31.54928
34204,35.991325
34205,37.64897
34206,40.010582
34207,27.115454
34208,31.342384
34209,31.342384
34210,33.099724
34211,35.80432
34212,38.307148
34213,40.010582
34214,27.115454
34215,31.454746
34216,31.454746
34217,33.26354
34218,35.80432
34219,38.307148
34220,40.010582
34221,27.115454
34222,31.454746
34223,31.454746
34224,33.26354
34225,35.80432
34226,38.307148
34227,40.010582
34228,27.115454
34229,31.454746
34230,31.454746
34231,33.521805
34232,36.062588
34233,38.565414
34234,40.728855
34235,27.630116
34236,32.06801
34237,32.600006
34238,34.50277
34239,36.85384
34240,39.334286
34241,41.235718
34242,28.235023
34243,32.66696
34244,32.79732
34245,34.82159
34246,37.090527
34247,39.76841
34248,41.563515
34249,28.545528
34250,33.089336
34251,33.089336
34252,35.402843
34253,37.78883
34254,40.362
34255,42.16988
34256,29.401524
34257,33.83712
34258,33.83712
34259,36.189274
34260,38.226284
34261,41.257565
34262,43.104317
34263,30.120102
34264,34.43044
34265,34.43044
34266,36.93858
34267,39.250973
34268,41.57093
34269,43.579914
34270,30.883852
34271,35.217224
34272,35.217224
34273,37.476646
34274,39.844387
34275,42.16434
34276,44.62482
34277,31.226294
34278,35.55967
34279,36.151443
34280,38.527916
34281,40.632404
34282,42.95236
34283,45.150978
34284,31.612627
34285,36.254726
34286,36.32468
34287,38.6312
34288,40.805576
34289,43.234528
34290,37.99616
34291,42.16739
34292,41.336895
34293,46.20622
34294,48.63295
34295,51.57482
34296,52.622692
34297,36.948185
34298,42.129818
34299,42.129818
34300,45.486393
34301,48.4687
34302,51.57482
34303,54.000114
34304,36.64821
34305,42.294067
34306,42.294067
34307,45.486393
34308,48.63295
34309,51.57482
34310,54.000114
34311,36.64821
34312,42.294067
34313,42.294067
34314,45.486393
34315,48.63295
34316,51.57482
34317,54.000114
34318,36.64821
34319,42.294067
34320,42.294067
34321,45.74466
34322,48.891216
34323,51.833088
34324,54.2576
34325,36.80788
34326,43.30104
34327,43.30104
34328,46.215622
34329,49.282413
34330,52.421814
34331,54.857876
34332,37.739483
34333,43.608273
34334,43.608273
34335,46.65387
34336,50.320633
34337,53.31867
34338,55.856903
34339,38.12841
34340,43.697224
34341,43.697224
34342,46.74282
34343,50.484577
34344,53.4278
34345,56.186836
34346,38.809174
34347,44.681286
34348,44.681286
34349,47.4763
34350,51.31713
34351,54.260353
34352,56.72833
34353,38.84782
34354,44.719933
34355,44.96666
34356,48.164455
34357,51.755447
34358,54.68045
34359,57.148426
34360,39.226913
34361,45.035645
34362,45.035645
34363,48.535057
34364,51.96285
34365,54.88785
34366,57.436554
34367,39.974834
34368,45.904015
34369,45.904015
34370,49.22941
34371,52.673416
34372,55.31017
34373,57.811283
34374,40.321175
34375,46.397617
34376,46.397617
34377,50.06673
34378,53.064095
34379,56.117683
34380,34.913097
34381,40.75383
34382,41.993378
34383,45.148132
34384,49.728973
34385,50.451294
34386,51.43718
34387,35.823154
34388,41.606033
34389,41.993378
34390,45.216946
34391,48.363503
34392,50.29499
34393,53.29383
34394,36.2105
34395,41.993378
34396,41.993378
34397,45.216946
34398,48.363503
34399,50.961685
34400,54.000114
34401,36.48396
34402,42.129818
34403,42.129818
34404,45.322144
34405,48.4687
34406,51.066883
34407,54.000114
34408,36.48396
34409,42.129818
34410,42.129818
34411,45.58041
34412,48.726967
34413,51.833088
34414,54.2576
34415,36.80788
34416,42.552334
34417,42.552334
34418,46.215622
34419,49.282413
34420,52.421814
34421,54.857876
34422,37.416344
34423,43.30104
34424,43.608273
34425,46.65387
34426,49.96486
34427,53.31867
34428,55.747772
34429,38.12841
34430,43.697224
34431,43.697224
34432,46.74282
34433,50.484577
34434,53.4278
34435,55.856903
34436,38.809174
34437,44.681286
34438,44.681286
34439,47.4763
34440,51.31713
34441,54.260353
34442,56.72833
34443,38.84782
34444,44.719933
34445,44.96666
34446,48.164455
34447,51.755447
34448,54.68045
34449,57.148426
34450,39.226913
34451,45.035645
34452,45.035645
34453,48.535057
34454,51.96285
34455,54.88785
34456,57.436554
34457,39.974834
34458,45.904015
34459,45.904015
34460,49.22941
34461,52.673416
34462,55.31017
34463,57.811283
34464,40.321175
34465,46.397617
34466,46.397617
34467,50.06673
34468,53.064095
34469,56.117683
34470,31.481617
34471,34.838177
34472,35.33271
34473,37.63923
34474,39.387287
34475,42.77098
34476,43.86514
34477,31.027977
34478,35.262756
34479,35.262756
34480,37.63923
34481,40.025784
34482,42.34574
34483,44.316635
34484,31.027977
34485,35.262756
34486,35.262756
34487,37.63923
34488,40.025784
34489,42.34574
34490,44.316635
34491,31.027977
34492,35.262756
34493,35.262756
34494,37.63923
34495,40.025784
34496,42.34574
34497,44.316635
34498,31.027977
34499,35.262756
34500,35.262756
34501,37.897495
34502,40.620575
34503,42.94053
34504,44.91064
34505,31.423407
34506,36.112797
34507,36.21608
34508,38.592552
34509,40.793747
34510,43.2227
34511,45.100277
34512,31.57398
34513,36.286034
34514,36.286034
34515,38.592552
34516,40.793747
34517,43.2227
34518,45.525517
34519,31.57398
34520,36.286034
34521,36.286034
34522,38.592552
34523,40.793747
34524,43.2227
34525,45.525517
34526,31.57398
34527,36.286034
34528,36.286034
34529,38.6312
34530,40.805576
34531,43.234528
34532,45.576218
34533,31.612627
34534,36.32468
34535,36.32468
34536,38.6312
34537,40.805576
34538,43.234528
34539,45.576218
34540,31.612627
34541,36.32468
34542,36.32468
34543,38.6312
34544,40.805576
34545,43.234528
34546,45.576218
34547,31.612627
34548,36.32468
34549,36.32468
34550,38.6312
34551,40.805576
34552,43.234528
34553,45.576218
34554,31.612627
34555,36.32468
34556,36.32468
34557,38.6312
34558,40.805576
34559,43.234528
34560,24.917315
34561,27.292593
34562,28.397408
34563,30.082817
34564,32.291527
34565,34.899895
34566,35.551327
34567,24.652384
34568,28.331509
34569,28.331509
34570,30.31729
34571,32.291527
34572,34.405533
34573,35.902084
34574,24.652384
34575,28.331509
34576,28.331509
34577,30.31729
34578,32.291527
34579,34.405533
34580,35.902084
34581,24.652384
34582,28.331509
34583,28.331509
34584,30.31729
34585,32.291527
34586,34.405533
34587,35.902084
34588,24.652384
34589,28.331509
34590,28.331509
34591,30.575552
34592,32.549793
34593,34.6638
34594,36.721718
34595,25.058819
34596,28.960308
34597,28.960308
34598,31.170397
34599,33.144634
34600,35.193405
34601,37.591373
34602,25.50637
34603,29.677654
34604,29.677654
34605,31.540813
34606,34.2271
34607,36.30756
34608,38.532597
34609,25.997463
34610,30.234661
34611,30.321972
34612,32.535545
34613,34.785717
34614,37.005493
34615,39.56546
34616,26.699572
34617,31.181242
34618,31.181242
34619,32.91761
34620,35.837288
34621,38.41343
34622,40.154953
34623,27.066696
34624,31.751656
34625,31.751656
34626,33.56045
34627,36.53521
34628,39.038033
34629,40.779556
34630,28.200764
34631,32.638653
34632,32.638653
34633,34.647743
34634,36.971996
34635,39.452442
34636,41.614216
34637,28.584175
34638,32.835968
34639,32.835968
34640,34.860237
34641,37.68361
34642,40.13201
34643,41.978764
34644,28.876194
34645,33.691963
34646,33.691963
34647,36.00547
34648,38.226284
34649,40.59626
34650,23.257095
34651,25.611748
34652,25.229845
34653,26.793184
34654,28.173565
34655,29.774818
34656,31.072104
34657,22.372927
34658,25.507214
34659,25.507214
34660,26.839888
34661,28.749628
34662,30.48269
34663,31.913448
34664,22.668003
34665,25.85659
34666,25.85659
34667,27.272526
34668,29.37588
34669,31.515898
34670,32.86825
34671,22.844666
34672,26.033253
34673,26.033253
34674,27.830334
34675,30.078417
34676,31.716587
34677,33.068943
34678,23.028023
34679,26.21661
34680,26.21661
34681,28.525639
34682,30.590366
34683,32.228542
34684,33.580112
34685,23.506338
34686,26.790743
34687,27.011648
34688,28.808733
34689,30.873463
34690,32.78095
34691,34.504353
34692,23.93449
34693,27.181318
34694,27.589113
34695,29.546011
34696,31.77248
34697,33.67997
34698,35.577724
34699,24.405334
34700,28.145441
34701,28.370298
34702,30.406982
34703,32.376583
34704,34.32628
34705,36.15957
34706,24.812054
34707,28.589771
34708,28.960308
34709,31.031105
34710,32.978523
34711,35.143665
34712,37.15346
34713,25.136936
34714,29.176899
34715,29.716301
34716,31.57946
34717,33.72068
34718,35.693848
34719,38.550663
34720,26.03611
34721,30.273308
34722,30.273308
34723,32.217655
34724,34.358875
34725,36.806007
34726,39.190292
34727,26.738218
34728,31.072397
34729,31.072397
34730,32.91761
34731,35.431576
34732,38.057068
34733,40.154953
34734,26.915806
34735,31.639294
34736,31.751656
34737,33.56045
34738,36.074417
34739,39.038033
34740,18.238604
34741,22.86264
34742,22.158743
34743,24.100634
34744,25.5177
34745,26.855244
34746,28.75791
34747,19.355988
34748,22.871258
34749,22.871258
34750,24.738998
34751,25.768314
34752,28.074272
34753,29.174637
34754,20.021564
34755,23.247503
34756,23.247503
34757,25.159815
34758,26.51129
34759,28.282976
34760,29.553766
34761,20.72462
34762,23.828522
34763,23.828522
34764,25.416346
34765,27.2471
34766,29.018787
34767,30.289577
34768,21.168205
34769,24.455036
34770,24.455036
34771,26.301123
34772,27.80765
34773,30.098984
34774,31.30309
34775,21.858477
34776,25.39361
34777,25.39361
34778,27.09815
34779,29.00789
34780,30.81935
34781,32.170933
34782,22.718946
34783,26.114853
34784,26.291515
34785,28.088596
34786,30.15332
34787,31.97485
34788,33.326427
34789,23.226955
34790,26.728558
34791,26.728558
34792,28.587824
34793,30.652552
34794,32.78095
34795,34.070335
34796,23.764824
34797,27.181318
34798,27.181318
34799,29.281397
34800,31.319315
34801,33.530056
34802,35.250748
34803,24.046204
34804,27.936033
34805,28.184088
34806,30.206892
34807,32.35087
34808,34.300564
34809,35.897057
34810,24.668839
34811,28.628418
34812,28.628418
34813,30.614199
34814,32.978523
34815,35.143665
34816,36.77242
34817,25.136936
34818,29.176899
34819,29.176899
34820,31.209044
34821,33.72068
34822,35.693848
34823,37.642075
34824,25.545017
34825,30.273308
34826,30.273308
34827,32.130344
34828,34.271564
34829,36.352024
34830,39.776516
34831,45.517372
34832,44.669746
34833,48.429733
34834,51.48535
34835,53.990257
34836,55.421413
34837,38.89623
34838,44.843758
34839,44.42302
34840,47.784016
34841,51.238625
34842,53.990257
34843,56.420143
34844,38.6495
34845,44.42302
34846,44.42302
34847,47.620815
34848,51.238625
34849,53.990257
34850,56.420143
34851,38.6495
34852,44.42302
34853,44.42302
34854,47.620815
34855,51.238625
34856,53.990257
34857,56.420143
34858,38.6495
34859,44.42302
34860,44.42302
34861,47.87908
34862,51.49689
34863,54.248524
34864,56.677628
34865,38.809174
34866,44.681286
34867,44.928013
34868,48.12581
34869,51.743618
34870,54.66862
34871,57.097725
34872,39.188267
34873,44.996998
34874,44.996998
34875,48.49641
34876,51.95102
34877,54.876022
34878,57.385853
34879,39.188267
34880,44.996998
34881,44.996998
34882,48.49641
34883,51.95102
34884,54.876022
34885,57.385853
34886,39.188267
34887,44.996998
34888,44.996998
34889,48.535057
34890,51.96285
34891,54.88785
34892,57.436554
34893,39.974834
34894,45.730003
34895,45.730003
34896,49.22941
34897,52.226772
34898,55.31017
34899,57.811283
34900,40.321175
34901,46.304554
34902,46.304554
34903,50.06673
34904,53.064095
34905,56.117683
34906,58.67645
34907,40.487133
34908,47.047836
34909,47.047836
34910,51.036324
34911,53.81125
34912,56.695255
34913,59.930237
34914,41.246258
34915,47.755543
34916,47.855656
34917,51.60523
34918,54.205257
34919,57.818737
34920,31.263737
34921,35.772396
34922,36.26522
34923,40.06457
34924,42.639847
34925,46.72733
34926,50.652443
34927,32.599094
34928,37.693817
34929,37.76377
34930,40.933575
34931,43.653088
34932,46.342094
34933,49.240067
34934,33.36118
34935,38.66296
34936,38.66296
34937,40.933575
34938,43.653088
34939,46.342094
34940,49.240067
34941,33.36118
34942,38.66296
34943,38.66296
34944,40.933575
34945,43.653088
34946,46.342094
34947,49.240067
34948,33.36118
34949,38.66296
34950,38.66296
34951,41.19184
34952,43.911354
34953,46.60036
34954,49.49755
34955,33.52085
34956,38.921227
34957,38.921227
34958,41.19184
34959,43.911354
34960,46.60036
34961,49.49755
34962,33.52085
34963,38.921227
34964,38.921227
34965,41.19184
34966,43.911354
34967,46.60036
34968,49.49755
34969,33.52085
34970,38.921227
34971,38.921227
34972,41.19184
34973,43.911354
34974,46.60036
34975,49.49755
34976,33.52085
34977,38.921227
34978,38.921227
34979,41.230488
34980,43.923183
34981,46.61219
34982,49.548252
34983,33.559498
34984,38.959873
34985,38.959873
34986,41.230488
34987,43.923183
34988,46.61219
34989,49.548252
34990,33.559498
34991,38.959873
34992,38.959873
34993,41.230488
34994,43.923183
34995,46.61219
34996,49.548252
34997,33.559498
34998,38.959873
34999,38.959873
35000,41.230488
35001,43.923183
35002,46.61219
35003,49.548252
35004,33.559498
35005,38.959873
35006,38.959873
35007,41.230488
35008,43.923183
35009,46.61219
35010,32.159203
35011,36.041534
35012,34.525196
35013,38.334286
35014,40.53548
35015,43.107502
35016,44.316635
35017,31.41431
35018,35.924484
35019,35.85453
35020,38.334286
35021,40.53548
35022,42.96443
35023,44.842793
35024,31.41431
35025,35.957813
35026,35.957813
35027,38.334286
35028,40.53548
35029,42.96443
35030,44.842793
35031,31.41431
35032,35.957813
35033,35.957813
35034,38.334286
35035,40.53548
35036,42.96443
35037,44.842793
35038,31.41431
35039,35.957813
35040,35.957813
35041,38.592552
35042,40.793747
35043,43.2227
35044,45.100277
35045,31.57398
35046,36.21608
35047,36.21608
35048,38.592552
35049,40.793747
35050,43.2227
35051,45.525517
35052,31.57398
35053,36.286034
35054,36.286034
35055,38.592552
35056,40.793747
35057,43.2227
35058,45.525517
35059,31.57398
35060,36.286034
35061,36.286034
35062,38.592552
35063,40.793747
35064,43.2227
35065,45.525517
35066,31.57398
35067,36.286034
35068,36.286034
35069,38.6312
35070,40.805576
35071,43.234528
35072,45.576218
35073,31.612627
35074,36.32468
35075,36.32468
35076,38.6312
35077,40.805576
35078,43.234528
35079,45.576218
35080,31.612627
35081,36.32468
35082,36.32468
35083,38.6312
35084,40.805576
35085,43.234528
35086,45.576218
35087,31.612627
35088,36.32468
35089,36.32468
35090,38.6312
35091,40.805576
35092,43.234528
35093,45.576218
35094,31.612627
35095,36.32468
35096,36.32468
35097,38.6312
35098,40.805576
35099,43.234528
35100,19.73597
35101,21.859274
35102,23.395002
35103,25.207092
35104,25.526318
35105,26.824154
35106,31.212385
35107,20.128748
35108,23.257442
35109,23.513668
35110,25.254313
35111,26.51129
35112,28.340475
35113,30.289577
35114,20.72462
35115,23.828522
35116,24.08672
35117,25.674543
35118,27.2471
35119,29.216541
35120,30.487331
35121,21.168205
35122,24.455036
35123,24.455036
35124,26.04286
35125,28.107664
35126,29.840721
35127,31.045609
35128,21.698807
35129,24.9055
35130,25.135347
35131,26.881014
35132,28.904535
35133,30.740953
35134,32.09255
35135,22.452272
35136,26.020355
35137,26.114853
35138,27.984062
35139,30.087418
35140,31.77416
35141,33.326427
35142,23.187693
35143,26.728558
35144,26.728558
35145,28.525639
35146,30.652552
35147,32.290726
35148,34.070335
35149,23.764824
35150,27.011648
35151,27.181318
35152,29.24275
35153,31.307484
35154,33.214966
35155,35.038303
35156,24.007557
35157,27.897387
35158,27.897387
35159,30.206892
35160,32.032368
35161,34.300564
35162,35.859512
35163,24.668839
35164,28.446487
35165,28.628418
35166,30.614199
35167,32.561623
35168,35.143665
35169,36.77242
35170,25.097466
35171,29.176899
35172,29.176899
35173,31.209044
35174,33.72068
35175,35.693848
35176,37.642075
35177,25.545017
35178,30.273308
35179,30.273308
35180,32.130344
35181,34.271564
35182,36.352024
35183,38.698063
35184,26.382975
35185,30.717155
35186,30.717155
35187,32.709446
35188,35.22341
35189,37.44319
35190,28.886152
35191,30.857075
35192,31.388842
35193,34.326637
35194,36.595573
35195,38.451946
35196,41.73127
35197,28.002447
35198,32.34174
35199,32.34174
35200,34.432964
35201,36.7019
35202,39.182346
35203,40.978233
35204,28.075354
35205,32.408695
35206,32.408695
35207,34.432964
35208,36.7019
35209,39.182346
35210,40.978233
35211,28.075354
35212,32.408695
35213,32.408695
35214,34.432964
35215,36.7019
35216,39.182346
35217,40.978233
35218,28.075354
35219,32.408695
35220,32.408695
35221,34.69123
35222,36.960167
35223,39.440613
35224,41.235718
35225,28.545528
35226,32.79732
35227,32.79732
35228,34.82159
35229,37.090527
35230,39.76841
35231,41.928062
35232,28.837547
35233,33.089336
35234,33.089336
35235,35.402843
35236,38.03065
35237,40.362
35238,42.16988
35239,29.401524
35240,33.83712
35241,33.83712
35242,36.150627
35243,38.214455
35244,40.635303
35245,43.053616
35246,30.081455
35247,34.332703
35248,34.391792
35249,36.93858
35250,39.02048
35251,41.57093
35252,43.579914
35253,30.40096
35254,35.217224
35255,35.217224
35256,37.476646
35257,39.844387
35258,42.16434
35259,44.173325
35260,31.226294
35261,35.55967
35262,35.55967
35263,38.527916
35264,40.632404
35265,42.95236
35266,44.96134
35267,31.612627
35268,36.254726
35269,36.254726
35270,38.6312
35271,40.805576
35272,43.234528
35273,45.150978
35274,31.612627
35275,36.32468
35276,36.32468
35277,38.6312
35278,40.805576
35279,43.234528
35280,25.240725
35281,27.950546
35282,28.767948
35283,30.230854
35284,31.343786
35285,34.068012
35286,36.958595
35287,24.746881
35288,28.331509
35289,28.331509
35290,30.31729
35291,32.291527
35292,34.87357
35293,36.67555
35294,24.899149
35295,28.702045
35296,28.702045
35297,30.734196
35298,32.708427
35299,34.93514
35300,36.845276
35301,24.93862
35302,28.87999
35303,28.87999
35304,30.912134
35305,32.886368
35306,34.93514
35307,36.845276
35308,24.93862
35309,28.87999
35310,28.87999
35311,31.170397
35312,33.144634
35313,35.193405
35314,37.591373
35315,25.411877
35316,29.677654
35317,29.677654
35318,31.540813
35319,34.2271
35320,36.30756
35321,38.532597
35322,25.997463
35323,30.234661
35324,30.321972
35325,32.535545
35326,34.785717
35327,37.005493
35328,39.56546
35329,26.699572
35330,31.181242
35331,31.181242
35332,32.878963
35333,35.82546
35334,38.4016
35335,40.10425
35336,27.02805
35337,31.713009
35338,31.713009
35339,33.56045
35340,36.53521
35341,39.038033
35342,40.779556
35343,28.200764
35344,32.638653
35345,32.638653
35346,34.647743
35347,36.971996
35348,39.452442
35349,41.614216
35350,28.584175
35351,32.835968
35352,32.835968
35353,34.860237
35354,37.68361
35355,40.13201
35356,41.978764
35357,28.876194
35358,33.691963
35359,33.691963
35360,36.00547
35361,38.226284
35362,40.59626
35363,42.493885
35364,29.558613
35365,34.37135
35366,34.37135
35367,36.75481
35368,39.02048
35369,41.34044
35370,20.727226
35371,25.33438
35372,25.016504
35373,25.52088
35374,26.615824
35375,28.282976
35376,29.066029
35377,21.168205
35378,24.549534
35379,24.549534
35380,25.674543
35381,27.2471
35382,29.216541
35383,30.487331
35384,21.24834
35385,24.455036
35386,24.455036
35387,26.04286
35388,28.107664
35389,29.840721
35390,31.045609
35391,21.698807
35392,24.9055
35393,25.135347
35394,26.622751
35395,28.646273
35396,30.379335
35397,31.835062
35398,22.116701
35399,25.412716
35400,25.589916
35401,27.264116
35402,29.634142
35403,31.32089
35404,33.125736
35405,23.004335
35406,26.291515
35407,26.474873
35408,28.271954
35409,30.590366
35410,32.228542
35411,33.580112
35412,23.506338
35413,26.790743
35414,27.011648
35415,28.808733
35416,30.873463
35417,32.78095
35418,34.504353
35419,23.93449
35420,27.181318
35421,27.589113
35422,29.546011
35423,31.77248
35424,33.67997
35425,35.577724
35426,24.405334
35427,28.145441
35428,28.370298
35429,30.44563
35430,32.388412
35431,34.593494
35432,36.21027
35433,24.8507
35434,28.998955
35435,28.998955
35436,31.031105
35437,33.156464
35438,35.205235
35439,37.15346
35440,25.450523
35441,29.716301
35442,29.716301
35443,31.57946
35444,33.72068
35445,36.31939
35446,38.550663
35447,26.03611
35448,30.273308
35449,30.360619
35450,32.217655
35451,34.715412
35452,37.017323
35453,39.61616
35454,26.738218
35455,31.072397
35456,31.219889
35457,32.91761
35458,35.837288
35459,38.41343
35460,15.119049
35461,17.260632
35462,17.52422
35463,18.98497
35464,20.03314
35465,20.409346
35466,23.950462
35467,15.911859
35468,18.492971
35469,18.492971
35470,19.50398
35471,21.105722
35472,22.031528
35473,24.048592
35474,16.6872
35475,19.075
35476,19.075
35477,20.346127
35478,22.097687
35479,23.530272
35480,24.70947
35481,17.170895
35482,19.910934
35483,19.910934
35484,21.209236
35485,22.96516
35486,24.436514
35487,25.468214
35488,17.825678
35489,20.317238
35490,20.78624
35491,22.622892
35492,23.710707
35493,25.577393
35494,26.817024
35495,18.687359
35496,21.976156
35497,21.976156
35498,23.778683
35499,25.068624
35500,26.808022
35501,28.284386
35502,19.454657
35503,22.77018
35504,22.83118
35505,24.807648
35506,26.026577
35507,27.741316
35508,29.432117
35509,20.288418
35510,23.505766
35511,23.624432
35512,25.418077
35513,26.931585
35514,28.703272
35515,29.97328
35516,21.142485
35517,24.344982
35518,24.713299
35519,26.33977
35520,27.714947
35521,29.486635
35522,31.353792
35523,21.897123
35524,25.20241
35525,25.432257
35526,26.91966
35527,29.019722
35528,30.752785
35529,32.221634
35530,22.757593
35531,26.1535
35532,26.330162
35533,28.022709
35534,30.165152
35535,31.98668
35536,33.37713
35537,23.265602
35538,26.767204
35539,26.767204
35540,28.62647
35541,30.664383
35542,32.792778
35543,34.121037
35544,23.973137
35545,27.219965
35546,27.219965
35547,29.281397
35548,31.622574
35549,33.6918
35550,18.21384
35551,19.558495
35552,19.351593
35553,20.768257
35554,23.69444
35555,25.166935
35556,24.428396
35557,17.825678
35558,20.317238
35559,20.317238
35560,22.148483
35561,23.599943
35562,25.132513
35563,25.9555
35564,18.238604
35565,21.231073
35566,21.231073
35567,23.355505
35568,24.178154
35569,25.915285
35570,26.946985
35571,18.692606
35572,21.962942
35573,22.158743
35574,24.13521
35575,24.810362
35576,27.031075
35577,28.026905
35578,19.294987
35579,22.511917
35580,22.620644
35581,24.807648
35582,25.93208
35583,27.84585
35584,29.432117
35585,20.181234
35586,23.505766
35587,23.624432
35588,25.418077
35589,26.769552
35590,28.703272
35591,29.97328
35592,21.142485
35593,24.344982
35594,24.344982
35595,26.301123
35596,27.703115
35597,29.474804
35598,31.30309
35599,21.70455
35600,25.163763
35601,25.163763
35602,26.881014
35603,28.904535
35604,30.740953
35605,32.09255
35606,22.452272
35607,26.114853
35608,26.114853
35609,28.022709
35610,30.099249
35611,31.785992
35612,33.37713
35613,23.22634
35614,26.767204
35615,26.767204
35616,28.62647
35617,30.664383
35618,32.792778
35619,34.121037
35620,23.80347
35621,27.219965
35622,27.219965
35623,29.281397
35624,31.622574
35625,33.6918
35626,35.250748
35627,24.443981
35628,28.184088
35629,28.184088
35630,30.44563
35631,32.35087
35632,34.338108
35633,36.21027
35634,24.8507
35635,28.628418
35636,28.998955
35637,31.031105
35638,32.978523
35639,35.205235
35640,14.863698
35641,17.014452
35642,17.52422
35643,19.162037
35644,20.837822
35645,21.194416
35646,23.032883
35647,15.911859
35648,18.492971
35649,18.564348
35650,19.710882
35651,21.105722
35652,22.605976
35653,24.048592
35654,16.894302
35655,19.075
35656,19.351593
35657,20.622719
35658,22.097687
35659,23.530272
35660,24.70947
35661,17.436504
35662,19.910934
35663,19.910934
35664,21.61554
35665,22.96516
35666,24.436514
35667,25.468214
35668,17.825678
35669,20.78624
35670,20.821648
35671,22.622892
35672,23.710707
35673,25.577393
35674,26.817024
35675,18.687359
35676,21.976156
35677,21.976156
35678,23.778683
35679,25.068624
35680,26.808022
35681,28.284386
35682,19.454657
35683,22.77018
35684,22.83118
35685,24.807648
35686,26.026577
35687,27.741316
35688,29.432117
35689,20.288418
35690,23.505766
35691,23.624432
35692,25.418077
35693,26.931585
35694,28.703272
35695,29.97328
35696,21.142485
35697,24.344982
35698,24.713299
35699,26.33977
35700,27.714947
35701,29.486635
35702,31.353792
35703,21.897123
35704,25.20241
35705,25.432257
35706,26.91966
35707,29.019722
35708,30.752785
35709,32.221634
35710,22.757593
35711,26.1535
35712,26.330162
35713,28.022709
35714,30.165152
35715,31.98668
35716,33.37713
35717,23.265602
35718,26.767204
35719,26.767204
35720,28.62647
35721,30.664383
35722,32.792778
35723,34.121037
35724,23.973137
35725,27.219965
35726,27.219965
35727,29.281397
35728,31.622574
35729,33.6918
35730,24.340162
35731,27.688147
35732,28.397408
35733,30.14872
35734,32.080772
35735,34.257496
35736,37.616936
35737,24.652384
35738,28.331509
35739,28.702045
35740,30.734196
35741,32.708427
35742,34.93514
35743,37.128323
35744,24.93862
35745,28.87999
35746,28.87999
35747,30.912134
35748,32.886368
35749,34.93514
35750,37.128323
35751,24.93862
35752,28.87999
35753,28.87999
35754,30.912134
35755,32.886368
35756,34.93514
35757,37.128323
35758,24.93862
35759,28.87999
35760,28.87999
35761,31.170397
35762,33.144634
35763,35.68202
35764,37.87442
35765,25.411877
35766,29.677654
35767,29.677654
35768,32.059063
35769,34.2271
35770,36.340195
35771,38.532597
35772,25.997463
35773,30.321972
35774,30.678509
35775,32.535545
35776,34.785717
35777,37.431362
35778,39.56546
35779,26.892637
35780,31.181242
35781,31.527334
35782,33.284676
35783,35.898773
35784,38.4016
35785,40.268066
35786,27.02805
35787,31.713009
35788,32.06801
35789,34.28091
35790,36.53521
35791,39.29854
35792,41.040062
35793,28.200764
35794,32.70561
35795,32.70561
35796,34.729877
35797,37.102356
35798,39.78024
35799,41.614216
35800,28.584175
35801,33.127983
35802,33.127983
35803,35.44149
35804,37.80066
35805,40.37383
35806,42.22058
35807,29.44017
35808,33.875767
35809,33.875767
35810,36.189274
35811,38.226284
35812,41.257565
35813,43.104317
35814,30.120102
35815,34.43044
35816,34.43044
35817,36.93858
35818,39.250973
35819,41.57093
35820,20.934128
35821,24.950603
35822,24.719969
35823,25.254313
35824,26.681725
35825,27.587587
35826,27.636658
35827,20.72462
35828,23.828522
35829,23.828522
35830,25.254313
35831,26.51129
35832,28.282976
35833,29.541307
35834,20.72462
35835,23.828522
35836,23.828522
35837,25.416346
35838,27.2471
35839,29.018787
35840,30.289577
35841,21.168205
35842,24.455036
35843,24.455036
35844,26.04286
35845,27.549387
35846,29.282442
35847,31.045609
35848,21.54488
35849,24.751572
35850,24.751572
35851,26.597658
35852,28.419436
35853,30.637598
35854,31.98919
35855,22.276371
35856,25.670979
35857,25.753681
35858,27.530788
35859,29.634142
35860,31.77416
35861,33.125736
35862,23.004335
35863,26.474873
35864,26.474873
35865,28.525639
35866,30.590366
35867,32.228542
35868,33.580112
35869,23.506338
35870,27.011648
35871,27.011648
35872,28.808733
35873,30.873463
35874,33.214966
35875,34.504353
35876,23.93449
35877,27.589113
35878,27.589113
35879,29.892931
35880,31.784311
35881,34.069477
35882,35.628426
35883,24.668839
35884,28.408945
35885,28.446487
35886,30.483171
35887,32.561623
35888,34.67563
35889,36.21027
35890,25.097466
35891,28.998955
35892,28.998955
35893,31.209044
35894,33.156464
35895,35.205235
35896,37.15346
35897,25.545017
35898,29.716301
35899,29.716301
35900,31.57946
35901,34.23893
35902,36.31939
35903,38.583298
35904,26.03611
35905,30.360619
35906,30.360619
35907,32.574192
35908,34.797546
35909,37.44319
35910,22.421722
35911,25.865887
35912,27.005957
35913,27.896235
35914,29.895058
35915,30.561087
35916,32.240486
35917,22.844666
35918,26.21661
35919,26.321144
35920,27.830334
35921,29.895058
35922,31.515898
35923,33.068943
35924,23.028023
35925,26.21661
35926,26.21661
35927,28.01369
35928,30.078417
35929,31.970276
35930,33.322628
35931,23.214785
35932,26.470295
35933,26.470295
35934,28.267376
35935,30.332104
35936,32.03246
35937,33.322628
35938,23.346668
35939,26.53248
35940,26.53248
35941,28.587824
35942,30.652552
35943,32.78095
35944,34.070335
35945,23.764824
35946,27.011648
35947,27.181318
35948,29.24275
35949,31.307484
35950,33.518227
35951,35.200047
35952,24.007557
35953,27.897387
35954,28.145441
35955,30.168245
35956,32.33904
35957,34.288734
35958,35.846355
35959,24.630192
35960,28.589771
35961,28.589771
35962,30.575552
35963,32.549793
35964,35.131836
35965,36.721718
35966,25.058819
35967,29.138252
35968,29.138252
35969,31.209044
35970,33.156464
35971,35.693848
35972,37.642075
35973,25.545017
35974,29.782204
35975,30.273308
35976,32.09771
35977,34.271564
35978,36.352024
35979,38.583298
35980,26.039036
35981,30.717155
35982,30.717155
35983,32.574192
35984,35.22341
35985,37.44319
35986,39.824326
35987,26.931284
35988,31.56598
35989,31.639294
35990,33.396637
35991,36.074417
35992,38.577244
35993,40.779556
35994,27.421684
35995,32.106655
35996,32.106655
35997,34.541416
35998,36.86567
35999,39.346115
36000,14.058785
36001,16.251484
36002,16.251484
36003,17.867197
36004,20.690323
36005,21.428497
36006,23.389095
36007,15.420581
36008,18.0155
36009,18.0155
36010,19.432604
36011,21.105722
36012,22.254124
36013,23.741749
36014,16.335348
36015,18.9162
36016,18.9162
36017,20.346127
36018,21.821095
36019,23.530272
36020,24.70947
36021,17.170895
36022,19.351593
36023,19.351593
36024,21.209236
36025,22.450127
36026,24.03021
36027,25.468214
36028,17.707062
36029,20.317238
36030,20.317238
36031,21.953934
36032,23.574694
36033,25.182062
36034,26.421694
36035,18.398273
36036,21.489336
36037,21.976156
36038,23.505041
36039,24.436417
36040,26.34073
36041,27.80307
36042,19.048077
36043,22.638655
36044,22.638655
36045,24.746647
36046,25.681465
36047,27.32222
36048,28.840899
36049,19.912172
36050,23.398582
36051,23.398582
36052,25.299412
36053,26.650887
36054,28.541239
36055,29.798788
36056,20.65021
36057,24.086784
36058,24.344982
36059,25.971453
36060,27.714947
36061,29.486635
36062,30.795515
36063,21.663057
36064,25.048481
36065,25.20241
36066,26.689814
36067,28.916367
36068,30.64943
36069,32.14325
36070,22.49092
36071,26.1535
36072,26.1535
36073,28.022709
36074,30.099249
36075,31.785992
36076,33.37713
36077,23.265602
36078,26.767204
36079,26.767204
36080,28.62647
36081,30.664383
36082,32.792778
36083,34.121037
36084,23.973137
36085,27.219965
36086,27.219965
36087,29.281397
36088,31.622574
36089,33.6918
36090,18.898352
36091,19.704033
36092,21.02032
36093,21.843513
36094,23.841791
36095,25.873755
36096,27.824615
36097,18.527689
36098,21.483812
36099,21.798025
36100,23.411694
36101,24.810362
36102,26.549759
36103,28.13144
36104,19.211786
36105,22.380392
36106,22.511917
36107,24.488384
36108,25.484203
36109,27.063957
36110,28.583418
36111,19.752502
36112,22.871258
36113,22.871258
36114,25.00806
36115,26.359535
36116,28.178806
36117,29.308193
36118,20.332764
36119,23.366169
36120,23.366169
36121,25.512575
36122,26.931585
36123,28.703272
36124,29.97328
36125,21.142485
36126,24.344982
36127,24.344982
36128,26.301123
36129,27.703115
36130,29.474804
36131,31.30309
36132,21.70455
36133,25.163763
36134,25.163763
36135,26.881014
36136,28.904535
36137,30.740953
36138,32.09255
36139,22.452272
36140,26.114853
36141,26.114853
36142,27.984062
36143,30.087418
36144,31.77416
36145,33.326427
36146,23.187693
36147,26.728558
36148,26.728558
36149,28.564285
36150,30.664383
36151,32.302555
36152,34.121037
36153,23.80347
36154,27.050295
36155,27.219965
36156,29.281397
36157,31.319315
36158,33.530056
36159,35.250748
36160,24.046204
36161,27.936033
36162,28.184088
36163,30.206892
36164,32.35087
36165,34.300564
36166,35.897057
36167,24.668839
36168,28.628418
36169,28.628418
36170,30.614199
36171,32.978523
36172,35.143665
36173,36.77242
36174,25.136936
36175,29.176899
36176,29.176899
36177,31.209044
36178,33.72068
36179,35.693848
36180,16.335348
36181,19.075
36182,19.704033
36183,22.046394
36184,22.206413
36185,22.603273
36186,25.955954
36187,17.436504
36188,20.317238
36189,20.317238
36190,21.804398
36191,22.96516
36192,24.289015
36193,26.164213
36194,18.121012
36195,21.055729
36196,21.055729
36197,22.75996
36198,23.847775
36199,25.706572
36200,26.946985
36201,18.527689
36202,21.798025
36203,21.798025
36204,23.52042
36205,24.810362
36206,26.549759
36207,27.54559
36208,19.211786
36209,22.380392
36210,22.380392
36211,24.746647
36212,25.681465
36213,27.32222
36214,28.840899
36215,19.912172
36216,23.398582
36217,23.398582
36218,25.299412
36219,26.650887
36220,28.541239
36221,29.798788
36222,20.65021
36223,24.086784
36224,24.344982
36225,25.932806
36226,27.703115
36227,29.474804
36228,30.744812
36229,21.327875
36230,25.009834
36231,25.009834
36232,26.651167
36233,28.419436
36234,30.637598
36235,31.98919
36236,22.276371
36237,25.765476
36238,25.848179
36239,27.569435
36240,29.645973
36241,31.785992
36242,33.176437
36243,23.22634
36244,26.51352
36245,26.51352
36246,28.564285
36247,30.602198
36248,32.302555
36249,33.630814
36250,23.80347
36251,27.050295
36252,27.050295
36253,29.281397
36254,31.319315
36255,33.226795
36256,34.858315
36257,24.046204
36258,27.936033
36259,27.936033
36260,30.206892
36261,32.032368
36262,34.300564
36263,35.859512
36264,24.668839
36265,28.446487
36266,28.628418
36267,30.614199
36268,32.561623
36269,35.143665
36270,16.6872
36271,20.393866
36272,18.564348
36273,19.50398
36274,21.576572
36275,24.436514
36276,25.955954
36277,17.436504
36278,20.145016
36279,19.704033
36280,21.381458
36281,22.856434
36282,24.436514
36283,25.676928
36284,17.825678
36285,21.02032
36286,20.78624
36287,22.36463
36288,23.452444
36289,25.31913
36290,26.559544
36291,18.527689
36292,21.798025
36293,21.717894
36294,23.355505
36295,24.178154
36296,26.082468
36297,27.54559
36298,18.888407
36299,22.158743
36300,22.158743
36301,24.615122
36302,25.54994
36303,27.32222
36304,28.421803
36305,19.70527
36306,23.12952
36307,23.12952
36308,25.266323
36309,26.617798
36310,28.470158
36311,29.636755
36312,20.492434
36313,24.086784
36314,24.086784
36315,25.932806
36316,27.505363
36317,29.474804
36318,30.744812
36319,21.327875
36320,25.009834
36321,25.009834
36322,26.651167
36323,28.419436
36324,30.637598
36325,31.98919
36326,22.276371
36327,25.765476
36328,25.848179
36329,27.569435
36330,29.645973
36331,31.785992
36332,33.176437
36333,23.22634
36334,26.51352
36335,26.51352
36336,28.564285
36337,30.602198
36338,32.302555
36339,33.630814
36340,23.80347
36341,27.050295
36342,27.050295
36343,29.281397
36344,31.319315
36345,33.226795
36346,34.858315
36347,24.046204
36348,27.936033
36349,27.936033
36350,30.206892
36351,32.032368
36352,34.300564
36353,35.859512
36354,24.668839
36355,28.446487
36356,28.628418
36357,30.614199
36358,32.561623
36359,35.143665
36360,12.452114
36361,14.227225
36362,15.328548
36363,15.079968
36364,15.801675
36365,16.991718
36366,18.338493
36367,13.717353
36368,15.307322
36369,15.307322
36370,16.160065
36371,17.828463
36372,18.60515
36373,19.450731
36374,14.386392
36375,16.251484
36376,16.251484
36377,17.104229
36378,18.746904
36379,19.639965
36380,20.865162
36381,15.119049
36382,17.014452
36383,17.260632
36384,18.113375
36385,19.512026
36386,20.616247
36387,22.029518
36388,15.420581
36389,17.52422
36390,18.0155
36391,19.213398
36392,20.555359
36393,21.68676
36394,23.85173
36395,16.495018
36396,18.82261
36397,19.174463
36398,20.320997
36399,21.999226
36400,23.525114
36401,24.966951
36402,17.330564
36403,19.962296
36404,20.169197
36405,21.873802
36406,23.114697
36407,24.694777
36408,26.076967
36409,18.280682
36410,21.07991
36411,21.489336
36412,23.018223
36413,24.436417
36414,25.964834
36415,27.204466
36416,18.852276
36417,22.417006
36418,22.417006
36419,24.653769
36420,25.561771
36421,27.334051
36422,28.472506
36423,19.743917
36424,23.168167
36425,23.43723
36426,25.30497
36427,26.662718
36428,28.55307
36429,29.687458
36430,20.688856
36431,24.125431
36432,24.383629
36433,25.971453
36434,27.714947
36435,29.486635
36436,30.795515
36437,21.663057
36438,25.048481
36439,25.20241
36440,26.689814
36441,28.916367
36442,30.64943
36443,32.14325
36444,22.49092
36445,26.1535
36446,26.1535
36447,28.022709
36448,30.099249
36449,31.785992
36450,12.834339
36451,14.728421
36452,14.728421
36453,15.581165
36454,17.295124
36455,18.071812
36456,19.891714
36457,14.058785
36458,15.840662
36459,15.840662
36460,17.104229
36461,18.239288
36462,19.639965
36463,20.692448
36464,15.119049
36465,17.014452
36466,17.014452
36467,18.113375
36468,19.248434
36469,20.616247
36470,21.861725
36471,15.420581
36472,17.52422
36473,17.52422
36474,18.955135
36475,20.297096
36476,21.428497
36477,22.79918
36478,15.911859
36479,18.492971
36480,18.492971
36481,19.762243
36482,21.363985
36483,22.864239
36484,24.158573
36485,17.053972
36486,19.609856
36487,19.609856
36488,20.880981
36489,22.35595
36490,24.140974
36491,25.319391
36492,17.866732
36493,20.5755
36494,20.5755
36495,21.873802
36496,23.574694
36497,25.182062
36498,26.421694
36499,18.398273
36500,21.489336
36501,21.976156
36502,23.505041
36503,24.436417
36504,26.34073
36505,27.80307
36506,19.048077
36507,22.638655
36508,22.638655
36509,24.785294
36510,25.693296
36511,27.334051
36512,28.891602
36513,20.219881
36514,23.43723
36515,23.544413
36516,25.338058
36517,26.781384
36518,28.55307
36519,29.849491
36520,20.922937
36521,24.383629
36522,24.383629
36523,26.33977
36524,27.714947
36525,29.486635
36526,31.353792
36527,21.663057
36528,25.20241
36529,25.432257
36530,26.91966
36531,28.916367
36532,30.752785
36533,32.221634
36534,22.757593
36535,26.1535
36536,26.330162
36537,28.022709
36538,30.099249
36539,31.98668
36540,11.3951645
36541,12.797475
36542,12.797475
36543,13.342504
36544,15.256843
36545,16.429333
36546,18.012396
36547,12.834339
36548,14.227225
36549,14.728421
36550,15.581165
36551,16.952608
36552,18.071812
36553,18.917393
36554,14.058785
36555,15.840662
36556,15.840662
36557,16.693403
36558,18.239288
36559,19.132349
36560,19.97793
36561,14.863698
36562,16.7591
36563,17.014452
36564,17.867197
36565,19.002256
36566,20.265759
36567,21.11134
36568,15.382635
36569,17.52422
36570,17.52422
36571,18.722118
36572,20.06408
36573,21.68676
36574,23.05666
36575,16.07153
36576,18.751234
36577,18.751234
36578,19.762243
36579,21.715837
36580,22.864239
36581,24.690355
36582,17.330564
36583,19.609856
36584,19.609856
36585,20.880981
36586,22.70839
36587,24.140974
36588,25.725695
36589,17.985348
36590,20.5755
36591,20.5755
36592,22.406746
36593,23.710707
36594,25.577393
36595,26.817024
36596,18.687359
36597,21.976156
36598,21.976156
36599,23.81733
36600,25.080456
36601,26.819853
36602,28.335089
36603,19.493303
36604,22.808826
36605,22.869827
36606,25.035908
36607,26.038408
36608,28.344366
36609,29.48282
36610,20.53108
36611,23.663078
36612,23.663078
36613,25.713255
36614,26.943417
36615,29.288881
36616,30.597761
36617,21.366522
36618,24.751945
36619,24.751945
36620,26.636305
36621,28.273224
36622,30.164324
36623,32.03989
36624,22.12697
36625,25.709625
36626,25.709625
36627,27.302763
36628,29.645973
36629,31.332722
36630,20.283638
36631,24.307537
36632,24.84607
36633,26.778967
36634,26.298126
36635,27.498251
36636,31.276302
36637,21.168205
36638,24.455036
36639,24.455036
36640,26.04286
36641,27.444853
36642,29.216541
36643,31.045609
36644,21.54488
36645,24.751572
36646,24.751572
36647,26.339396
36648,28.161173
36649,29.89423
36650,31.731707
36651,21.928654
36652,25.135347
36653,25.135347
36654,26.839888
36655,28.749628
36656,30.48269
36657,31.913448
36658,22.292603
36659,25.589916
36660,25.85659
36661,27.530788
36662,29.634142
36663,31.77416
36664,33.125736
36665,23.004335
36666,26.474873
36667,26.474873
36668,28.525639
36669,30.590366
36670,32.228542
36671,33.580112
36672,23.506338
36673,27.011648
36674,27.011648
36675,28.808733
36676,30.873463
36677,33.214966
36678,34.504353
36679,23.93449
36680,27.589113
36681,27.589113
36682,29.854284
36683,31.77248
36684,34.057648
36685,35.577724
36686,24.630192
36687,28.370298
36688,28.370298
36689,30.483171
36690,32.561623
36691,34.67563
36692,36.21027
36693,25.097466
36694,28.998955
36695,28.998955
36696,31.209044
36697,33.156464
36698,35.205235
36699,37.15346
36700,25.545017
36701,29.716301
36702,29.716301
36703,31.57946
36704,34.23893
36705,36.31939
36706,38.583298
36707,26.03611
36708,30.360619
36709,30.360619
36710,32.574192
36711,34.797546
36712,37.44319
36713,39.61616
36714,26.931284
36715,31.219889
36716,31.219889
36717,33.323322
36718,35.910603
36719,38.41343
36720,15.119049
36721,17.221354
36722,17.280214
36723,16.693403
36724,18.239288
36725,19.132349
36726,21.80172
36727,15.119049
36728,17.260632
36729,17.260632
36730,18.113375
36731,19.512026
36732,20.703136
36733,22.252113
36734,15.911859
36735,18.0155
36736,18.0155
36737,18.955135
36738,20.297096
36739,21.960152
36740,23.59425
36741,16.335348
36742,18.564348
36743,18.564348
36744,19.855833
36745,21.457575
36746,22.99026
36747,24.432875
36748,17.170895
36749,19.351593
36750,19.351593
36751,20.880981
36752,22.35595
36753,24.140974
36754,25.319391
36755,17.866732
36756,20.5755
36757,20.5755
36758,21.873802
36759,23.574694
36760,25.182062
36761,26.421694
36762,18.398273
36763,21.489336
36764,21.976156
36765,23.505041
36766,24.436417
36767,26.34073
36768,27.80307
36769,19.048077
36770,22.638655
36771,22.638655
36772,24.746647
36773,25.681465
36774,27.32222
36775,28.840899
36776,19.912172
36777,23.398582
36778,23.398582
36779,25.338058
36780,26.662718
36781,28.55307
36782,29.849491
36783,20.688856
36784,24.125431
36785,24.383629
36786,25.971453
36787,27.714947
36788,29.486635
36789,30.795515
36790,21.663057
36791,25.048481
36792,25.20241
36793,26.689814
36794,28.916367
36795,30.64943
36796,32.14325
36797,22.49092
36798,26.1535
36799,26.1535
36800,28.022709
36801,30.099249
36802,31.785992
36803,33.37713
36804,23.265602
36805,26.767204
36806,26.767204
36807,28.62647
36808,30.664383
36809,32.792778
36810,17.524143
36811,18.492971
36812,18.9162
36813,20.415817
36814,22.44841
36815,23.253675
36816,24.561972
36817,17.170895
36818,19.351593
36819,19.704033
36820,21.209236
36821,22.558853
36822,24.03021
36823,25.468214
36824,17.707062
36825,20.317238
36826,20.317238
36827,21.695671
36828,23.316431
36829,24.787786
36830,26.164213
36831,18.121012
36832,21.055729
36833,21.231073
36834,22.75996
36835,24.178154
36836,25.706572
36837,26.946985
36838,18.527689
36839,21.798025
36840,21.962942
36841,23.778683
36842,25.068624
36843,26.808022
36844,28.284386
36845,19.454657
36846,22.77018
36847,22.83118
36848,24.807648
36849,26.026577
36850,27.741316
36851,29.432117
36852,20.288418
36853,23.505766
36854,23.624432
36855,25.418077
36856,26.931585
36857,28.703272
36858,29.97328
36859,21.142485
36860,24.344982
36861,24.713299
36862,26.301123
36863,27.703115
36864,29.474804
36865,31.30309
36866,21.70455
36867,25.163763
36868,25.39361
36869,26.91966
36870,28.916367
36871,30.752785
36872,32.221634
36873,22.757593
36874,26.1535
36875,26.330162
36876,28.022709
36877,30.099249
36878,31.98668
36879,33.37713
36880,23.265602
36881,26.767204
36882,26.767204
36883,28.62647
36884,30.664383
36885,32.792778
36886,34.121037
36887,23.973137
36888,27.219965
36889,27.219965
36890,29.281397
36891,31.622574
36892,33.6918
36893,35.250748
36894,24.443981
36895,28.184088
36896,28.184088
36897,30.44563
36898,32.35087
36899,34.338108
36900,19.211786
36901,22.967175
36902,22.219168
36903,22.932562
36904,24.514334
36905,28.35993
36906,28.164322
36907,19.56289
36908,22.681644
36909,22.681644
36910,24.401886
36911,25.673817
36912,28.178806
36913,29.174637
36914,20.021564
36915,23.14032
36916,23.247503
36917,25.04115
36918,26.51129
36919,28.282976
36920,29.553766
36921,20.566845
36922,23.828522
36923,23.828522
36924,25.416346
36925,26.673323
36926,29.018787
36927,30.289577
36928,20.982815
36929,24.455036
36930,24.455036
36931,26.301123
36932,27.703115
36933,30.098984
36934,31.30309
36935,21.77834
36936,25.39361
36937,25.39361
36938,26.881014
36939,29.00789
36940,30.740953
36941,32.170933
36942,22.718946
36943,26.114853
36944,26.291515
36945,27.984062
36946,30.15332
36947,31.97485
36948,33.326427
36949,23.226955
36950,26.728558
36951,26.728558
36952,28.587824
36953,30.652552
36954,32.78095
36955,34.070335
36956,23.764824
36957,27.181318
36958,27.181318
36959,29.281397
36960,31.319315
36961,33.530056
36962,35.250748
36963,24.046204
36964,27.936033
36965,28.184088
36966,30.206892
36967,32.35087
36968,34.300564
36969,35.897057
36970,24.668839
36971,28.628418
36972,28.628418
36973,30.614199
36974,32.978523
36975,35.143665
36976,36.77242
36977,25.136936
36978,29.176899
36979,29.176899
36980,31.209044
36981,33.72068
36982,35.693848
36983,37.642075
36984,25.545017
36985,30.273308
36986,30.273308
36987,32.130344
36988,34.271564
36989,36.352024
36990,34.345924
36991,40.565594
36992,41.11825
36993,45.322144
36994,48.66029
36995,49.886276
36996,52.633736
36997,35.809296
36998,41.492435
36999,41.606033
37000,44.75279
37001,47.899345
37002,50.29499
37003,53.29383
37004,35.823154
37005,41.606033
37006,41.606033
37007,44.578777
37008,47.736145
37009,50.29499
37010,53.29383
37011,35.823154
37012,41.606033
37013,41.606033
37014,44.578777
37015,47.736145
37016,50.29499
37017,53.29383
37018,35.823154
37019,41.606033
37020,41.606033
37021,44.837044
37022,47.99441
37023,50.553257
37024,53.551315
37025,35.982826
37026,42.251644
37027,42.251644
37028,45.3012
37029,48.45857
37030,51.32515
37031,54.2576
37032,36.416595
37033,42.552334
37034,42.552334
37035,45.74466
37036,48.891216
37037,51.833088
37038,54.857876
37039,37.416344
37040,43.30104
37041,43.30104
37042,46.215622
37043,49.282413
37044,52.9629
37045,55.392002
37046,38.03946
37047,43.608273
37048,43.608273
37049,46.692516
37050,50.332462
37051,53.43963
37052,55.907604
37053,38.167057
37054,43.73587
37055,43.73587
37056,47.4763
37057,50.82634
37058,53.76956
37059,56.237537
37060,38.84782
37061,44.719933
37062,44.719933
37063,47.91773
37064,51.31713
37065,54.260353
37066,57.148426
37067,39.094547
37068,44.96666
37069,44.96666
37070,48.164455
37071,51.755447
37072,54.88785
37073,57.436554
37074,39.226913
37075,45.035645
37076,45.035645
37077,48.535057
37078,51.96285
37079,55.151775
37080,29.667894
37081,34.289387
37082,35.44976
37083,37.296783
37084,38.449566
37085,41.726074
37086,42.1857
37087,30.202644
37088,34.437424
37089,34.437424
37090,36.813896
37091,38.980877
37092,41.300835
37093,43.27173
37094,30.202644
37095,34.437424
37096,34.437424
37097,36.696846
37098,38.980877
37099,41.300835
37100,43.27173
37101,30.202644
37102,34.437424
37103,34.437424
37104,36.696846
37105,38.980877
37106,41.300835
37107,43.27173
37108,30.202644
37109,34.437424
37110,34.437424
37111,36.955112
37112,39.239143
37113,41.5591
37114,44.122623
37115,30.845205
37116,35.178577
37117,35.178577
37118,37.438
37119,39.832558
37120,42.604008
37121,44.57412
37122,31.187647
37123,35.521023
37124,36.112797
37125,38.48927
37126,40.620575
37127,43.2227
37128,45.100277
37129,31.57398
37130,36.21608
37131,36.286034
37132,38.592552
37133,40.793747
37134,43.2227
37135,45.525517
37136,31.57398
37137,36.286034
37138,36.286034
37139,38.6312
37140,40.805576
37141,43.234528
37142,45.576218
37143,31.612627
37144,36.32468
37145,36.32468
37146,38.6312
37147,40.805576
37148,43.234528
37149,45.576218
37150,31.612627
37151,36.32468
37152,36.32468
37153,38.6312
37154,40.805576
37155,43.234528
37156,45.576218
37157,31.612627
37158,36.32468
37159,36.32468
37160,38.6312
37161,40.805576
37162,43.234528
37163,45.576218
37164,31.612627
37165,36.32468
37166,36.32468
37167,38.6312
37168,40.805576
37169,43.234528
37170,24.469912
37171,28.945889
37172,28.632908
37173,31.28255
37174,33.450584
37175,35.999794
37176,39.307976
37177,25.743296
37178,29.910492
37179,29.910492
37180,31.833435
37181,34.08878
37182,36.13125
37183,38.389877
37184,25.84072
37185,30.06371
37186,30.06371
37187,31.920742
37188,34.170914
37189,36.342564
37190,38.389877
37191,25.84072
37192,30.06371
37193,30.06371
37194,31.920742
37195,34.170914
37196,36.342564
37197,38.389877
37198,25.84072
37199,30.06371
37200,30.06371
37201,32.17901
37202,34.785717
37203,37.005493
37204,39.13959
37205,26.699572
37206,31.03375
37207,31.03375
37208,32.878963
37209,35.419746
37210,38.328285
37211,40.10425
37212,26.87716
37213,31.600647
37214,31.713009
37215,33.521805
37216,36.062588
37217,39.026203
37218,40.728855
37219,27.383038
37220,32.600006
37221,32.600006
37222,34.50277
37223,36.85384
37224,39.440613
37225,41.235718
37226,28.235023
37227,32.79732
37228,32.79732
37229,34.860237
37230,37.102356
37231,39.78024
37232,41.614216
37233,28.876194
37234,33.127983
37235,33.127983
37236,35.44149
37237,38.04248
37238,40.37383
37239,42.22058
37240,29.558613
37241,33.875767
37242,33.875767
37243,36.189274
37244,38.83671
37245,41.257565
37246,43.104317
37247,30.179192
37248,34.43044
37249,34.43044
37250,36.99376
37251,39.250973
37252,41.57093
37253,43.579914
37254,30.883852
37255,35.217224
37256,35.217224
37257,37.476646
37258,39.844387
37259,42.16434
37260,19.211786
37261,22.431782
37262,22.492783
37263,25.272993
37264,25.386175
37265,26.549759
37266,27.818192
37267,19.752502
37268,22.871258
37269,22.871258
37270,24.833496
37271,25.768314
37272,27.483053
37273,29.174637
37274,20.021564
37275,23.247503
37276,23.247503
37277,25.04115
37278,26.392624
37279,28.282976
37280,29.553766
37281,20.566845
37282,23.828522
37283,23.828522
37284,25.416346
37285,26.673323
37286,29.018787
37287,30.289577
37288,20.982815
37289,24.455036
37290,24.455036
37291,26.301123
37292,27.703115
37293,30.098984
37294,31.30309
37295,21.77834
37296,25.39361
37297,25.39361
37298,26.881014
37299,29.00789
37300,30.740953
37301,32.170933
37302,22.718946
37303,26.114853
37304,26.291515
37305,27.984062
37306,30.15332
37307,31.97485
37308,33.326427
37309,23.226955
37310,26.728558
37311,26.728558
37312,28.587824
37313,30.652552
37314,32.78095
37315,34.070335
37316,23.764824
37317,27.181318
37318,27.181318
37319,29.281397
37320,31.319315
37321,33.530056
37322,35.250748
37323,24.046204
37324,27.936033
37325,28.184088
37326,30.206892
37327,32.35087
37328,34.300564
37329,35.897057
37330,24.668839
37331,28.628418
37332,28.628418
37333,30.614199
37334,32.978523
37335,35.143665
37336,36.77242
37337,25.136936
37338,29.176899
37339,29.176899
37340,31.209044
37341,33.72068
37342,35.693848
37343,37.642075
37344,25.545017
37345,30.273308
37346,30.273308
37347,32.130344
37348,34.271564
37349,36.352024
37350,17.436504
37351,20.110336
37352,20.614746
37353,23.932852
37354,23.424831
37355,25.915285
37356,27.05152
37357,18.527689
37358,21.717894
37359,21.882807
37360,24.13521
37361,24.810362
37362,27.031075
37363,28.13144
37364,19.294987
37365,22.511917
37366,22.511917
37367,24.549385
37368,25.484203
37369,27.587587
37370,28.583418
37371,19.752502
37372,22.871258
37373,23.14032
37374,25.00806
37375,26.359535
37376,28.211895
37377,29.308193
37378,20.332764
37379,23.366169
37380,23.513668
37381,25.674608
37382,26.931585
37383,28.703272
37384,29.97328
37385,21.142485
37386,24.344982
37387,24.713299
37388,26.301123
37389,27.703115
37390,29.474804
37391,31.30309
37392,21.70455
37393,25.163763
37394,25.39361
37395,26.881014
37396,28.904535
37397,30.740953
37398,32.170933
37399,22.452272
37400,26.114853
37401,26.114853
37402,27.984062
37403,30.087418
37404,31.77416
37405,33.326427
37406,23.187693
37407,26.728558
37408,26.728558
37409,28.564285
37410,30.664383
37411,32.302555
37412,34.121037
37413,23.80347
37414,27.050295
37415,27.219965
37416,29.281397
37417,31.319315
37418,33.530056
37419,35.250748
37420,24.046204
37421,27.936033
37422,28.184088
37423,30.206892
37424,32.35087
37425,34.300564
37426,35.897057
37427,24.668839
37428,28.628418
37429,28.628418
37430,30.614199
37431,32.978523
37432,35.143665
37433,36.77242
37434,25.136936
37435,29.176899
37436,29.176899
37437,31.209044
37438,33.72068
37439,35.693848
37440,18.642126
37441,20.740177
37442,20.317238
37443,21.174557
37444,23.69444
37445,24.640285
37446,26.559544
37447,18.238604
37448,21.231073
37449,21.231073
37450,22.75996
37451,24.178154
37452,25.706572
37453,26.946985
37454,18.527689
37455,21.798025
37456,21.962942
37457,23.52042
37458,24.810362
37459,26.549759
37460,28.026905
37461,19.211786
37462,22.380392
37463,22.511917
37464,24.488384
37465,25.423203
37466,27.063957
37467,28.583418
37468,19.752502
37469,22.871258
37470,22.871258
37471,25.266323
37472,26.617798
37473,28.470158
37474,29.636755
37475,20.492434
37476,23.939285
37477,23.939285
37478,25.932806
37479,27.505363
37480,29.27705
37481,30.744812
37482,21.327875
37483,24.713299
37484,25.009834
37485,26.597658
37486,28.419436
37487,30.637598
37488,31.98919
37489,22.276371
37490,25.670979
37491,25.848179
37492,27.530788
37493,29.634142
37494,31.77416
37495,33.125736
37496,23.004335
37497,26.474873
37498,26.474873
37499,28.564285
37500,30.602198
37501,32.302555
37502,33.630814
37503,23.80347
37504,27.050295
37505,27.050295
37506,29.281397
37507,31.319315
37508,33.226795
37509,34.858315
37510,24.046204
37511,27.936033
37512,27.936033
37513,30.206892
37514,32.032368
37515,34.300564
37516,35.859512
37517,24.668839
37518,28.446487
37519,28.628418
37520,30.614199
37521,32.561623
37522,35.143665
37523,36.77242
37524,25.097466
37525,29.176899
37526,29.176899
37527,31.209044
37528,33.72068
37529,35.693848
37530,30.685535
37531,35.107315
37532,34.074436
37533,37.873474
37534,37.413513
37535,39.527237
37536,42.99673
37537,29.980875
37538,34.21566
37539,34.21566
37540,36.758717
37541,38.566616
37542,41.070343
37543,42.99673
37544,29.980875
37545,34.21566
37546,34.21566
37547,36.641666
37548,38.750385
37549,41.070343
37550,42.99673
37551,29.980875
37552,34.21566
37553,34.21566
37554,36.641666
37555,38.750385
37556,41.070343
37557,42.99673
37558,29.980875
37559,34.21566
37560,34.21566
37561,36.899933
37562,39.239143
37563,41.5591
37564,43.529213
37565,30.362314
37566,35.178577
37567,35.178577
37568,37.438
37569,39.832558
37570,42.15251
37571,44.122623
37572,31.187647
37573,35.521023
37574,35.521023
37575,37.897495
37576,40.620575
37577,42.94053
37578,44.91064
37579,31.423407
37580,36.112797
37581,36.21608
37582,38.592552
37583,40.793747
37584,43.2227
37585,45.100277
37586,31.57398
37587,36.286034
37588,36.286034
37589,38.6312
37590,40.805576
37591,43.234528
37592,45.576218
37593,31.612627
37594,36.32468
37595,36.32468
37596,38.6312
37597,40.805576
37598,43.234528
37599,45.576218
37600,31.612627
37601,36.32468
37602,36.32468
37603,38.6312
37604,40.805576
37605,43.234528
37606,45.576218
37607,31.612627
37608,36.32468
37609,36.32468
37610,38.6312
37611,40.805576
37612,43.234528
37613,45.576218
37614,31.612627
37615,36.32468
37616,36.32468
37617,38.6312
37618,40.805576
37619,43.234528
37620,26.15077
37621,29.419392
37622,29.663414
37623,32.546417
37624,32.30095
37625,35.686813
37626,40.272007
37627,25.84072
37628,29.976398
37629,30.06371
37630,31.920742
37631,34.08878
37632,36.53591
37633,38.882107
37634,26.184658
37635,30.420246
37636,30.420246
37637,32.27728
37638,34.52745
37639,37.173096
37640,39.307976
37641,26.539902
37642,30.775488
37643,30.92298
37644,32.620697
37645,35.16148
37646,37.664307
37647,39.51614
37648,26.717949
37649,31.269072
37650,31.269072
37651,33.35799
37652,35.898773
37653,38.4016
37654,40.268066
37655,27.02805
37656,31.713009
37657,31.713009
37658,34.242264
37659,36.52338
37660,39.026203
37661,40.98936
37662,28.162117
37663,32.600006
37664,32.66696
37665,34.69123
37666,36.960167
37667,39.76841
37668,41.563515
37669,28.545528
37670,32.79732
37671,32.79732
37672,35.402843
37673,37.67178
37674,40.120182
37675,41.928062
37676,29.401524
37677,33.653316
37678,33.653316
37679,36.189274
37680,38.226284
37681,40.647133
37682,42.493885
37683,30.120102
37684,34.37135
37685,34.37135
37686,36.93858
37687,39.02048
37688,41.34044
37689,43.579914
37690,30.40096
37691,35.217224
37692,35.217224
37693,37.476646
37694,39.844387
37695,42.16434
37696,44.173325
37697,31.226294
37698,35.55967
37699,35.55967
37700,38.527916
37701,40.632404
37702,42.95236
37703,44.96134
37704,31.612627
37705,36.254726
37706,36.254726
37707,38.6312
37708,40.805576
37709,43.234528
37710,26.622995
37711,31.743845
37712,32.49083
37713,34.51364
37714,36.452118
37715,38.767937
37716,39.09861
37717,27.223368
37718,32.34174
37719,32.34174
37720,34.326637
37721,36.595573
37722,39.028442
37723,40.731876
37724,28.002447
37725,32.408695
37726,32.408695
37727,34.432964
37728,36.7019
37729,39.182346
37730,40.978233
37731,28.075354
37732,32.408695
37733,32.408695
37734,34.432964
37735,36.7019
37736,39.182346
37737,40.978233
37738,28.075354
37739,32.408695
37740,32.408695
37741,34.69123
37742,36.960167
37743,39.440613
37744,41.235718
37745,28.545528
37746,32.79732
37747,32.79732
37748,34.82159
37749,37.090527
37750,39.76841
37751,41.928062
37752,28.837547
37753,33.089336
37754,33.089336
37755,35.402843
37756,38.03065
37757,40.362
37758,42.16988
37759,29.401524
37760,33.83712
37761,33.83712
37762,36.150627
37763,38.214455
37764,40.635303
37765,43.053616
37766,30.081455
37767,34.332703
37768,34.391792
37769,36.93858
37770,39.02048
37771,41.57093
37772,43.579914
37773,30.40096
37774,35.217224
37775,35.217224
37776,37.476646
37777,39.844387
37778,42.16434
37779,44.173325
37780,31.226294
37781,35.55967
37782,35.55967
37783,38.527916
37784,40.632404
37785,42.95236
37786,44.96134
37787,31.612627
37788,36.254726
37789,36.254726
37790,38.6312
37791,40.805576
37792,43.234528
37793,45.150978
37794,31.612627
37795,36.32468
37796,36.32468
37797,38.6312
37798,40.805576
37799,43.234528
37800,29.980875
37801,33.73094
37802,33.578854
37803,36.423676
37804,39.756645
37805,45.68762
37806,43.86514
37807,30.685535
37808,34.838177
37809,35.180622
37810,38.113953
37811,40.36231
37812,43.107502
37813,44.653156
37814,31.263737
37815,35.85453
37816,35.85453
37817,38.334286
37818,40.53548
37819,42.96443
37820,44.842793
37821,31.41431
37822,35.957813
37823,35.957813
37824,38.334286
37825,40.53548
37826,42.96443
37827,44.842793
37828,31.41431
37829,35.957813
37830,35.957813
37831,38.592552
37832,40.793747
37833,43.2227
37834,45.100277
37835,31.57398
37836,36.21608
37837,36.21608
37838,38.592552
37839,40.793747
37840,43.2227
37841,45.525517
37842,31.57398
37843,36.286034
37844,36.286034
37845,38.592552
37846,40.793747
37847,43.2227
37848,45.525517
37849,31.57398
37850,36.286034
37851,36.286034
37852,38.592552
37853,40.793747
37854,43.2227
37855,45.525517
37856,31.57398
37857,36.286034
37858,36.286034
37859,38.6312
37860,40.805576
37861,43.234528
37862,45.576218
37863,31.612627
37864,36.32468
37865,36.32468
37866,38.6312
37867,40.805576
37868,43.234528
37869,45.576218
37870,31.612627
37871,36.32468
37872,36.32468
37873,38.6312
37874,40.805576
37875,43.234528
37876,45.576218
37877,31.612627
37878,36.32468
37879,36.32468
37880,38.6312
37881,40.805576
37882,43.234528
37883,45.576218
37884,31.612627
37885,36.32468
37886,36.32468
37887,38.6312
37888,40.805576
37889,43.234528
37890,44.947247
37891,53.169434
37892,51.38408
37893,57.9306
37894,60.04415
37895,64.46906
37896,67.03372
37897,44.507736
37898,53.169434
37899,53.169434
37900,56.303383
37901,60.159225
37902,64.225105
37903,67.67517
37904,44.507736
37905,53.169434
37906,53.169434
37907,56.303383
37908,60.159225
37909,64.225105
37910,67.67517
37911,44.507736
37912,53.169434
37913,53.169434
37914,56.303383
37915,60.159225
37916,64.225105
37917,67.67517
37918,44.507736
37919,53.169434
37920,53.169434
37921,56.638485
37922,60.54718
37923,64.61304
37924,68.06232
37925,44.744244
37926,53.504536
37927,53.504536
37928,56.638485
37929,60.54718
37930,64.61304
37931,68.06232
37932,44.744244
37933,53.504536
37934,53.504536
37935,56.638485
37936,60.54718
37937,64.61304
37938,68.06232
37939,44.744244
37940,53.504536
37941,53.504536
37942,56.638485
37943,60.54718
37944,64.61304
37945,68.06232
37946,44.744244
37947,53.504536
37948,53.504536
37949,56.67713
37950,60.55901
37951,64.62487
37952,68.11302
37953,44.78289
37954,53.543182
37955,53.543182
37956,56.67713
37957,60.55901
37958,64.62487
37959,68.11302
37960,44.78289
37961,53.543182
37962,53.543182
37963,56.67713
37964,60.55901
37965,64.62487
37966,68.11302
37967,44.78289
37968,53.543182
37969,53.543182
37970,56.67713
37971,60.55901
37972,64.62487
37973,68.11302
37974,44.78289
37975,53.543182
37976,53.543182
37977,56.67713
37978,60.55901
37979,64.62487
37980,35.866837
37981,40.752598
37982,40.415462
37983,43.495743
37984,46.729492
37985,48.63487
37986,50.288395
37987,35.130978
37988,40.752598
37989,40.752598
37990,43.495743
37991,46.195473
37992,49.092667
37993,51.332188
37994,35.130978
37995,40.81412
37996,40.81412
37997,43.62659
37998,46.289047
37999,49.18624
38000,51.9337
38001,35.130978
38002,40.81412
38003,40.81412
38004,43.62659
38005,46.289047
38006,49.18624
38007,51.9337
38008,35.130978
38009,40.81412
38010,40.81412
38011,43.884857
38012,47.060276
38013,49.704784
38014,52.45146
38015,35.499496
38016,41.645657
38017,41.645657
38018,44.42833
38019,47.642776
38020,50.201622
38021,53.18048
38022,35.982826
38023,41.8643
38024,41.8643
38025,44.837044
38026,47.99441
38027,50.553257
38028,54.038708
38029,36.37017
38030,42.251644
38031,42.251644
38032,45.4064
38033,48.563766
38034,51.32515
38035,54.2576
38036,36.80788
38037,42.552334
38038,42.552334
38039,45.783306
38040,48.903046
38041,52.433643
38042,54.908577
38043,37.45499
38044,43.339687
38045,43.339687
38046,46.692516
38047,49.97669
38048,53.330498
38049,55.798473
38050,38.078106
38051,43.73587
38052,43.73587
38053,46.781467
38054,50.496407
38055,53.43963
38056,56.237537
38057,38.84782
38058,44.719933
38059,44.719933
38060,47.4763
38061,51.31713
38062,54.260353
38063,56.72833
38064,39.094547
38065,44.96666
38066,44.96666
38067,48.164455
38068,51.755447
38069,54.68045
38070,37.96874
38071,44.409187
38072,43.042774
38073,45.73525
38074,47.940628
38075,50.818024
38076,54.60039
38077,37.55665
38078,43.042774
38079,43.042774
38080,45.957355
38081,48.860947
38082,51.65561
38083,54.60039
38084,37.55665
38085,43.042774
38086,43.042774
38087,45.957355
38088,49.024147
38089,52.163548
38090,54.60039
38091,37.55665
38092,43.042774
38093,43.042774
38094,45.957355
38095,49.024147
38096,52.163548
38097,54.60039
38098,37.55665
38099,43.042774
38100,43.042774
38101,46.215622
38102,49.282413
38103,52.421814
38104,55.392002
38105,38.03946
38106,43.608273
38107,43.608273
38108,46.65387
38109,50.320633
38110,53.4278
38111,55.856903
38112,38.12841
38113,43.697224
38114,43.697224
38115,46.74282
38116,50.484577
38117,53.757732
38118,56.186836
38119,38.809174
38120,44.681286
38121,44.681286
38122,47.437653
38123,51.3053
38124,54.248524
38125,56.677628
38126,38.809174
38127,44.681286
38128,44.681286
38129,47.91773
38130,51.755447
38131,54.68045
38132,57.148426
38133,39.094547
38134,44.96666
38135,45.035645
38136,48.371857
38137,51.96285
38138,54.88785
38139,57.436554
38140,39.226913
38141,45.035645
38142,45.209656
38143,49.22941
38144,52.226772
38145,55.151775
38146,57.71011
38147,39.974834
38148,45.904015
38149,46.304554
38150,49.676052
38151,52.673416
38152,55.948097
38153,58.44921
38154,40.414238
38155,46.470512
38156,46.470512
38157,50.103302
38158,53.23368
38159,56.632313
38160,26.084871
38161,29.976398
38162,29.663414
38163,32.359413
38164,34.153557
38165,36.543655
38166,36.891884
38167,25.837793
38168,29.976398
38169,29.976398
38170,31.833435
38171,34.083603
38172,36.293243
38173,37.992065
38174,25.837793
38175,29.976398
38176,29.976398
38177,31.833435
38178,34.083603
38179,36.293243
38180,38.275112
38181,25.84072
38182,30.06371
38183,30.06371
38184,31.920742
38185,34.170914
38186,36.342564
38187,38.389877
38188,25.84072
38189,30.06371
38190,30.06371
38191,32.17901
38192,34.785717
38193,37.005493
38194,39.13959
38195,26.699572
38196,31.03375
38197,31.03375
38198,32.878963
38199,35.419746
38200,38.328285
38201,40.10425
38202,26.87716
38203,31.600647
38204,31.713009
38205,33.521805
38206,36.062588
38207,39.026203
38208,40.728855
38209,27.383038
38210,32.600006
38211,32.600006
38212,34.50277
38213,36.85384
38214,39.440613
38215,41.235718
38216,28.235023
38217,32.79732
38218,32.79732
38219,34.860237
38220,37.102356
38221,39.78024
38222,41.614216
38223,28.876194
38224,33.127983
38225,33.127983
38226,35.44149
38227,38.04248
38228,40.37383
38229,42.22058
38230,29.558613
38231,33.875767
38232,33.875767
38233,36.189274
38234,38.83671
38235,41.257565
38236,43.104317
38237,30.179192
38238,34.43044
38239,34.43044
38240,36.99376
38241,39.250973
38242,41.57093
38243,43.579914
38244,30.883852
38245,35.217224
38246,35.217224
38247,37.476646
38248,39.844387
38249,42.16434
38250,26.622995
38251,32.25289
38252,30.06371
38253,31.833435
38254,34.714455
38255,35.999794
38256,39.307976
38257,26.539902
38258,30.775488
38259,30.775488
38260,32.412533
38261,34.953316
38262,36.96178
38263,39.51614
38264,26.732967
38265,30.92298
38266,30.92298
38267,32.620697
38268,35.16148
38269,37.38126
38270,39.82366
38271,26.717949
38272,31.269072
38273,31.269072
38274,33.099724
38275,35.640507
38276,38.143333
38277,39.846767
38278,26.71749
38279,31.342384
38280,31.454746
38281,33.521805
38282,36.062588
38283,38.565414
38284,40.268066
38285,27.02805
38286,32.06801
38287,32.06801
38288,34.242264
38289,36.85384
38290,39.28671
38291,40.98936
38292,28.162117
38293,32.66696
38294,32.66696
38295,34.69123
38296,37.090527
38297,39.76841
38298,41.563515
38299,28.545528
38300,32.79732
38301,33.089336
38302,35.402843
38303,37.78883
38304,40.120182
38305,42.16988
38306,29.401524
38307,33.653316
38308,33.83712
38309,36.189274
38310,38.226284
38311,40.647133
38312,43.104317
38313,30.120102
38314,34.37135
38315,34.43044
38316,36.93858
38317,39.02048
38318,41.57093
38319,43.579914
38320,30.883852
38321,35.217224
38322,35.217224
38323,37.476646
38324,39.844387
38325,42.16434
38326,44.62482
38327,31.226294
38328,35.55967
38329,36.151443
38330,38.527916
38331,40.632404
38332,42.95236
38333,45.150978
38334,31.612627
38335,36.254726
38336,36.32468
38337,38.6312
38338,40.805576
38339,43.234528
38340,26.445404
38341,30.92298
38342,31.611526
38343,32.27728
38344,35.231434
38345,37.456142
38346,37.517426
38347,26.732967
38348,30.92298
38349,30.92298
38350,32.620697
38351,35.16148
38352,37.664307
38353,39.51614
38354,26.717949
38355,31.269072
38356,31.269072
38357,33.099724
38358,35.640507
38359,38.143333
38360,39.846767
38361,26.71749
38362,31.342384
38363,31.454746
38364,33.26354
38365,35.80432
38366,38.307148
38367,40.010582
38368,26.86838
38369,31.454746
38370,31.454746
38371,33.521805
38372,36.062588
38373,38.565414
38374,40.268066
38375,27.383038
38376,32.06801
38377,32.06801
38378,34.242264
38379,36.85384
38380,39.28671
38381,41.036938
38382,28.162117
38383,32.66696
38384,32.66696
38385,34.69123
38386,37.090527
38387,39.76841
38388,41.563515
38389,28.545528
38390,32.79732
38391,33.089336
38392,35.402843
38393,37.78883
38394,40.120182
38395,42.16988
38396,29.401524
38397,33.653316
38398,33.83712
38399,36.189274
38400,38.226284
38401,40.647133
38402,43.104317
38403,30.120102
38404,34.37135
38405,34.43044
38406,36.93858
38407,39.02048
38408,41.57093
38409,43.579914
38410,30.883852
38411,35.217224
38412,35.217224
38413,37.476646
38414,39.844387
38415,42.16434
38416,44.62482
38417,31.226294
38418,35.55967
38419,36.151443
38420,38.527916
38421,40.632404
38422,42.95236
38423,45.150978
38424,31.612627
38425,36.254726
38426,36.32468
38427,38.6312
38428,40.805576
38429,43.234528
38430,41.7228
38431,48.67641
38432,47.50709
38433,53.081913
38434,56.08528
38435,60.477325
38436,64.06808
38437,42.21676
38438,49.53943
38439,48.98555
38440,53.471336
38441,56.474705
38442,60.477325
38443,64.06808
38444,42.354675
38445,49.673893
38446,49.673893
38447,53.471336
38448,56.474705
38449,60.477325
38450,64.06808
38451,42.354675
38452,49.673893
38453,49.673893
38454,53.471336
38455,56.474705
38456,60.477325
38457,64.06808
38458,42.354675
38459,49.673893
38460,49.673893
38461,53.80644
38462,56.809807
38463,60.86528
38464,64.784225
38465,42.740685
38466,50.144047
38467,50.144047
38468,54.209835
38469,57.332687
38470,61.66743
38471,65.620834
38472,43.505
38473,51.15067
38474,51.15067
38475,55.06415
38476,58.24781
38477,62.96354
38478,66.82535
38479,44.225178
38480,52.27569
38481,52.341763
38482,55.41003
38483,59.41196
38484,64.215546
38485,67.42087
38486,44.494026
38487,52.90608
38488,52.90608
38489,56.047485
38490,60.624985
38491,64.62487
38492,68.11302
38493,44.78289
38494,53.543182
38495,53.543182
38496,56.67713
38497,60.55901
38498,64.62487
38499,68.11302
38500,44.78289
38501,53.543182
38502,53.543182
38503,56.67713
38504,60.55901
38505,64.62487
38506,68.11302
38507,44.78289
38508,53.543182
38509,53.543182
38510,56.67713
38511,60.55901
38512,64.62487
38513,68.11302
38514,44.78289
38515,53.543182
38516,53.543182
38517,56.67713
38518,60.55901
38519,64.62487
38520,38.89623
38521,45.448387
38522,45.20166
38523,47.005375
38524,51.956676
38525,54.88168
38526,58.227737
38527,39.028595
38528,44.912743
38529,44.912743
38530,48.074944
38531,51.692753
38532,54.617756
38533,57.804585
38534,39.028595
38535,44.73873
38536,44.73873
38537,48.238144
38538,51.692753
38539,54.617756
38540,57.12837
38541,39.028595
38542,44.73873
38543,44.73873
38544,48.238144
38545,51.692753
38546,54.617756
38547,57.12837
38548,39.028595
38549,44.73873
38550,44.73873
38551,48.49641
38552,51.95102
38553,54.876022
38554,57.385853
38555,39.188267
38556,44.996998
38557,44.996998
38558,48.49641
38559,51.95102
38560,54.876022
38561,57.385853
38562,39.188267
38563,44.996998
38564,44.996998
38565,48.49641
38566,51.95102
38567,54.876022
38568,57.385853
38569,39.188267
38570,44.996998
38571,44.996998
38572,48.49641
38573,51.95102
38574,54.876022
38575,57.385853
38576,39.188267
38577,44.996998
38578,44.996998
38579,48.535057
38580,51.96285
38581,54.88785
38582,57.436554
38583,39.974834
38584,45.730003
38585,45.730003
38586,49.22941
38587,52.226772
38588,55.31017
38589,57.811283
38590,40.321175
38591,46.304554
38592,46.304554
38593,50.06673
38594,53.064095
38595,56.117683
38596,58.67645
38597,40.487133
38598,47.047836
38599,47.047836
38600,51.036324
38601,53.81125
38602,56.695255
38603,59.930237
38604,41.246258
38605,47.755543
38606,47.855656
38607,51.60523
38608,54.205257
38609,57.818737
38610,39.028595
38611,44.42302
38612,44.42302
38613,48.074944
38614,51.692753
38615,55.293972
38616,56.84024
38617,38.89623
38618,44.669746
38619,44.669746
38620,48.238144
38621,51.692753
38622,54.617756
38623,56.84024
38624,38.89623
38625,44.669746
38626,44.669746
38627,48.030743
38628,51.48535
38629,54.410355
38630,56.84024
38631,38.89623
38632,44.669746
38633,44.669746
38634,48.030743
38635,51.48535
38636,54.410355
38637,56.84024
38638,38.89623
38639,44.669746
38640,44.669746
38641,48.28901
38642,51.743618
38643,54.66862
38644,57.097725
38645,39.188267
38646,44.996998
38647,44.996998
38648,48.49641
38649,51.95102
38650,54.876022
38651,57.385853
38652,39.188267
38653,44.996998
38654,44.996998
38655,48.49641
38656,51.95102
38657,54.876022
38658,57.385853
38659,39.188267
38660,44.996998
38661,44.996998
38662,48.49641
38663,51.95102
38664,54.876022
38665,57.385853
38666,39.188267
38667,44.996998
38668,44.996998
38669,48.535057
38670,51.96285
38671,54.88785
38672,57.436554
38673,39.974834
38674,45.730003
38675,45.730003
38676,49.22941
38677,52.226772
38678,55.31017
38679,57.811283
38680,40.321175
38681,46.304554
38682,46.304554
38683,50.06673
38684,53.064095
38685,56.117683
38686,58.67645
38687,40.487133
38688,47.047836
38689,47.047836
38690,51.036324
38691,53.81125
38692,56.695255
38693,59.930237
38694,41.246258
38695,47.755543
38696,47.855656
38697,51.60523
38698,54.205257
38699,57.818737
38700,17.825678
38701,20.614746
38702,22.071669
38703,23.097477
38704,25.870731
38705,24.908213
38706,26.946985
38707,18.692606
38708,22.078608
38709,22.26747
38710,24.13521
38711,25.386175
38712,26.822361
38713,28.059788
38714,19.294987
38715,22.681644
38716,22.681644
38717,24.738998
38718,25.768314
38719,27.483053
38720,28.583418
38721,20.021564
38722,23.14032
38723,23.14032
38724,25.00806
38725,26.392624
38726,28.211895
38727,29.379274
38728,20.566845
38729,23.513668
38730,23.828522
38731,25.674608
38732,26.931585
38733,29.27705
38734,30.547058
38735,21.327875
38736,24.713299
38737,24.713299
38738,26.597658
38739,28.261393
38740,30.152493
38741,31.98919
38742,22.088324
38743,25.670979
38744,25.670979
38745,27.264116
38746,29.634142
38747,31.32089
38748,33.125736
38749,23.004335
38750,26.291515
38751,26.474873
38752,28.271954
38753,30.590366
38754,32.228542
38755,33.580112
38756,23.506338
38757,26.790743
38758,27.011648
38759,28.84738
38760,30.885294
38761,32.792778
38762,34.555054
38763,23.973137
38764,27.219965
38765,27.62776
38766,29.584658
38767,31.784311
38768,33.6918
38769,35.628426
38770,24.443981
38771,28.184088
38772,28.408945
38773,30.44563
38774,32.388412
38775,34.593494
38776,36.21027
38777,24.8507
38778,28.998955
38779,28.998955
38780,31.031105
38781,33.156464
38782,35.205235
38783,37.15346
38784,25.450523
38785,29.716301
38786,29.716301
38787,31.57946
38788,33.72068
38789,36.31939
38790,24.56502
38791,28.177938
38792,27.705027
38793,29.050388
38794,30.88434
38795,31.716587
38796,32.581203
38797,23.77482
38798,27.02759
38799,26.85792
38800,28.616371
38801,30.6152
38802,32.522682
38803,33.81285
38804,23.77482
38805,27.02759
38806,26.923056
38807,28.984488
38808,31.049221
38809,32.9567
38810,34.24687
38811,23.77482
38812,27.02759
38813,26.923056
38814,28.984488
38815,31.049221
38816,32.9567
38817,34.47756
38818,23.767202
38819,27.33085
38820,27.226316
38821,29.546011
38822,31.77248
38823,33.67997
38824,35.200047
38825,24.405334
38826,28.145441
38827,28.145441
38828,30.406982
38829,32.33904
38830,34.32628
38831,35.846355
38832,24.812054
38833,28.589771
38834,28.589771
38835,30.575552
38836,32.966694
38837,35.131836
38838,36.721718
38839,25.09829
38840,29.138252
38841,29.138252
38842,31.170397
38843,33.70885
38844,35.68202
38845,37.591373
38846,25.50637
38847,29.743557
38848,30.234661
38849,32.09771
38850,34.271564
38851,36.352024
38852,38.583298
38853,26.039036
38854,30.717155
38855,30.717155
38856,32.574192
38857,35.22341
38858,37.44319
38859,39.824326
38860,26.931284
38861,31.56598
38862,31.639294
38863,33.396637
38864,36.074417
38865,38.577244
38866,40.779556
38867,27.421684
38868,32.106655
38869,32.106655
38870,34.541416
38871,36.86567
38872,39.346115
38873,41.28642
38874,28.27367
38875,32.70561
38876,32.835968
38877,34.860237
38878,37.102356
38879,39.78024
38880,22.21482
38881,26.923822
38882,26.375797
38883,28.55047
38884,30.697336
38885,31.90437
38886,34.97192
38887,23.457655
38888,26.753386
38889,26.753386
38890,28.984488
38891,31.049221
38892,32.9567
38893,34.47756
38894,23.77482
38895,26.923056
38896,26.923056
38897,29.287748
38898,31.35248
38899,33.25996
38900,34.78082
38901,23.847887
38902,27.53459
38903,27.53459
38904,29.661926
38905,31.514217
38906,33.79938
38907,35.32024
38908,24.245665
38909,27.887178
38910,27.887178
38911,30.406982
38912,32.33904
38913,34.288734
38914,35.846355
38915,24.630192
38916,28.589771
38917,28.589771
38918,30.575552
38919,32.549793
38920,35.131836
38921,36.721718
38922,25.058819
38923,29.138252
38924,29.138252
38925,31.170397
38926,33.144634
38927,35.68202
38928,37.591373
38929,25.50637
38930,29.743557
38931,29.743557
38932,32.059063
38933,34.2271
38934,36.340195
38935,38.532597
38936,26.00039
38937,30.321972
38938,30.678509
38939,32.574192
38940,34.797546
38941,37.44319
38942,39.61616
38943,26.931284
38944,31.219889
38945,31.56598
38946,33.396637
38947,35.910603
38948,38.577244
38949,40.318768
38950,27.066696
38951,32.106655
38952,32.106655
38953,34.28091
38954,36.795715
38955,39.29854
38956,41.040062
38957,28.200764
38958,32.70561
38959,32.70561
38960,34.860237
38961,37.102356
38962,39.78024
38963,41.614216
38964,28.584175
38965,33.127983
38966,33.127983
38967,35.44149
38968,37.80066
38969,40.37383
38970,20.903206
38971,22.510475
38972,23.677692
38973,26.528254
38974,28.550596
38975,31.598028
38976,32.638496
38977,21.848518
38978,24.987848
38979,25.412716
38980,27.272526
38981,29.37588
38982,31.515898
38983,32.86825
38984,22.735939
38985,25.938755
38986,26.033253
38987,27.830334
38988,30.078417
38989,31.716587
38990,33.068943
38991,23.028023
38992,26.21661
38993,26.21661
38994,28.267376
38995,30.332104
38996,31.970276
38997,33.322628
38998,23.214785
38999,26.470295
39000,26.470295
39001,28.587824
39002,30.652552
39003,32.290726
39004,34.070335
39005,23.764824
39006,27.011648
39007,27.011648
39008,29.24275
39009,31.307484
39010,33.214966
39011,35.038303
39012,24.007557
39013,27.897387
39014,27.897387
39015,30.168245
39016,32.02054
39017,34.288734
39018,35.80881
39019,24.630192
39020,28.40784
39021,28.589771
39022,30.575552
39023,32.549793
39024,34.6638
39025,36.721718
39026,25.058819
39027,28.960308
39028,29.138252
39029,31.209044
39030,33.156464
39031,35.205235
39032,37.642075
39033,25.545017
39034,29.716301
39035,29.782204
39036,32.09771
39037,34.23893
39038,36.352024
39039,38.583298
39040,26.039036
39041,30.360619
39042,30.717155
39043,32.574192
39044,34.797546
39045,37.44319
39046,39.61616
39047,26.931284
39048,31.219889
39049,31.56598
39050,33.396637
39051,35.910603
39052,38.577244
39053,40.318768
39054,27.066696
39055,32.106655
39056,32.106655
39057,34.28091
39058,36.795715
39059,39.29854
39060,15.911859
39061,18.0155
39062,18.492971
39063,20.133821
39064,20.593363
39065,23.609888
39066,23.901093
39067,16.894302
39068,19.075
39069,19.351593
39070,20.856796
39071,22.017555
39072,23.67777
39073,24.70947
39074,17.436504
39075,19.910934
39076,19.910934
39077,21.61554
39078,22.96516
39079,24.436514
39080,25.468214
39081,17.825678
39082,20.78624
39083,20.821648
39084,22.36463
39085,23.452444
39086,25.31913
39087,26.559544
39088,18.527689
39089,21.717894
39090,21.717894
39091,23.613768
39092,24.436417
39093,26.34073
39094,27.80307
39095,19.371456
39096,22.638655
39097,22.638655
39098,24.746647
39099,25.681465
39100,27.741316
39101,28.840899
39102,20.181234
39103,23.398582
39104,23.505766
39105,25.418077
39106,26.769552
39107,28.541239
39108,29.798788
39109,20.88429
39110,24.344982
39111,24.344982
39112,26.301123
39113,27.703115
39114,29.474804
39115,30.744812
39116,21.62441
39117,25.009834
39118,25.163763
39119,26.91966
39120,28.916367
39121,30.64943
39122,32.14325
39123,22.49092
39124,26.1535
39125,26.1535
39126,28.022709
39127,30.099249
39128,31.785992
39129,33.37713
39130,23.265602
39131,26.767204
39132,26.767204
39133,28.62647
39134,30.664383
39135,32.792778
39136,34.121037
39137,23.973137
39138,27.219965
39139,27.219965
39140,29.281397
39141,31.622574
39142,33.6918
39143,35.250748
39144,24.443981
39145,28.184088
39146,28.184088
39147,30.44563
39148,32.35087
39149,34.338108
39150,16.894302
39151,19.981434
39152,19.85234
39153,20.375818
39154,20.090195
39155,21.942398
39156,24.70947
39157,17.170895
39158,19.558495
39159,19.558495
39160,20.856796
39161,22.017555
39162,23.266851
39163,25.06191
39164,17.436504
39165,19.910934
39166,20.317238
39167,21.61554
39168,22.96516
39169,24.436514
39170,25.676928
39171,18.085604
39172,20.821648
39173,21.055729
39174,22.36463
39175,23.847775
39176,25.31913
39177,26.946985
39178,18.527689
39179,21.717894
39180,21.798025
39181,23.613768
39182,24.601332
39183,26.808022
39184,28.284386
39185,19.371456
39186,22.77018
39187,22.77018
39188,24.807648
39189,25.93208
39190,27.741316
39191,29.432117
39192,20.181234
39193,23.505766
39194,23.624432
39195,25.418077
39196,26.769552
39197,28.703272
39198,29.97328
39199,21.142485
39200,24.344982
39201,24.344982
39202,26.301123
39203,27.703115
39204,29.474804
39205,31.30309
39206,21.70455
39207,25.163763
39208,25.163763
39209,26.91966
39210,28.916367
39211,30.752785
39212,32.14325
39213,22.49092
39214,26.1535
39215,26.1535
39216,28.022709
39217,30.099249
39218,31.785992
39219,33.37713
39220,23.265602
39221,26.767204
39222,26.767204
39223,28.62647
39224,30.664383
39225,32.792778
39226,34.121037
39227,23.973137
39228,27.219965
39229,27.219965
39230,29.281397
39231,31.622574
39232,33.6918
39233,35.250748
39234,24.443981
39235,28.184088
39236,28.184088
39237,30.44563
39238,32.35087
39239,34.338108
39240,15.420581
39241,18.0155
39242,19.69354
39243,19.432604
39244,21.44208
39245,21.519169
39246,24.048592
39247,16.6872
39248,19.075
39249,19.281902
39250,20.346127
39251,22.097687
39252,23.266851
39253,24.70947
39254,17.170895
39255,19.558495
39256,19.910934
39257,21.209236
39258,22.558853
39259,24.436514
39260,25.468214
39261,17.825678
39262,20.317238
39263,20.317238
39264,22.228617
39265,23.452444
39266,24.9238
39267,26.164213
39268,18.238604
39269,21.231073
39270,21.231073
39271,23.613768
39272,24.436417
39273,25.964834
39274,27.204466
39275,18.852276
39276,22.417006
39277,22.417006
39278,24.615122
39279,25.54994
39280,27.32222
39281,28.421803
39282,19.70527
39283,23.12952
39284,23.398582
39285,25.266323
39286,26.617798
39287,28.470158
39288,29.636755
39289,20.65021
39290,24.086784
39291,24.344982
39292,25.932806
39293,27.505363
39294,29.474804
39295,30.744812
39296,21.327875
39297,25.009834
39298,25.009834
39299,26.689814
39300,28.431267
39301,30.64943
39302,32.03989
39303,22.315018
39304,25.886826
39305,26.1535
39306,27.569435
39307,30.099249
39308,31.785992
39309,33.176437
39310,23.22634
39311,26.51352
39312,26.767204
39313,28.564285
39314,30.664383
39315,32.302555
39316,34.121037
39317,23.80347
39318,27.050295
39319,27.219965
39320,29.281397
39321,31.319315
39322,33.530056
39323,35.250748
39324,24.046204
39325,27.936033
39326,28.184088
39327,30.206892
39328,32.35087
39329,34.300564
39330,24.899149
39331,28.702045
39332,28.945889
39333,30.846231
39334,34.237972
39335,34.3234
39336,37.616936
39337,25.252207
39338,29.419392
39339,29.419392
39340,31.28255
39341,33.53272
39342,35.42375
39343,37.616936
39344,25.3467
39345,29.976398
39346,29.976398
39347,31.8008
39348,33.968834
39349,36.08193
39350,38.275112
39351,25.837793
39352,29.976398
39353,29.976398
39354,31.833435
39355,34.00147
39356,36.293243
39357,38.389877
39358,25.84072
39359,30.06371
39360,30.06371
39361,32.17901
39362,34.42918
39363,37.005493
39364,39.13959
39365,26.344328
39366,31.03375
39367,31.03375
39368,32.878963
39369,35.419746
39370,37.922573
39371,40.081146
39372,26.87716
39373,31.600647
39374,31.600647
39375,33.521805
39376,36.062588
39377,38.565414
39378,40.728855
39379,27.383038
39380,32.06801
39381,32.06801
39382,34.50277
39383,36.85384
39384,39.334286
39385,41.036938
39386,28.235023
39387,32.66696
39388,32.66696
39389,34.860237
39390,37.102356
39391,39.78024
39392,41.614216
39393,28.584175
39394,33.127983
39395,33.127983
39396,35.44149
39397,37.80066
39398,40.37383
39399,42.22058
39400,29.44017
39401,33.875767
39402,33.875767
39403,36.189274
39404,38.226284
39405,41.257565
39406,43.104317
39407,30.120102
39408,34.43044
39409,34.43044
39410,36.93858
39411,39.250973
39412,41.57093
39413,43.579914
39414,30.883852
39415,35.217224
39416,35.217224
39417,37.476646
39418,39.844387
39419,42.16434
39420,20.125862
39421,24.285751
39422,23.608166
39423,25.159815
39424,26.160566
39425,29.282442
39426,29.7158
39427,20.982815
39428,24.08672
39429,24.08672
39430,25.674543
39431,27.2471
39432,29.282442
39433,30.487331
39434,21.168205
39435,24.455036
39436,24.455036
39437,26.04286
39438,28.107664
39439,29.840721
39440,31.045609
39441,21.698807
39442,24.9055
39443,25.135347
39444,26.622751
39445,28.646273
39446,30.379335
39447,31.835062
39448,22.116701
39449,25.412716
39450,25.589916
39451,27.264116
39452,29.634142
39453,31.32089
39454,33.125736
39455,23.004335
39456,26.291515
39457,26.474873
39458,28.271954
39459,30.590366
39460,32.228542
39461,33.580112
39462,23.506338
39463,26.790743
39464,27.011648
39465,28.808733
39466,30.873463
39467,32.78095
39468,34.504353
39469,23.93449
39470,27.181318
39471,27.589113
39472,29.546011
39473,31.77248
39474,33.67997
39475,35.577724
39476,24.405334
39477,28.145441
39478,28.370298
39479,30.44563
39480,32.388412
39481,34.593494
39482,36.21027
39483,24.8507
39484,28.998955
39485,28.998955
39486,31.031105
39487,33.156464
39488,35.205235
39489,37.15346
39490,25.450523
39491,29.716301
39492,29.716301
39493,31.57946
39494,33.72068
39495,36.31939
39496,38.550663
39497,26.03611
39498,30.273308
39499,30.360619
39500,32.217655
39501,34.715412
39502,37.017323
39503,39.61616
39504,26.738218
39505,31.072397
39506,31.219889
39507,32.91761
39508,35.837288
39509,38.41343
39510,22.398178
39511,27.093493
39512,26.511393
39513,29.661926
39514,31.35248
39515,33.421703
39516,36.04569
39517,23.700392
39518,27.639124
39519,27.782644
39520,29.909983
39521,31.762276
39522,34.030468
39523,35.76264
39524,24.470522
39525,28.112036
39526,28.112036
39527,30.186262
39528,32.118317
39529,34.150146
39530,35.58887
39531,24.470522
39532,28.149578
39533,28.149578
39534,30.186262
39535,32.118317
39536,34.150146
39537,35.58887
39538,24.470522
39539,28.149578
39540,28.149578
39541,30.444525
39542,32.549793
39543,34.6638
39544,36.15957
39545,24.812054
39546,28.589771
39547,28.960308
39548,30.992458
39549,32.966694
39550,35.193405
39551,37.10276
39552,25.09829
39553,29.138252
39554,29.677654
39555,31.540813
39556,33.70885
39557,35.68202
39558,37.87442
39559,25.997463
39560,30.234661
39561,30.234661
39562,32.091698
39563,34.259735
39564,36.389515
39565,39.13959
39566,26.344328
39567,30.678509
39568,31.03375
39569,32.709446
39570,35.22341
39571,37.651356
39572,39.824326
39573,26.916265
39574,31.639294
39575,31.639294
39576,33.396637
39577,36.074417
39578,38.577244
39579,40.779556
39580,27.421684
39581,32.106655
39582,32.106655
39583,34.541416
39584,36.86567
39585,39.346115
39586,41.28642
39587,28.27367
39588,32.70561
39589,32.835968
39590,34.860237
39591,37.102356
39592,39.78024
39593,41.614216
39594,28.876194
39595,33.127983
39596,33.127983
39597,35.44149
39598,38.04248
39599,40.37383
39600,51.742054
39601,60.621536
39602,59.457897
39603,61.846752
39604,68.59163
39605,69.93783
39606,74.77531
39607,51.37053
39608,59.714233
39609,59.193893
39610,63.224434
39611,67.46026
39612,71.34796
39613,74.998375
39614,51.37053
39615,59.193893
39616,59.193893
39617,63.319313
39618,67.46026
39619,71.68083
39620,74.998375
39621,51.37053
39622,59.193893
39623,59.193893
39624,63.319313
39625,67.46026
39626,71.68083
39627,74.998375
39628,51.37053
39629,59.193893
39630,59.193893
39631,63.707268
39632,67.84819
39633,72.06876
39634,75.515236
39635,51.585938
39636,59.642635
39637,59.642635
39638,64.40696
39639,68.73287
39640,72.425865
39641,75.92908
39642,51.97856
39643,60.09746
39644,60.41173
39645,64.40292
39646,68.728836
39647,72.837204
39648,76.340416
39649,52.513363
39650,60.984917
39651,61.403038
39652,64.821045
39653,69.146965
39654,73.39666
39655,76.89987
39656,52.900024
39657,61.605537
39658,61.605537
39659,65.11728
39660,69.434204
39661,73.40849
39662,76.95058
39663,53.286205
39664,62.10275
39665,62.10275
39666,65.4361
39667,69.9701
39668,74.295555
39669,78.034836
39670,53.286205
39671,62.197628
39672,62.197628
39673,65.4361
39674,69.9701
39675,74.51862
39676,78.29121
39677,53.286205
39678,62.197628
39679,62.197628
39680,65.4361
39681,69.9701
39682,74.51862
39683,78.29121
39684,53.286205
39685,62.197628
39686,62.197628
39687,65.4361
39688,69.9701
39689,74.51862
39690,76.20311
39691,91.072525
39692,91.58329
39693,95.77961
39694,97.33294
39695,105.18145
39696,112.90295
39697,76.46121
39698,88.84155
39699,88.84155
39700,95.4608
39701,100.12874
39702,105.768654
39703,111.70543
39704,76.46121
39705,88.06455
39706,88.06455
39707,95.4608
39708,100.65309
39709,105.768654
39710,111.70543
39711,76.46121
39712,88.06455
39713,88.06455
39714,95.4608
39715,100.65309
39716,105.768654
39717,111.70543
39718,76.46121
39719,88.06455
39720,88.06455
39721,95.56446
39722,100.75675
39723,105.872314
39724,111.80909
39725,76.56487
39726,88.16821
39727,88.16821
39728,95.56446
39729,100.75675
39730,105.872314
39731,111.80909
39732,76.56487
39733,88.16821
39734,88.16821
39735,95.56446
39736,100.75675
39737,105.872314
39738,111.80909
39739,76.56487
39740,88.16821
39741,88.16821
39742,95.56446
39743,100.75675
39744,105.872314
39745,111.80909
39746,76.56487
39747,88.16821
39748,88.16821
39749,95.70554
39750,100.81594
39751,105.9315
39752,111.86828
39753,76.705956
39754,88.309296
39755,88.309296
39756,95.70554
39757,100.81594
39758,105.9315
39759,111.86828
39760,76.705956
39761,88.309296
39762,88.309296
39763,95.70554
39764,100.81594
39765,105.9315
39766,111.86828
39767,76.705956
39768,88.309296
39769,88.309296
39770,95.70554
39771,100.81594
39772,105.9315
39773,111.86828
39774,76.705956
39775,88.309296
39776,88.309296
39777,95.70554
39778,100.81594
39779,105.9315
39780,67.59442
39781,75.100464
39782,83.67672
39783,88.84491
39784,92.09318
39785,96.975075
39786,101.37534
39787,69.21197
39788,79.03244
39789,81.76981
39790,87.84368
39791,92.81715
39792,97.528656
39793,102.11475
39794,70.014755
39795,81.25124
39796,82.20515
39797,87.511375
39798,93.25588
39799,97.99583
39800,102.553535
39801,70.643936
39802,82.20515
39803,82.20515
39804,87.511375
39805,93.25588
39806,97.99583
39807,102.553535
39808,70.643936
39809,82.20515
39810,82.20515
39811,87.669815
39812,93.41432
39813,98.15427
39814,102.711975
39815,70.7476
39816,82.36359
39817,82.36359
39818,87.669815
39819,93.41432
39820,98.15427
39821,102.711975
39822,70.7476
39823,82.36359
39824,82.36359
39825,87.669815
39826,93.41432
39827,98.15427
39828,102.711975
39829,70.7476
39830,82.36359
39831,82.36359
39832,87.669815
39833,93.41432
39834,98.15427
39835,102.711975
39836,70.7476
39837,82.36359
39838,82.36359
39839,87.76354
39840,93.426155
39841,98.1661
39842,102.76268
39843,70.841324
39844,82.45731
39845,82.45731
39846,87.76354
39847,93.426155
39848,98.1661
39849,102.76268
39850,70.841324
39851,82.45731
39852,82.45731
39853,87.76354
39854,93.426155
39855,98.1661
39856,102.76268
39857,70.841324
39858,82.45731
39859,82.45731
39860,87.76354
39861,93.426155
39862,98.1661
39863,102.76268
39864,70.841324
39865,82.45731
39866,82.45731
39867,87.76354
39868,93.426155
39869,98.1661
39870,55.829243
39871,69.94594
39872,67.41109
39873,67.83034
39874,71.15527
39875,78.68922
39876,79.23994
39877,55.37241
39878,65.72957
39879,64.23719
39880,67.83034
39881,71.947586
39882,78.02006
39883,80.51897
39884,54.59587
39885,63.726665
39886,63.726665
39887,67.83034
39888,71.947586
39889,76.77881
39890,80.51897
39891,54.289406
39892,63.726665
39893,63.726665
39894,67.83034
39895,71.947586
39896,76.52244
39897,80.51897
39898,54.289406
39899,63.726665
39900,63.726665
39901,68.166794
39902,72.28404
39903,76.858894
39904,80.85464
39905,54.51824
39906,64.06314
39907,64.06314
39908,68.166794
39909,72.28404
39910,76.858894
39911,80.85464
39912,54.51824
39913,64.06314
39914,64.06314
39915,68.166794
39916,72.28404
39917,76.858894
39918,80.85464
39919,54.51824
39920,64.06314
39921,64.06314
39922,68.166794
39923,72.28404
39924,76.858894
39925,80.85464
39926,54.51824
39927,64.06314
39928,64.06314
39929,68.26052
39930,72.295876
39931,76.87073
39932,80.90534
39933,54.55689
39934,64.15687
39935,64.15687
39936,68.26052
39937,72.295876
39938,76.87073
39939,80.90534
39940,54.55689
39941,64.15687
39942,64.15687
39943,68.26052
39944,72.295876
39945,76.87073
39946,80.90534
39947,54.55689
39948,64.15687
39949,64.15687
39950,68.26052
39951,72.295876
39952,76.87073
39953,80.90534
39954,54.55689
39955,64.15687
39956,64.15687
39957,68.26052
39958,72.295876
39959,76.87073
39960,42.504177
39961,48.504574
39962,51.007156
39963,54.62382
39964,56.474705
39965,61.518944
39966,63.411568
39967,42.504177
39968,49.808945
39969,50.608345
39970,53.697376
39971,56.700745
39972,60.862465
39973,64.39708
39974,42.504177
39975,49.808945
39976,49.808945
39977,53.697376
39978,56.700745
39979,60.862465
39980,64.39708
39981,42.504177
39982,49.808945
39983,49.808945
39984,53.697376
39985,56.700745
39986,60.862465
39987,64.39708
39988,42.504177
39989,49.808945
39990,49.808945
39991,54.03248
39992,57.035847
39993,61.25042
39994,64.784225
39995,43.192886
39996,50.751858
39997,50.751858
39998,54.608646
39999,57.7315
40000,61.909573
40001,65.620834
40002,43.61892
40003,51.47784
40004,51.47784
40005,55.343956
40006,58.66967
40007,62.96354
40008,66.82535
40009,44.203323
40010,52.341763
40011,52.341763
40012,55.41003
40013,59.41196
40014,64.215546
40015,67.42087
40016,44.494026
40017,52.90608
40018,52.90608
40019,56.047485
40020,60.624985
40021,64.62487
40022,68.11302
40023,44.78289
40024,53.543182
40025,53.543182
40026,56.67713
40027,60.55901
40028,64.62487
40029,68.11302
40030,44.78289
40031,53.543182
40032,53.543182
40033,56.67713
40034,60.55901
40035,64.62487
40036,68.11302
40037,44.78289
40038,53.543182
40039,53.543182
40040,56.67713
40041,60.55901
40042,64.62487
40043,68.11302
40044,44.78289
40045,53.543182
40046,53.543182
40047,56.67713
40048,60.55901
40049,64.62487
40050,39.776516
40051,46.21173
40052,45.43309
40053,49.921143
40054,51.956676
40055,54.963238
40056,58.102478
40057,40.04602
40058,45.930805
40059,45.930805
40060,49.302303
40061,52.326485
40062,54.963238
40063,58.102478
40064,40.04602
40065,45.930805
40066,45.930805
40067,49.302303
40068,52.326485
40069,54.963238
40070,58.102478
40071,40.04602
40072,45.930805
40073,45.930805
40074,49.302303
40075,52.326485
40076,54.963238
40077,58.102478
40078,40.04602
40079,45.930805
40080,45.930805
40081,49.637405
40082,52.661587
40083,55.936268
40084,59.074726
40085,40.448486
40086,46.431866
40087,46.431866
40088,50.064655
40089,53.736477
40090,56.620483
40091,60.110443
40092,41.02581
40093,47.072132
40094,47.275467
40095,51.27488
40096,54.193428
40097,57.077435
40098,60.48155
40099,41.205658
40100,47.81701
40101,47.855267
40102,51.862682
40103,54.9229
40104,57.806908
40105,61.21102
40106,41.90469
40107,48.403015
40108,48.403015
40109,52.87743
40110,55.595806
40111,58.569633
40112,62.298058
40113,42.109962
40114,49.16526
40115,49.16526
40116,53.09
40117,56.06655
40118,60.07734
40119,63.826176
40120,42.62983
40121,50.04764
40122,50.04764
40123,53.845085
40124,56.821636
40125,61.26225
40126,64.83493
40127,43.231533
40128,50.790504
40129,50.790504
40130,54.647293
40131,57.74333
40132,61.921402
40133,65.67154
40134,43.657566
40135,51.516487
40136,51.516487
40137,55.382603
40138,58.6815
40139,62.97537
40140,38.349525
40141,44.73873
40142,46.40332
40143,47.005375
40144,52.85081
40145,53.31912
40146,57.804585
40147,39.028595
40148,44.73873
40149,44.912743
40150,47.867542
40151,51.692753
40152,54.410355
40153,57.12837
40154,38.89623
40155,44.669746
40156,44.669746
40157,47.867542
40158,51.48535
40159,54.410355
40160,56.84024
40161,38.89623
40162,44.669746
40163,44.669746
40164,47.867542
40165,51.48535
40166,54.410355
40167,56.84024
40168,38.89623
40169,44.669746
40170,44.669746
40171,48.12581
40172,51.743618
40173,54.66862
40174,57.097725
40175,39.0559
40176,44.996998
40177,44.996998
40178,48.49641
40179,51.95102
40180,54.876022
40181,57.385853
40182,39.188267
40183,44.996998
40184,44.996998
40185,48.49641
40186,51.95102
40187,54.876022
40188,57.385853
40189,39.188267
40190,44.996998
40191,44.996998
40192,48.49641
40193,51.95102
40194,54.876022
40195,57.385853
40196,39.188267
40197,44.996998
40198,44.996998
40199,48.535057
40200,51.96285
40201,54.88785
40202,57.436554
40203,39.974834
40204,45.730003
40205,45.730003
40206,49.22941
40207,52.226772
40208,55.31017
40209,57.811283
40210,40.321175
40211,46.304554
40212,46.304554
40213,50.06673
40214,53.064095
40215,56.117683
40216,58.67645
40217,40.487133
40218,47.047836
40219,47.047836
40220,51.036324
40221,53.81125
40222,56.695255
40223,59.930237
40224,41.246258
40225,47.755543
40226,47.855656
40227,51.60523
40228,54.205257
40229,57.818737
40230,67.55202
40231,78.40067
40232,73.73224
40233,83.299675
40234,89.910675
40235,93.24273
40236,96.325775
40237,67.08015
40238,77.89209
40239,76.03987
40240,82.66369
40241,87.68463
40242,92.90551
40243,96.97429
40244,67.08015
40245,77.89209
40246,77.2854
40247,82.66369
40248,87.90514
40249,93.00989
40250,96.97429
40251,67.08015
40252,77.89209
40253,77.89209
40254,82.66369
40255,87.90514
40256,92.90551
40257,96.97429
40258,67.08015
40259,77.89209
40260,77.89209
40261,82.87556
40262,88.11701
40263,93.221756
40264,97.13273
40265,67.237236
40266,78.10396
40267,78.10396
40268,82.87556
40269,88.017914
40270,93.11738
40271,97.266716
40272,67.237236
40273,78.10396
40274,78.10396
40275,82.87556
40276,88.017914
40277,93.11738
40278,97.266716
40279,67.237236
40280,78.10396
40281,78.10396
40282,82.87556
40283,88.017914
40284,93.11738
40285,97.266716
40286,67.237236
40287,78.10396
40288,78.10396
40289,82.969284
40290,88.02975
40291,93.12921
40292,97.31742
40293,67.33096
40294,78.197685
40295,78.833664
40296,83.60527
40297,89.213295
40298,94.29046
40299,98.47867
40300,68.316696
40301,79.104996
40302,79.104996
40303,83.74316
40304,89.33339
40305,94.82521
40306,98.827
40307,68.316696
40308,79.46205
40309,79.46205
40310,83.74316
40311,89.33339
40312,94.82521
40313,98.827
40314,68.316696
40315,79.46205
40316,79.46205
40317,83.74316
40318,89.33339
40319,94.82521
40320,59.171227
40321,66.53687
40322,69.4606
40323,71.50478
40324,74.160194
40325,81.98503
40326,85.94854
40327,58.606373
40328,66.92716
40329,67.77907
40330,71.34055
40331,76.08269
40332,81.98503
40333,85.61155
40334,57.680622
40335,66.92716
40336,67.17113
40337,71.34055
40338,76.269135
40339,81.33854
40340,84.69188
40341,56.652077
40342,66.53687
40343,66.78084
40344,71.281715
40345,76.269135
40346,81.33854
40347,84.69188
40348,56.593246
40349,66.478035
40350,66.478035
40351,71.61817
40352,76.60559
40353,81.674995
40354,85.02755
40355,56.880913
40356,66.87333
40357,66.87333
40358,71.67701
40359,76.60559
40360,81.674995
40361,85.02755
40362,56.880913
40363,66.87333
40364,66.87333
40365,71.67701
40366,76.60559
40367,81.674995
40368,85.02755
40369,56.880913
40370,66.87333
40371,66.87333
40372,71.67701
40373,76.60559
40374,81.674995
40375,85.02755
40376,56.880913
40377,66.87333
40378,66.87333
40379,71.77074
40380,76.617424
40381,81.68683
40382,85.078255
40383,56.91956
40384,66.96706
40385,66.96706
40386,71.77074
40387,76.617424
40388,81.68683
40389,85.078255
40390,56.91956
40391,66.96706
40392,66.96706
40393,71.77074
40394,76.617424
40395,81.68683
40396,85.078255
40397,56.91956
40398,66.96706
40399,66.96706
40400,71.77074
40401,76.617424
40402,81.68683
40403,85.078255
40404,56.91956
40405,66.96706
40406,66.96706
40407,71.77074
40408,76.617424
40409,81.68683
40410,61.515976
40411,72.585045
40412,67.57423
40413,74.72737
40414,76.50611
40415,81.91662
40416,87.669655
40417,59.79765
40418,69.358475
40419,68.516815
40420,73.48017
40421,78.2832
40422,83.28656
40423,87.52584
40424,59.232796
40425,69.12476
40426,68.516815
40427,73.257095
40428,78.9869
40429,83.28656
40430,87.52584
40431,59.232796
40432,69.12476
40433,68.516815
40434,73.257095
40435,78.9869
40436,83.28656
40437,87.52584
40438,59.232796
40439,69.12476
40440,68.516815
40441,73.59355
40442,79.32336
40443,83.62302
40444,87.86151
40445,59.46163
40446,69.46122
40447,68.85327
40448,73.59355
40449,79.388145
40450,83.62302
40451,87.86151
40452,59.46163
40453,69.46122
40454,68.85327
40455,73.59355
40456,79.388145
40457,83.62302
40458,87.86151
40459,59.46163
40460,69.46122
40461,68.85327
40462,73.59355
40463,79.388145
40464,83.62302
40465,87.86151
40466,59.46163
40467,69.46122
40468,68.85327
40469,73.68728
40470,79.39998
40471,83.63485
40472,87.91222
40473,59.50028
40474,69.55495
40475,68.947
40476,73.68728
40477,79.39998
40478,83.63485
40479,87.91222
40480,59.50028
40481,69.55495
40482,68.947
40483,73.68728
40484,79.39998
40485,83.63485
40486,87.91222
40487,59.50028
40488,69.55495
40489,68.947
40490,73.68728
40491,79.39998
40492,83.63485
40493,87.91222
40494,59.50028
40495,69.55495
40496,68.947
40497,73.68728
40498,79.39998
40499,83.63485
40500,34.913097
40501,41.38739
40502,41.993378
40503,44.578777
40504,48.4687
40505,51.57482
40506,53.29383
40507,36.2105
40508,41.993378
40509,42.129818
40510,45.148132
40511,48.4687
40512,51.57482
40513,54.000114
40514,36.48396
40515,42.129818
40516,42.129818
40517,45.322144
40518,48.63295
40519,51.57482
40520,54.000114
40521,36.64821
40522,42.294067
40523,42.294067
40524,45.486393
40525,48.63295
40526,51.57482
40527,54.000114
40528,36.64821
40529,42.294067
40530,42.294067
40531,45.74466
40532,48.891216
40533,51.833088
40534,54.2576
40535,36.80788
40536,43.30104
40537,43.30104
40538,46.215622
40539,49.282413
40540,52.421814
40541,54.857876
40542,37.739483
40543,43.608273
40544,43.608273
40545,46.65387
40546,50.320633
40547,53.31867
40548,55.856903
40549,38.12841
40550,43.697224
40551,43.697224
40552,46.74282
40553,50.484577
40554,53.4278
40555,56.186836
40556,38.809174
40557,44.681286
40558,44.681286
40559,47.4763
40560,51.31713
40561,54.260353
40562,56.72833
40563,38.84782
40564,44.719933
40565,44.96666
40566,48.164455
40567,51.755447
40568,54.68045
40569,57.148426
40570,39.226913
40571,45.035645
40572,45.035645
40573,48.535057
40574,51.96285
40575,54.88785
40576,57.436554
40577,39.974834
40578,45.904015
40579,45.904015
40580,49.22941
40581,52.673416
40582,55.31017
40583,57.811283
40584,40.321175
40585,46.397617
40586,46.397617
40587,50.06673
40588,53.064095
40589,56.117683
40590,52.276855
40591,59.8612
40592,61.152214
40593,65.00591
40594,71.04348
40595,73.0602
40596,76.82057
40597,52.67119
40598,60.74873
40599,61.269062
40600,64.687096
40601,69.418785
40602,73.0602
40603,76.5642
40604,52.67119
40605,61.269062
40606,61.269062
40607,64.687096
40608,69.085915
40609,73.0602
40610,76.5642
40611,52.67119
40612,61.269062
40613,61.269062
40614,64.687096
40615,69.085915
40616,73.0602
40617,76.5642
40618,52.67119
40619,61.269062
40620,61.269062
40621,65.02355
40622,69.42237
40623,73.39666
40624,76.89987
40625,52.900024
40626,61.605537
40627,61.605537
40628,65.02355
40629,69.42237
40630,73.39666
40631,76.89987
40632,52.900024
40633,61.605537
40634,61.605537
40635,65.02355
40636,69.42237
40637,73.39666
40638,76.89987
40639,52.900024
40640,61.605537
40641,61.605537
40642,65.02355
40643,69.42237
40644,73.39666
40645,76.89987
40646,52.900024
40647,61.605537
40648,61.605537
40649,65.11728
40650,69.434204
40651,73.40849
40652,76.95058
40653,53.286205
40654,62.10275
40655,62.10275
40656,65.4361
40657,69.9701
40658,74.295555
40659,78.034836
40660,53.286205
40661,62.197628
40662,62.197628
40663,65.4361
40664,69.9701
40665,74.51862
40666,78.29121
40667,53.286205
40668,62.197628
40669,62.197628
40670,65.4361
40671,69.9701
40672,74.51862
40673,78.29121
40674,53.286205
40675,62.197628
40676,62.197628
40677,65.4361
40678,69.9701
40679,74.51862
40680,46.16294
40681,54.025467
40682,55.61021
40683,59.46055
40684,57.99658
40685,67.04503
40686,70.69619
40687,46.985176
40688,54.44815
40689,54.44815
40690,58.97835
40691,60.73235
40692,67.04503
40693,70.36332
40694,47.21627
40695,54.44815
40696,54.44815
40697,57.85904
40698,62.783974
40699,67.04503
40700,70.36332
40701,47.21627
40702,54.44815
40703,54.44815
40704,57.909348
40705,63.221725
40706,67.04503
40707,70.36332
40708,47.21627
40709,54.44815
40710,54.44815
40711,58.24445
40712,63.60968
40713,67.43296
40714,70.750465
40715,47.452778
40716,54.783253
40717,54.783253
40718,58.19414
40719,63.60968
40720,67.43296
40721,70.750465
40722,47.452778
40723,54.783253
40724,54.783253
40725,58.19414
40726,63.60968
40727,67.43296
40728,70.750465
40729,47.452778
40730,54.783253
40731,54.783253
40732,58.19414
40733,63.60968
40734,67.43296
40735,70.750465
40736,47.452778
40737,54.783253
40738,54.783253
40739,58.232788
40740,63.62151
40741,67.44479
40742,70.80117
40743,47.491425
40744,54.8219
40745,54.8219
40746,58.232788
40747,63.62151
40748,67.44479
40749,70.80117
40750,47.491425
40751,54.8219
40752,54.8219
40753,58.232788
40754,63.62151
40755,67.44479
40756,70.80117
40757,47.491425
40758,54.8219
40759,54.8219
40760,58.232788
40761,63.62151
40762,67.44479
40763,70.80117
40764,47.491425
40765,54.8219
40766,54.8219
40767,58.232788
40768,63.62151
40769,67.44479
40770,41.55458
40771,51.838497
40772,48.813637
40773,53.874733
40774,57.396397
40775,63.232063
40776,64.99154
40777,43.268494
40778,51.007156
40779,50.815567
40780,54.72905
40781,57.91271
40782,62.41351
40783,65.61965
40784,43.382412
40785,51.334328
40786,51.748997
40787,55.008854
40788,58.334568
40789,63.232063
40790,66.4382
40791,43.98867
40792,52.00666
40793,52.00666
40794,55.07493
40795,59.07686
40796,63.33234
40797,66.538475
40798,43.966816
40799,52.00666
40800,52.00666
40801,55.41003
40802,59.656315
40803,63.720295
40804,67.42087
40805,44.42337
40806,52.806995
40807,52.90608
40808,56.00884
40809,60.379253
40810,64.61304
40811,68.06232
40812,44.744244
40813,53.504536
40814,53.504536
40815,56.638485
40816,60.54718
40817,64.61304
40818,68.06232
40819,44.744244
40820,53.504536
40821,53.504536
40822,56.638485
40823,60.54718
40824,64.61304
40825,68.06232
40826,44.744244
40827,53.504536
40828,53.504536
40829,56.67713
40830,60.55901
40831,64.62487
40832,68.11302
40833,44.78289
40834,53.543182
40835,53.543182
40836,56.67713
40837,60.55901
40838,64.62487
40839,68.11302
40840,44.78289
40841,53.543182
40842,53.543182
40843,56.67713
40844,60.55901
40845,64.62487
40846,68.11302
40847,44.78289
40848,53.543182
40849,53.543182
40850,56.67713
40851,60.55901
40852,64.62487
40853,68.11302
40854,44.78289
40855,53.543182
40856,53.543182
40857,56.67713
40858,60.55901
40859,64.62487
40860,32.816975
40861,37.793957
40862,36.862408
40863,39.282116
40864,43.921207
40865,43.38967
40866,44.34843
40867,31.90257
40868,36.979458
40869,36.654404
40870,39.066574
40871,41.313805
40872,43.459625
40873,45.337986
40874,31.803854
40875,36.41731
40876,36.41731
40877,38.82948
40878,41.030674
40879,43.459625
40880,45.763226
40881,31.803854
40882,36.41731
40883,36.41731
40884,38.82948
40885,41.030674
40886,43.459625
40887,45.763226
40888,31.803854
40889,36.41731
40890,36.41731
40891,39.087746
40892,41.28894
40893,43.71789
40894,46.02071
40895,31.963531
40896,36.675575
40897,36.91267
40898,39.32484
40899,41.57207
40900,43.886806
40901,46.189625
40902,32.02312
40903,36.91267
40904,36.91267
40905,39.32484
40906,41.57207
40907,43.886806
40908,46.189625
40909,32.02312
40910,36.91267
40911,36.91267
40912,39.32484
40913,41.57207
40914,43.886806
40915,46.189625
40916,32.02312
40917,36.91267
40918,36.91267
40919,39.363487
40920,41.5839
40921,43.898636
40922,46.240326
40923,32.061768
40924,36.951317
40925,37.15932
40926,39.69608
40927,41.916492
40928,44.231228
40929,46.572918
40930,32.100887
40931,37.15932
40932,37.27637
40933,39.69608
40934,41.916492
40935,44.231228
40936,46.572918
40937,32.100887
40938,37.27637
40939,37.6402
40940,39.79556
40941,42.374203
40942,44.688942
40943,47.030632
40944,32.464714
40945,38.09087
40946,38.09087
40947,40.361485
40948,43.026993
40949,45.07242
40950,32.816975
40951,37.793957
40952,37.34329
40953,38.71243
40954,41.529346
40955,45.227562
40956,48.125534
40957,32.421207
40958,37.793957
40959,37.793957
40960,40.06457
40961,42.670033
40962,45.227562
40963,48.125534
40964,32.599094
40965,37.88082
40966,37.88082
40967,40.151436
40968,42.756897
40969,45.227562
40970,48.125534
40971,32.599094
40972,37.88082
40973,37.88082
40974,40.151436
40975,42.756897
40976,45.227562
40977,48.125534
40978,32.599094
40979,37.88082
40980,37.88082
40981,40.409702
40982,43.015163
40983,45.48583
40984,48.38302
40985,32.758766
40986,38.139088
40987,38.139088
40988,40.409702
40989,43.015163
40990,45.48583
40991,48.38302
40992,32.758766
40993,38.139088
40994,38.139088
40995,40.409702
40996,43.015163
40997,45.48583
40998,48.38302
40999,32.758766
41000,38.139088
41001,38.139088
41002,40.409702
41003,43.015163
41004,45.48583
41005,48.38302
41006,32.758766
41007,38.139088
41008,38.139088
41009,40.44835
41010,43.026993
41011,45.497658
41012,48.43372
41013,32.797413
41014,38.177734
41015,38.177734
41016,40.44835
41017,43.026993
41018,45.497658
41019,48.43372
41020,32.797413
41021,38.177734
41022,38.177734
41023,40.44835
41024,43.026993
41025,45.497658
41026,48.43372
41027,32.797413
41028,38.177734
41029,38.177734
41030,40.44835
41031,43.026993
41032,45.497658
41033,48.43372
41034,32.797413
41035,38.177734
41036,38.177734
41037,40.44835
41038,43.026993
41039,45.497658
41040,26.153696
41041,29.663414
41042,30.332848
41043,31.28255
41044,33.719723
41045,33.651318
41046,37.122574
41047,25.3467
41048,29.485294
41049,29.485294
41050,31.28255
41051,33.450584
41052,35.341618
41053,37.616936
41054,25.837793
41055,29.976398
41056,29.976398
41057,31.8008
41058,34.00147
41059,36.08193
41060,38.275112
41061,25.837793
41062,29.976398
41063,29.976398
41064,31.833435
41065,34.083603
41066,36.342564
41067,38.389877
41068,25.84072
41069,30.06371
41070,30.06371
41071,32.17901
41072,34.42918
41073,37.005493
41074,39.13959
41075,26.344328
41076,31.03375
41077,31.03375
41078,32.878963
41079,35.419746
41080,37.922573
41081,40.081146
41082,26.87716
41083,31.600647
41084,31.600647
41085,33.521805
41086,36.062588
41087,38.565414
41088,40.728855
41089,27.383038
41090,32.06801
41091,32.06801
41092,34.50277
41093,36.85384
41094,39.334286
41095,41.036938
41096,28.235023
41097,32.66696
41098,32.66696
41099,34.860237
41100,37.102356
41101,39.78024
41102,41.614216
41103,28.584175
41104,33.127983
41105,33.127983
41106,35.44149
41107,37.80066
41108,40.37383
41109,42.22058
41110,29.44017
41111,33.875767
41112,33.875767
41113,36.189274
41114,38.226284
41115,41.257565
41116,43.104317
41117,30.120102
41118,34.43044
41119,34.43044
41120,36.93858
41121,39.250973
41122,41.57093
41123,43.579914
41124,30.883852
41125,35.217224
41126,35.217224
41127,37.476646
41128,39.844387
41129,42.16434
41130,52.659985
41131,62.495182
41132,58.40871
41133,60.2344
41134,66.33294
41135,70.43047
41136,75.63569
41137,51.37053
41138,59.457897
41139,57.51938
41140,62.785152
41141,66.82559
41142,70.88992
41143,74.79385
41144,50.742245
41145,58.842686
41146,57.569687
41147,62.88003
41148,66.33294
41149,70.39728
41150,74.11475
41151,49.858418
41152,57.51938
41153,57.569687
41154,62.88003
41155,66.33294
41156,70.39728
41157,74.11475
41158,49.858418
41159,57.569687
41160,57.569687
41161,63.267986
41162,66.72087
41163,70.78521
41164,74.5019
41165,50.094925
41166,57.90479
41167,57.90479
41168,63.267986
41169,66.72087
41170,70.78521
41171,74.5019
41172,50.094925
41173,57.90479
41174,57.90479
41175,63.267986
41176,66.72087
41177,70.78521
41178,74.5019
41179,50.094925
41180,57.90479
41181,57.90479
41182,63.267986
41183,66.72087
41184,70.78521
41185,74.5019
41186,50.094925
41187,57.90479
41188,57.90479
41189,63.361706
41190,66.732704
41191,70.79704
41192,74.552605
41193,50.13357
41194,57.943436
41195,57.943436
41196,63.361706
41197,66.732704
41198,70.79704
41199,74.552605
41200,50.13357
41201,57.943436
41202,57.943436
41203,63.361706
41204,66.732704
41205,70.79704
41206,74.552605
41207,50.13357
41208,57.943436
41209,57.943436
41210,63.361706
41211,66.732704
41212,70.79704
41213,74.552605
41214,50.13357
41215,57.943436
41216,57.943436
41217,63.361706
41218,66.732704
41219,70.79704
41220,41.83481
41221,48.868
41222,48.074043
41223,50.16667
41224,56.395836
41225,57.714764
41226,64.06808
41227,41.7228
41228,48.67641
41229,48.67641
41230,52.34271
41231,55.71962
41232,58.688534
41233,63.3883
41234,41.83481
41235,48.79151
41236,48.79151
41237,52.71625
41238,55.71962
41239,59.36475
41240,63.3883
41241,42.21676
41242,49.53943
41243,49.53943
41244,53.081913
41245,56.08528
41246,60.596157
41247,64.06808
41248,42.354675
41249,49.673893
41250,49.673893
41251,53.80644
41252,56.809807
41253,60.86528
41254,64.784225
41255,42.740685
41256,50.144047
41257,50.144047
41258,54.209835
41259,57.332687
41260,61.66743
41261,65.620834
41262,43.505
41263,51.15067
41264,51.15067
41265,55.06415
41266,58.24781
41267,62.96354
41268,66.82535
41269,44.225178
41270,52.27569
41271,52.341763
41272,55.41003
41273,59.41196
41274,64.215546
41275,67.42087
41276,44.494026
41277,52.90608
41278,52.90608
41279,56.047485
41280,60.624985
41281,64.62487
41282,68.11302
41283,44.78289
41284,53.543182
41285,53.543182
41286,56.67713
41287,60.55901
41288,64.62487
41289,68.11302
41290,44.78289
41291,53.543182
41292,53.543182
41293,56.67713
41294,60.55901
41295,64.62487
41296,68.11302
41297,44.78289
41298,53.543182
41299,53.543182
41300,56.67713
41301,60.55901
41302,64.62487
41303,68.11302
41304,44.78289
41305,53.543182
41306,53.543182
41307,56.67713
41308,60.55901
41309,64.62487
41310,47.969254
41311,56.81967
41312,54.25656
41313,58.735004
41314,65.52383
41315,68.91876
41316,71.60916
41317,48.35168
41318,55.51943
41319,55.155468
41320,59.275543
41321,64.26432
41322,68.37041
41323,71.942024
41324,47.987717
41325,55.155468
41326,55.155468
41327,60.030895
41328,64.26432
41329,68.37041
41330,71.942024
41331,47.987717
41332,55.155468
41333,55.155468
41334,60.26426
41335,64.26432
41336,68.37041
41337,71.942024
41338,48.35168
41339,55.51943
41340,55.51943
41341,60.652214
41342,64.65225
41343,68.75834
41344,72.32917
41345,48.58819
41346,56.242897
41347,56.242897
41348,61.404457
41349,65.45231
41350,69.501335
41351,72.95445
41352,49.684124
41353,56.430813
41354,56.430813
41355,61.560757
41356,65.788994
41357,69.87018
41358,73.3638
41359,49.74871
41360,56.752354
41361,56.752354
41362,62.02067
41363,66.045006
41364,70.211426
41365,73.705055
41366,50.04044
41367,57.44357
41368,57.44357
41369,62.900486
41370,66.271484
41371,70.79704
41372,74.32954
41373,50.13357
41374,57.943436
41375,57.943436
41376,63.361706
41377,66.732704
41378,70.79704
41379,74.552605
41380,50.13357
41381,57.943436
41382,57.943436
41383,63.361706
41384,66.732704
41385,70.79704
41386,74.552605
41387,50.13357
41388,57.943436
41389,57.943436
41390,63.361706
41391,66.732704
41392,70.79704
41393,74.552605
41394,50.13357
41395,57.943436
41396,57.943436
41397,63.361706
41398,66.732704
41399,70.79704
41400,13.496959
41401,14.964806
41402,14.964806
41403,16.160065
41404,18.349577
41405,18.278713
41406,18.917393
41407,14.058785
41408,15.840662
41409,16.251484
41410,17.104229
41411,18.239288
41412,19.132349
41413,20.485546
41414,15.119049
41415,17.014452
41416,17.014452
41417,18.113375
41418,19.248434
41419,20.616247
41420,21.861725
41421,15.420581
41422,17.52422
41423,17.52422
41424,18.955135
41425,20.297096
41426,21.428497
41427,22.79918
41428,15.911859
41429,18.492971
41430,18.492971
41431,19.762243
41432,21.363985
41433,22.864239
41434,24.158573
41435,17.053972
41436,19.609856
41437,19.609856
41438,20.880981
41439,22.35595
41440,24.140974
41441,25.319391
41442,17.866732
41443,20.5755
41444,20.5755
41445,21.873802
41446,23.574694
41447,25.182062
41448,26.421694
41449,18.398273
41450,21.489336
41451,21.976156
41452,23.505041
41453,24.436417
41454,26.34073
41455,27.80307
41456,19.048077
41457,22.638655
41458,22.638655
41459,24.785294
41460,25.693296
41461,27.334051
41462,28.891602
41463,20.219881
41464,23.43723
41465,23.544413
41466,25.338058
41467,26.781384
41468,28.55307
41469,29.849491
41470,20.922937
41471,24.383629
41472,24.383629
41473,26.33977
41474,27.714947
41475,29.486635
41476,31.353792
41477,21.663057
41478,25.20241
41479,25.432257
41480,26.91966
41481,28.916367
41482,30.752785
41483,32.221634
41484,22.757593
41485,26.1535
41486,26.330162
41487,28.022709
41488,30.099249
41489,31.98668
41490,21.06295
41491,24.351652
41492,23.14032
41493,25.04115
41494,26.681725
41495,26.855244
41496,28.861391
41497,20.64698
41498,23.513668
41499,23.513668
41500,25.254313
41501,26.51129
41502,28.178442
41503,29.541307
41504,20.72462
41505,23.828522
41506,23.828522
41507,25.416346
41508,27.2471
41509,29.018787
41510,30.289577
41511,21.168205
41512,24.455036
41513,24.455036
41514,26.04286
41515,27.549387
41516,29.282442
41517,31.045609
41518,21.54488
41519,24.751572
41520,24.751572
41521,26.597658
41522,28.419436
41523,30.637598
41524,31.98919
41525,22.276371
41526,25.670979
41527,25.753681
41528,27.530788
41529,29.634142
41530,31.77416
41531,33.125736
41532,23.004335
41533,26.474873
41534,26.474873
41535,28.525639
41536,30.590366
41537,32.228542
41538,33.580112
41539,23.506338
41540,27.011648
41541,27.011648
41542,28.808733
41543,30.873463
41544,33.214966
41545,34.504353
41546,23.93449
41547,27.589113
41548,27.589113
41549,29.892931
41550,31.784311
41551,34.069477
41552,35.628426
41553,24.668839
41554,28.408945
41555,28.446487
41556,30.483171
41557,32.561623
41558,34.67563
41559,36.21027
41560,25.097466
41561,28.998955
41562,28.998955
41563,31.209044
41564,33.156464
41565,35.205235
41566,37.15346
41567,25.545017
41568,29.716301
41569,29.716301
41570,31.57946
41571,34.23893
41572,36.31939
41573,38.583298
41574,26.03611
41575,30.360619
41576,30.360619
41577,32.574192
41578,34.797546
41579,37.44319
41580,18.603018
41581,19.872707
41582,19.872707
41583,20.622719
41584,21.783474
41585,23.619295
41586,25.676928
41587,17.825678
41588,20.317238
41589,20.317238
41590,21.61554
41591,22.856434
41592,24.787786
41593,26.164213
41594,18.121012
41595,21.055729
41596,21.055729
41597,22.75996
41598,23.847775
41599,25.706572
41600,26.946985
41601,18.527689
41602,21.798025
41603,21.798025
41604,23.52042
41605,24.810362
41606,26.549759
41607,27.54559
41608,19.211786
41609,22.380392
41610,22.380392
41611,24.746647
41612,25.681465
41613,27.32222
41614,28.840899
41615,19.912172
41616,23.398582
41617,23.398582
41618,25.299412
41619,26.650887
41620,28.541239
41621,29.798788
41622,20.65021
41623,24.086784
41624,24.344982
41625,25.932806
41626,27.703115
41627,29.474804
41628,30.744812
41629,21.327875
41630,25.009834
41631,25.009834
41632,26.651167
41633,28.419436
41634,30.637598
41635,31.98919
41636,22.276371
41637,25.765476
41638,25.848179
41639,27.569435
41640,29.645973
41641,31.785992
41642,33.176437
41643,23.22634
41644,26.51352
41645,26.51352
41646,28.564285
41647,30.602198
41648,32.302555
41649,33.630814
41650,23.80347
41651,27.050295
41652,27.050295
41653,29.281397
41654,31.319315
41655,33.226795
41656,34.858315
41657,24.046204
41658,27.936033
41659,27.936033
41660,30.206892
41661,32.032368
41662,34.300564
41663,35.859512
41664,24.668839
41665,28.446487
41666,28.628418
41667,30.614199
41668,32.561623
41669,35.143665
41670,18.527689
41671,21.637625
41672,23.018757
41673,24.549385
41674,25.749136
41675,26.341045
41676,28.026905
41677,19.294987
41678,22.572918
41679,23.018757
41680,24.738998
41681,25.768314
41682,27.483053
41683,28.583418
41684,20.021564
41685,23.14032
41686,23.287819
41687,25.04115
41688,26.392624
41689,28.211895
41690,29.379274
41691,20.566845
41692,23.828522
41693,23.828522
41694,25.416346
41695,26.673323
41696,28.44501
41697,30.289577
41698,20.982815
41699,24.08672
41700,24.08672
41701,25.932806
41702,27.703115
41703,29.474804
41704,30.744812
41705,21.62441
41706,25.009834
41707,25.009834
41708,26.651167
41709,28.904535
41710,30.637598
41711,32.09255
41712,22.276371
41713,25.848179
41714,26.114853
41715,27.530788
41716,30.087418
41717,31.77416
41718,33.125736
41719,23.187693
41720,26.474873
41721,26.728558
41722,28.525639
41723,30.590366
41724,32.290726
41725,33.580112
41726,23.764824
41727,27.011648
41728,27.011648
41729,28.84738
41730,31.319315
41731,33.226795
41732,34.555054
41733,23.965519
41734,27.62776
41735,27.936033
41736,29.892931
41737,32.032368
41738,34.069477
41739,35.859512
41740,24.668839
41741,28.446487
41742,28.446487
41743,30.614199
41744,32.561623
41745,34.67563
41746,36.77242
41747,25.097466
41748,28.998955
41749,29.176899
41750,31.209044
41751,33.156464
41752,35.693848
41753,37.642075
41754,25.545017
41755,29.716301
41756,30.273308
41757,32.09771
41758,34.271564
41759,36.352024
41760,12.834339
41761,14.227225
41762,14.964806
41763,16.693403
41764,17.816238
41765,17.729296
41766,19.450731
41767,14.058785
41768,15.840662
41769,16.251484
41770,17.104229
41771,18.239288
41772,19.132349
41773,20.692448
41774,15.119049
41775,17.014452
41776,17.014452
41777,18.113375
41778,19.248434
41779,20.616247
41780,21.861725
41781,15.420581
41782,17.52422
41783,17.52422
41784,18.955135
41785,20.297096
41786,21.428497
41787,22.79918
41788,15.911859
41789,18.492971
41790,18.492971
41791,19.762243
41792,21.363985
41793,22.864239
41794,24.158573
41795,17.053972
41796,19.609856
41797,19.609856
41798,20.880981
41799,22.35595
41800,24.140974
41801,25.319391
41802,17.866732
41803,20.5755
41804,20.5755
41805,21.873802
41806,23.574694
41807,25.182062
41808,26.421694
41809,18.398273
41810,21.489336
41811,21.976156
41812,23.505041
41813,24.436417
41814,26.34073
41815,27.80307
41816,19.048077
41817,22.638655
41818,22.638655
41819,24.785294
41820,25.693296
41821,27.334051
41822,28.891602
41823,20.219881
41824,23.43723
41825,23.544413
41826,25.338058
41827,26.781384
41828,28.55307
41829,29.849491
41830,20.922937
41831,24.383629
41832,24.383629
41833,26.33977
41834,27.714947
41835,29.486635
41836,31.353792
41837,21.663057
41838,25.20241
41839,25.432257
41840,26.91966
41841,28.916367
41842,30.752785
41843,32.221634
41844,22.757593
41845,26.1535
41846,26.330162
41847,28.022709
41848,30.099249
41849,31.98668
41850,13.335532
41851,14.728421
41852,15.307322
41853,16.160065
41854,17.295124
41855,18.071812
41856,19.891714
41857,14.058785
41858,15.840662
41859,16.251484
41860,17.104229
41861,18.239288
41862,19.639965
41863,20.865162
41864,15.119049
41865,17.014452
41866,17.260632
41867,18.113375
41868,19.512026
41869,20.616247
41870,22.029518
41871,15.420581
41872,17.52422
41873,18.0155
41874,18.955135
41875,20.297096
41876,21.428497
41877,23.032883
41878,16.263971
41879,18.492971
41880,18.564348
41881,19.762243
41882,21.363985
41883,22.864239
41884,24.690355
41885,17.330564
41886,19.609856
41887,19.609856
41888,20.880981
41889,22.70839
41890,24.140974
41891,25.725695
41892,17.985348
41893,20.5755
41894,20.5755
41895,22.406746
41896,23.710707
41897,25.577393
41898,26.817024
41899,18.687359
41900,21.976156
41901,21.976156
41902,23.778683
41903,25.068624
41904,26.808022
41905,28.284386
41906,19.454657
41907,22.77018
41908,22.83118
41909,24.846294
41910,26.038408
41911,28.344366
41912,29.48282
41913,20.327065
41914,23.663078
41915,23.663078
41916,25.618757
41917,26.943417
41918,29.288881
41919,30.597761
41920,21.366522
41921,24.751945
41922,24.751945
41923,26.636305
41924,28.273224
41925,30.164324
41926,32.03989
41927,22.12697
41928,25.709625
41929,25.709625
41930,27.302763
41931,29.645973
41932,31.332722
41933,33.176437
41934,23.042982
41935,26.330162
41936,26.51352
41937,28.3106
41938,30.602198
41939,32.24037
41940,11.3951645
41941,12.308287
41942,12.308287
41943,13.342504
41944,15.256843
41945,16.429333
41946,16.718151
41947,12.452114
41948,14.227225
41949,14.227225
41950,15.581165
41951,16.716225
41952,17.729296
41953,18.574877
41954,13.717353
41955,15.307322
41956,15.840662
41957,16.693403
41958,17.828463
41959,18.60515
41960,19.97793
41961,14.386392
41962,16.251484
41963,16.7591
41964,17.611845
41965,19.002256
41966,19.81268
41967,20.865162
41968,15.119049
41969,17.260632
41970,17.52422
41971,18.63523
41972,20.06408
41973,20.9614
41974,22.834064
41975,16.07153
41976,18.273762
41977,18.751234
41978,19.690866
41979,21.363985
41980,22.289791
41981,24.158573
41982,17.053972
41983,19.333263
41984,19.609856
41985,20.880981
41986,22.35595
41987,23.788534
41988,25.319391
41989,17.866732
41990,20.5755
41991,20.5755
41992,21.873802
41993,23.574694
41994,25.182062
41995,26.421694
41996,18.398273
41997,21.489336
41998,21.976156
41999,23.543688
42000,24.448248
42001,26.352562
42002,27.853773
42003,19.410103
42004,22.677301
42005,22.808826
42006,24.785294
42007,25.754297
42008,27.753147
42009,29.48282
42010,20.219881
42011,23.544413
42012,23.663078
42013,25.456724
42014,26.781384
42015,28.715103
42016,30.023983
42017,21.181131
42018,24.383629
42019,24.751945
42020,26.33977
42021,27.714947
42022,30.044912
42023,31.353792
42024,21.897123
42025,25.432257
42026,25.432257
42027,27.136797
42028,29.019722
42029,30.83118
42030,19.418688
42031,22.90155
42032,22.148748
42033,22.679825
42034,24.178154
42035,25.915285
42036,26.738272
42037,19.095308
42038,22.26747
42039,22.26747
42040,23.98771
42041,25.291677
42042,27.031075
42043,28.059788
42044,19.56289
42045,22.681644
42046,22.681644
42047,24.738998
42048,25.768314
42049,27.587587
42050,29.174637
42051,20.021564
42052,23.14032
42053,23.247503
42054,25.04115
42055,26.392624
42056,28.282976
42057,29.553766
42058,20.566845
42059,23.828522
42060,23.828522
42061,25.674608
42062,27.505363
42063,29.27705
42064,30.744812
42065,21.327875
42066,24.713299
42067,25.009834
42068,26.597658
42069,28.419436
42070,30.637598
42071,31.98919
42072,22.276371
42073,25.670979
42074,25.848179
42075,27.530788
42076,29.634142
42077,31.77416
42078,33.125736
42079,23.004335
42080,26.474873
42081,26.474873
42082,28.525639
42083,30.590366
42084,32.228542
42085,33.580112
42086,23.506338
42087,27.011648
42088,27.011648
42089,28.84738
42090,30.885294
42091,33.226795
42092,34.555054
42093,23.965519
42094,27.62776
42095,27.936033
42096,29.892931
42097,32.032368
42098,34.069477
42099,35.859512
42100,24.668839
42101,28.446487
42102,28.446487
42103,30.614199
42104,32.561623
42105,34.67563
42106,36.77242
42107,25.097466
42108,28.998955
42109,29.176899
42110,31.209044
42111,33.156464
42112,35.693848
42113,37.642075
42114,25.545017
42115,29.716301
42116,30.273308
42117,32.09771
42118,34.271564
42119,36.352024
42120,18.238604
42121,22.253283
42122,20.78624
42123,22.620855
42124,22.822601
42125,25.706572
42126,27.357325
42127,18.527689
42128,21.906752
42129,21.717894
42130,23.355505
42131,24.195568
42132,26.549759
42133,27.650124
42134,18.888407
42135,22.380392
42136,22.380392
42137,24.35686
42138,25.423203
42139,27.063957
42140,28.164322
42141,19.355988
42142,22.871258
42143,22.871258
42144,24.738998
42145,25.768314
42146,27.587587
42147,29.174637
42148,20.021564
42149,23.247503
42150,23.247503
42151,25.299412
42152,26.769552
42153,28.541239
42154,29.97328
42155,20.88429
42156,24.086784
42157,24.344982
42158,25.932806
42159,27.703115
42160,29.474804
42161,30.744812
42162,21.62441
42163,25.009834
42164,25.009834
42165,26.651167
42166,28.904535
42167,30.637598
42168,32.09255
42169,22.276371
42170,25.848179
42171,26.114853
42172,27.530788
42173,30.087418
42174,31.77416
42175,33.125736
42176,23.187693
42177,26.474873
42178,26.728558
42179,28.564285
42180,30.602198
42181,32.302555
42182,33.630814
42183,23.80347
42184,27.050295
42185,27.050295
42186,29.281397
42187,31.319315
42188,33.226795
42189,34.858315
42190,24.046204
42191,27.936033
42192,27.936033
42193,30.206892
42194,32.032368
42195,34.300564
42196,35.859512
42197,24.668839
42198,28.446487
42199,28.628418
42200,30.614199
42201,32.561623
42202,35.143665
42203,36.77242
42204,25.097466
42205,29.176899
42206,29.176899
42207,31.209044
42208,33.72068
42209,35.693848
42210,17.135809
42211,18.27185
42212,17.014452
42213,18.388311
42214,18.746904
42215,19.81268
42216,23.032883
42217,15.911859
42218,18.0155
42219,18.0155
42220,18.955135
42221,20.090195
42222,21.194416
42223,23.741749
42224,16.263971
42225,18.564348
42226,18.564348
42227,19.50398
42228,21.105722
42229,22.605976
42230,24.432875
42231,16.894302
42232,19.075
42233,19.351593
42234,20.622719
42235,22.097687
42236,23.530272
42237,25.06191
42238,17.436504
42239,19.910934
42240,20.317238
42241,21.873802
42242,23.223423
42243,24.694777
42244,26.28568
42245,18.280682
42246,21.07991
42247,21.489336
42248,23.018223
42249,24.436417
42250,25.964834
42251,27.204466
42252,18.852276
42253,22.417006
42254,22.417006
42255,24.615122
42256,25.54994
42257,27.32222
42258,28.421803
42259,19.70527
42260,23.12952
42261,23.398582
42262,25.266323
42263,26.617798
42264,28.470158
42265,29.636755
42266,20.65021
42267,24.086784
42268,24.344982
42269,25.971453
42270,27.517195
42271,29.486635
42272,30.795515
42273,21.366522
42274,25.048481
42275,25.048481
42276,26.689814
42277,28.431267
42278,30.64943
42279,32.14325
42280,22.315018
42281,25.886826
42282,26.1535
42283,27.569435
42284,30.099249
42285,31.785992
42286,33.176437
42287,23.22634
42288,26.51352
42289,26.767204
42290,28.564285
42291,30.664383
42292,32.302555
42293,34.121037
42294,23.80347
42295,27.050295
42296,27.219965
42297,29.281397
42298,31.319315
42299,33.530056
42300,34.10607
42301,37.34329
42302,36.502316
42303,39.498646
42304,42.756897
42305,47.227665
42306,47.6252
42307,32.816975
42308,37.88082
42309,37.76377
42310,40.151436
42311,42.756897
42312,45.612797
42313,47.6252
42314,32.599094
42315,37.88082
42316,37.88082
42317,40.151436
42318,42.756897
42319,45.227562
42320,47.6252
42321,32.599094
42322,37.88082
42323,37.88082
42324,40.151436
42325,42.756897
42326,45.227562
42327,47.6252
42328,32.599094
42329,37.88082
42330,37.88082
42331,40.409702
42332,43.015163
42333,45.48583
42334,47.882683
42335,32.758766
42336,38.139088
42337,38.139088
42338,40.409702
42339,43.015163
42340,45.48583
42341,47.882683
42342,32.758766
42343,38.139088
42344,38.139088
42345,40.409702
42346,43.015163
42347,45.48583
42348,47.882683
42349,32.758766
42350,38.139088
42351,38.139088
42352,40.409702
42353,43.015163
42354,45.48583
42355,47.882683
42356,32.758766
42357,38.139088
42358,38.139088
42359,40.44835
42360,43.026993
42361,45.497658
42362,47.933384
42363,32.797413
42364,38.177734
42365,38.177734
42366,40.44835
42367,43.026993
42368,45.497658
42369,47.933384
42370,32.797413
42371,38.177734
42372,38.177734
42373,40.44835
42374,43.026993
42375,45.497658
42376,47.933384
42377,32.797413
42378,38.177734
42379,38.177734
42380,40.44835
42381,43.026993
42382,45.497658
42383,47.933384
42384,32.797413
42385,38.177734
42386,38.177734
42387,40.44835
42388,43.026993
42389,45.497658
42390,42.322258
42391,46.56302
42392,47.935673
42393,49.77046
42394,55.71962
42395,60.51241
42396,62.88232
42397,41.692184
42398,47.650486
42399,48.12253
42400,52.34271
42401,55.71962
42402,59.490273
42403,62.88232
42404,41.7228
42405,48.12253
42406,48.79151
42407,52.71625
42408,55.71962
42409,59.609104
42410,63.3883
42411,42.21676
42412,49.53943
42413,49.53943
42414,53.081913
42415,56.474705
42416,60.596157
42417,64.06808
42418,42.354675
42419,49.673893
42420,49.673893
42421,53.80644
42422,56.809807
42423,60.86528
42424,64.784225
42425,42.740685
42426,50.144047
42427,50.144047
42428,54.209835
42429,57.332687
42430,61.66743
42431,65.620834
42432,43.505
42433,51.15067
42434,51.15067
42435,55.06415
42436,58.24781
42437,62.96354
42438,66.82535
42439,44.225178
42440,52.27569
42441,52.341763
42442,55.41003
42443,59.41196
42444,64.215546
42445,67.42087
42446,44.494026
42447,52.90608
42448,52.90608
42449,56.047485
42450,60.624985
42451,64.62487
42452,68.11302
42453,44.78289
42454,53.543182
42455,53.543182
42456,56.67713
42457,60.55901
42458,64.62487
42459,68.11302
42460,44.78289
42461,53.543182
42462,53.543182
42463,56.67713
42464,60.55901
42465,64.62487
42466,68.11302
42467,44.78289
42468,53.543182
42469,53.543182
42470,56.67713
42471,60.55901
42472,64.62487
42473,68.11302
42474,44.78289
42475,53.543182
42476,53.543182
42477,56.67713
42478,60.55901
42479,64.62487
42480,42.16231
42481,48.81338
42482,46.904724
42483,52.50368
42484,55.248875
42485,59.019524
42486,61.46775
42487,41.7228
42488,48.645794
42489,47.650486
42490,52.534298
42491,55.25379
42492,59.143272
42493,61.860184
42494,41.7228
42495,48.67641
42496,48.12253
42497,52.534298
42498,55.25379
42499,59.143272
42500,61.860184
42501,41.7228
42502,48.67641
42503,48.67641
42504,52.534298
42505,55.25379
42506,59.143272
42507,61.860184
42508,41.7228
42509,48.67641
42510,48.67641
42511,52.8694
42512,56.05472
42513,59.944206
42514,62.753338
42515,42.453266
42516,49.87453
42517,49.87453
42518,53.80644
42519,56.809807
42520,60.93126
42521,64.45522
42522,42.740685
42523,50.144047
42524,50.144047
42525,54.209835
42526,57.332687
42527,61.66743
42528,65.378685
42529,43.505
42530,51.15067
42531,51.15067
42532,55.06415
42533,58.24781
42534,62.96354
42535,66.82535
42536,44.225178
42537,52.27569
42538,52.341763
42539,55.448677
42540,59.42379
42541,64.22738
42542,67.47157
42543,44.532673
42544,52.944725
42545,52.944725
42546,56.047485
42547,60.624985
42548,64.62487
42549,68.11302
42550,44.78289
42551,53.543182
42552,53.543182
42553,56.67713
42554,60.55901
42555,64.62487
42556,68.11302
42557,44.78289
42558,53.543182
42559,53.543182
42560,56.67713
42561,60.55901
42562,64.62487
42563,68.11302
42564,44.78289
42565,53.543182
42566,53.543182
42567,56.67713
42568,60.55901
42569,64.62487
42570,37.879787
42571,42.55374
42572,41.876328
42573,46.397808
42574,47.7393
42575,49.18624
42576,50.751663
42577,36.73751
42578,41.606033
42579,41.606033
42580,44.75279
42581,47.38451
42582,49.943356
42583,52.41506
42584,36.05019
42585,41.492435
42586,41.492435
42587,44.227142
42588,47.38451
42589,49.943356
42590,52.922997
42591,36.03633
42592,41.492435
42593,41.492435
42594,44.227142
42595,47.38451
42596,49.943356
42597,52.922997
42598,36.03633
42599,41.492435
42600,41.492435
42601,44.48541
42602,47.642776
42603,50.553257
42604,53.551315
42605,36.20986
42606,41.8643
42607,41.8643
42608,45.3012
42609,48.45857
42610,51.21995
42611,54.2576
42612,36.64363
42613,42.388084
42614,42.552334
42615,45.74466
42616,48.891216
42617,51.833088
42618,54.857876
42619,37.416344
42620,43.30104
42621,43.30104
42622,46.215622
42623,49.282413
42624,52.9629
42625,55.392002
42626,38.03946
42627,43.608273
42628,43.608273
42629,46.692516
42630,50.332462
42631,53.43963
42632,55.907604
42633,38.167057
42634,43.73587
42635,43.73587
42636,47.4763
42637,50.82634
42638,53.76956
42639,56.237537
42640,38.84782
42641,44.719933
42642,44.719933
42643,47.91773
42644,51.31713
42645,54.260353
42646,57.148426
42647,39.094547
42648,44.96666
42649,44.96666
42650,48.164455
42651,51.755447
42652,54.88785
42653,57.436554
42654,39.226913
42655,45.035645
42656,45.035645
42657,48.535057
42658,51.96285
42659,55.151775
42660,30.685535
42661,35.107315
42662,33.265873
42663,36.961742
42664,40.53548
42665,43.107502
42666,44.741875
42667,31.027977
42668,35.262756
42669,35.180622
42670,38.113953
42671,40.36231
42672,42.682262
42673,44.653156
42674,31.263737
42675,35.85453
42676,35.85453
42677,38.231003
42678,40.36231
42679,42.682262
42680,44.653156
42681,31.263737
42682,35.85453
42683,35.85453
42684,38.231003
42685,40.36231
42686,42.682262
42687,44.653156
42688,31.263737
42689,35.85453
42690,35.85453
42691,38.48927
42692,40.793747
42693,43.2227
42694,45.100277
42695,31.57398
42696,36.21608
42697,36.21608
42698,38.592552
42699,40.793747
42700,43.2227
42701,45.525517
42702,31.57398
42703,36.286034
42704,36.286034
42705,38.592552
42706,40.793747
42707,43.2227
42708,45.525517
42709,31.57398
42710,36.286034
42711,36.286034
42712,38.592552
42713,40.793747
42714,43.2227
42715,45.525517
42716,31.57398
42717,36.286034
42718,36.286034
42719,38.6312
42720,40.805576
42721,43.234528
42722,45.576218
42723,31.612627
42724,36.32468
42725,36.32468
42726,38.6312
42727,40.805576
42728,43.234528
42729,45.576218
42730,31.612627
42731,36.32468
42732,36.32468
42733,38.6312
42734,40.805576
42735,43.234528
42736,45.576218
42737,31.612627
42738,36.32468
42739,36.32468
42740,38.6312
42741,40.805576
42742,43.234528
42743,45.576218
42744,31.612627
42745,36.32468
42746,36.32468
42747,38.6312
42748,40.805576
42749,43.234528
42750,24.851416
42751,28.112036
42752,28.007502
42753,30.31729
42754,32.118317
42755,35.36793
42756,35.320637
42757,24.652384
42758,28.331509
42759,28.331509
42760,30.31729
42761,32.291527
42762,34.405533
42763,35.902084
42764,24.652384
42765,28.331509
42766,28.331509
42767,30.31729
42768,32.291527
42769,34.405533
42770,35.902084
42771,24.652384
42772,28.331509
42773,28.331509
42774,30.31729
42775,32.291527
42776,34.405533
42777,35.902084
42778,24.652384
42779,28.331509
42780,28.331509
42781,30.575552
42782,32.549793
42783,34.6638
42784,36.721718
42785,25.058819
42786,28.960308
42787,28.960308
42788,31.170397
42789,33.144634
42790,35.193405
42791,37.591373
42792,25.50637
42793,29.677654
42794,29.677654
42795,31.540813
42796,34.2271
42797,36.30756
42798,38.532597
42799,25.997463
42800,30.234661
42801,30.321972
42802,32.535545
42803,34.785717
42804,37.005493
42805,39.56546
42806,26.699572
42807,31.181242
42808,31.181242
42809,32.91761
42810,35.837288
42811,38.41343
42812,40.154953
42813,27.066696
42814,31.751656
42815,31.751656
42816,33.56045
42817,36.53521
42818,39.038033
42819,40.779556
42820,28.200764
42821,32.638653
42822,32.638653
42823,34.647743
42824,36.971996
42825,39.452442
42826,41.614216
42827,28.584175
42828,32.835968
42829,32.835968
42830,34.860237
42831,37.68361
42832,40.13201
42833,41.978764
42834,28.876194
42835,33.691963
42836,33.691963
42837,36.00547
42838,38.226284
42839,40.59626
42840,23.700392
42841,28.035215
42842,26.11563
42843,30.14872
42844,32.162907
42845,33.881516
42846,35.32024
42847,24.245665
42848,27.887178
42849,27.782644
42850,30.14872
42851,32.080772
42852,34.030468
42853,35.551327
42854,24.470522
42855,28.112036
42856,28.149578
42857,30.186262
42858,32.118317
42859,34.150146
42860,35.58887
42861,24.470522
42862,28.149578
42863,28.149578
42864,30.186262
42865,32.118317
42866,34.150146
42867,35.58887
42868,24.470522
42869,28.149578
42870,28.149578
42871,30.444525
42872,32.549793
42873,34.6638
42874,36.15957
42875,24.812054
42876,28.589771
42877,28.960308
42878,30.992458
42879,32.966694
42880,35.193405
42881,37.10276
42882,25.09829
42883,29.138252
42884,29.677654
42885,31.540813
42886,33.70885
42887,35.68202
42888,37.87442
42889,25.997463
42890,30.234661
42891,30.234661
42892,32.091698
42893,34.259735
42894,36.389515
42895,39.13959
42896,26.344328
42897,30.678509
42898,31.03375
42899,32.709446
42900,35.22341
42901,37.651356
42902,39.824326
42903,26.916265
42904,31.639294
42905,31.639294
42906,33.396637
42907,36.074417
42908,38.577244
42909,40.779556
42910,27.421684
42911,32.106655
42912,32.106655
42913,34.541416
42914,36.86567
42915,39.346115
42916,41.28642
42917,28.27367
42918,32.70561
42919,32.835968
42920,34.860237
42921,37.102356
42922,39.78024
42923,41.614216
42924,28.876194
42925,33.127983
42926,33.127983
42927,35.44149
42928,38.04248
42929,40.37383
42930,44.6216
42931,48.030037
42932,52.00666
42933,55.07493
42934,59.518982
42935,59.16765
42936,65.23369
42937,43.268494
42938,50.815567
42939,51.334328
42940,54.72905
42941,58.83328
42942,61.64045
42943,65.61965
42944,43.98867
42945,51.748997
42946,51.940586
42947,55.008854
42948,59.010784
42949,62.575584
42950,66.4382
42951,43.966816
42952,52.00666
42953,52.00666
42954,55.07493
42955,59.321213
42956,63.33234
42957,66.538475
42958,43.966816
42959,52.00666
42960,52.00666
42961,55.41003
42962,59.656315
42963,63.720295
42964,67.42087
42965,44.42337
42966,52.806995
42967,52.90608
42968,56.00884
42969,60.379253
42970,64.61304
42971,68.06232
42972,44.744244
42973,53.504536
42974,53.504536
42975,56.638485
42976,60.54718
42977,64.61304
42978,68.06232
42979,44.744244
42980,53.504536
42981,53.504536
42982,56.638485
42983,60.54718
42984,64.61304
42985,68.06232
42986,44.744244
42987,53.504536
42988,53.504536
42989,56.67713
42990,60.55901
42991,64.62487
42992,68.11302
42993,44.78289
42994,53.543182
42995,53.543182
42996,56.67713
42997,60.55901
42998,64.62487
42999,68.11302
43000,44.78289
43001,53.543182
43002,53.543182
43003,56.67713
43004,60.55901
43005,64.62487
43006,68.11302
43007,44.78289
43008,53.543182
43009,53.543182
43010,56.67713
43011,60.55901
43012,64.62487
43013,68.11302
43014,44.78289
43015,53.543182
43016,53.543182
43017,56.67713
43018,60.55901
43019,64.62487
43020,33.36118
43021,38.39382
43022,39.37036
43023,41.45785
43024,46.26743
43025,48.687534
43026,48.55209
43027,33.80279
43028,39.37036
43029,39.37036
43030,41.5749
43031,44.468426
43032,47.873615
43033,49.992073
43034,33.80279
43035,39.37036
43036,39.37036
43037,41.5749
43038,44.294415
43039,47.37328
43040,49.992073
43041,33.80279
43042,39.37036
43043,39.37036
43044,41.5749
43045,44.294415
43046,47.37328
43047,49.992073
43048,33.80279
43049,39.37036
43050,39.37036
43051,41.833168
43052,44.55268
43053,47.631546
43054,50.249557
43055,33.962463
43056,39.628628
43057,39.628628
43058,41.833168
43059,44.55268
43060,47.631546
43061,50.249557
43062,33.962463
43063,39.628628
43064,39.628628
43065,41.833168
43066,44.55268
43067,47.631546
43068,50.249557
43069,33.962463
43070,39.628628
43071,39.628628
43072,41.833168
43073,44.55268
43074,47.631546
43075,50.249557
43076,33.962463
43077,39.628628
43078,39.628628
43079,41.871815
43080,44.56451
43081,47.643375
43082,50.30026
43083,34.00111
43084,39.667274
43085,39.667274
43086,41.871815
43087,44.56451
43088,47.643375
43089,50.30026
43090,34.21899
43091,39.667274
43092,39.667274
43093,41.871815
43094,44.56451
43095,47.643375
43096,50.30026
43097,34.21899
43098,39.667274
43099,39.667274
43100,41.871815
43101,44.56451
43102,47.643375
43103,50.30026
43104,34.21899
43105,39.667274
43106,39.667274
43107,41.871815
43108,44.56451
43109,47.643375
43110,39.776516
43111,44.73873
43112,46.727024
43113,47.095726
43114,54.371445
43115,54.963238
43116,59.10354
43117,40.04602
43118,45.849857
43119,46.02387
43120,49.139103
43121,52.88675
43122,55.601166
43123,59.034256
43124,40.139084
43125,46.02387
43126,46.02387
43127,49.69298
43128,52.88675
43129,55.770752
43130,59.261494
43131,40.21198
43132,46.096764
43133,46.096764
43134,49.729553
43135,52.88675
43136,55.770752
43137,59.261494
43138,40.21198
43139,46.096764
43140,46.096764
43141,50.064655
43142,53.22185
43143,56.105854
43144,60.110443
43145,41.02581
43146,47.00919
43147,47.072132
43148,51.06062
43149,54.093315
43150,56.97732
43151,60.48155
43152,41.205658
43153,47.81701
43154,47.81701
43155,51.862682
43156,54.9229
43157,57.806908
43158,61.21102
43159,41.90469
43160,48.403015
43161,48.403015
43162,52.838783
43163,55.583977
43164,58.557804
43165,62.247356
43166,41.95931
43167,49.011513
43168,49.126614
43169,53.09
43170,56.06655
43171,60.07734
43172,63.826176
43173,42.62983
43174,50.04764
43175,50.04764
43176,53.845085
43177,56.821636
43178,61.26225
43179,64.83493
43180,43.231533
43181,50.790504
43182,50.790504
43183,54.647293
43184,57.74333
43185,61.921402
43186,65.67154
43187,43.657566
43188,51.516487
43189,51.516487
43190,55.382603
43191,58.6815
43192,62.97537
43193,66.87605
43194,44.24197
43195,52.38041
43196,52.38041
43197,55.448677
43198,59.42379
43199,64.22738
43200,19.504065
43201,21.209179
43202,20.110336
43203,22.36463
43204,23.995275
43205,26.08572
43206,25.544582
43207,18.73459
43208,21.798025
43209,21.717894
43210,23.355505
43211,24.34307
43212,26.082468
43213,27.078299
43214,18.888407
43215,22.158743
43216,22.158743
43217,24.35686
43218,25.291677
43219,27.063957
43220,28.164322
43221,19.355988
43222,22.681644
43223,22.871258
43224,24.738998
43225,25.768314
43226,27.587587
43227,29.174637
43228,20.021564
43229,23.14032
43230,23.247503
43231,25.299412
43232,26.769552
43233,28.541239
43234,29.97328
43235,20.88429
43236,24.086784
43237,24.344982
43238,25.932806
43239,27.703115
43240,29.474804
43241,30.744812
43242,21.62441
43243,25.009834
43244,25.009834
43245,26.651167
43246,28.904535
43247,30.637598
43248,32.09255
43249,22.276371
43250,25.848179
43251,26.114853
43252,27.530788
43253,30.087418
43254,31.77416
43255,33.125736
43256,23.187693
43257,26.474873
43258,26.728558
43259,28.564285
43260,30.602198
43261,32.302555
43262,33.630814
43263,23.80347
43264,27.050295
43265,27.050295
43266,29.281397
43267,31.319315
43268,33.226795
43269,34.858315
43270,24.046204
43271,27.936033
43272,27.936033
43273,30.206892
43274,32.032368
43275,34.300564
43276,35.859512
43277,24.668839
43278,28.446487
43279,28.628418
43280,30.614199
43281,32.561623
43282,35.143665
43283,36.77242
43284,25.097466
43285,29.176899
43286,29.176899
43287,31.209044
43288,33.72068
43289,35.693848
43290,26.732967
43291,31.192122
43292,29.976398
43293,31.833435
43294,34.00147
43295,36.049114
43296,39.82366
43297,26.539902
43298,30.775488
43299,30.420246
43300,32.412533
43301,34.953316
43302,37.173096
43303,39.51614
43304,26.732967
43305,30.92298
43306,30.92298
43307,32.620697
43308,35.16148
43309,38.07002
43310,39.82366
43311,26.71749
43312,31.342384
43313,31.342384
43314,33.099724
43315,35.640507
43316,38.307148
43317,40.010582
43318,26.86838
43319,31.454746
43320,31.454746
43321,33.521805
43322,36.062588
43323,38.565414
43324,40.268066
43325,27.383038
43326,32.06801
43327,32.06801
43328,34.242264
43329,36.85384
43330,39.28671
43331,41.036938
43332,28.162117
43333,32.66696
43334,32.66696
43335,34.69123
43336,37.090527
43337,39.76841
43338,41.563515
43339,28.545528
43340,32.79732
43341,33.089336
43342,35.402843
43343,37.78883
43344,40.120182
43345,42.16988
43346,29.401524
43347,33.653316
43348,33.83712
43349,36.189274
43350,38.226284
43351,40.647133
43352,43.104317
43353,30.120102
43354,34.37135
43355,34.43044
43356,36.93858
43357,39.02048
43358,41.57093
43359,43.579914
43360,30.883852
43361,35.217224
43362,35.217224
43363,37.476646
43364,39.844387
43365,42.16434
43366,44.62482
43367,31.226294
43368,35.55967
43369,36.151443
43370,38.527916
43371,40.632404
43372,42.95236
43373,45.150978
43374,31.612627
43375,36.254726
43376,36.32468
43377,38.6312
43378,40.805576
43379,43.234528
43380,23.736288
43381,28.945889
43382,28.53841
43383,32.10257
43384,32.886368
43385,35.918114
43386,34.432846
43387,24.899149
43388,28.87999
43389,28.87999
43390,30.912134
43391,32.708427
43392,34.87357
43393,36.464233
43394,24.93862
43395,28.87999
43396,28.87999
43397,30.912134
43398,32.886368
43399,34.93514
43400,36.845276
43401,24.93862
43402,28.87999
43403,28.87999
43404,30.912134
43405,32.886368
43406,34.93514
43407,36.845276
43408,24.93862
43409,28.87999
43410,28.87999
43411,31.170397
43412,33.144634
43413,35.193405
43414,37.591373
43415,25.411877
43416,29.677654
43417,29.677654
43418,31.540813
43419,34.2271
43420,36.30756
43421,38.532597
43422,25.997463
43423,30.234661
43424,30.321972
43425,32.535545
43426,34.785717
43427,37.005493
43428,39.56546
43429,26.699572
43430,31.181242
43431,31.181242
43432,32.878963
43433,35.82546
43434,38.4016
43435,40.10425
43436,27.02805
43437,31.713009
43438,31.713009
43439,33.56045
43440,36.53521
43441,39.038033
43442,40.779556
43443,28.200764
43444,32.638653
43445,32.638653
43446,34.647743
43447,36.971996
43448,39.452442
43449,41.614216
43450,28.584175
43451,32.835968
43452,32.835968
43453,34.860237
43454,37.68361
43455,40.13201
43456,41.978764
43457,28.876194
43458,33.691963
43459,33.691963
43460,36.00547
43461,38.226284
43462,40.59626
43463,42.493885
43464,29.558613
43465,34.37135
43466,34.37135
43467,36.75481
43468,39.02048
43469,41.34044
43470,20.64698
43471,23.138777
43472,23.366169
43473,25.416346
43474,26.431326
43475,29.282442
43476,30.289577
43477,20.982815
43478,24.08672
43479,24.08672
43480,26.04286
43481,27.444853
43482,29.282442
43483,30.487331
43484,21.168205
43485,24.455036
43486,24.455036
43487,26.339396
43488,28.107664
43489,29.840721
43490,31.045609
43491,21.698807
43492,24.9055
43493,25.135347
43494,26.622751
43495,28.646273
43496,30.379335
43497,31.835062
43498,22.116701
43499,25.412716
43500,25.589916
43501,27.264116
43502,29.634142
43503,31.32089
43504,33.125736
43505,23.004335
43506,26.291515
43507,26.474873
43508,28.271954
43509,30.590366
43510,32.228542
43511,33.580112
43512,23.506338
43513,26.790743
43514,27.011648
43515,28.808733
43516,30.873463
43517,32.78095
43518,34.504353
43519,23.93449
43520,27.181318
43521,27.589113
43522,29.546011
43523,31.77248
43524,33.67997
43525,35.577724
43526,24.405334
43527,28.145441
43528,28.370298
43529,30.44563
43530,32.388412
43531,34.593494
43532,36.21027
43533,24.8507
43534,28.998955
43535,28.998955
43536,31.031105
43537,33.156464
43538,35.205235
43539,37.15346
43540,25.450523
43541,29.716301
43542,29.716301
43543,31.57946
43544,33.72068
43545,36.31939
43546,38.550663
43547,26.03611
43548,30.273308
43549,30.360619
43550,32.217655
43551,34.715412
43552,37.017323
43553,39.61616
43554,26.738218
43555,31.072397
43556,31.219889
43557,32.91761
43558,35.837288
43559,38.41343
43560,15.119049
43561,17.52422
43562,18.615631
43563,19.124594
43564,19.002256
43565,20.409346
43566,22.79918
43567,15.911859
43568,18.0155
43569,18.0155
43570,19.162037
43571,20.297096
43572,21.960152
43573,23.59425
43574,16.335348
43575,18.564348
43576,18.564348
43577,20.062735
43578,21.457575
43579,22.99026
43580,24.432875
43581,17.170895
43582,19.351593
43583,19.351593
43584,20.856796
43585,22.097687
43586,23.882711
43587,25.06191
43588,17.436504
43589,20.317238
43590,20.317238
43591,21.873802
43592,23.223423
43593,25.04605
43594,26.421694
43595,18.280682
43596,21.489336
43597,21.489336
43598,23.505041
43599,24.436417
43600,26.173548
43601,27.33578
43602,19.048077
43603,22.417006
43604,22.638655
43605,24.615122
43606,25.681465
43607,27.32222
43608,28.840899
43609,19.912172
43610,23.398582
43611,23.398582
43612,25.299412
43613,26.650887
43614,28.541239
43615,29.798788
43616,20.65021
43617,24.086784
43618,24.344982
43619,25.971453
43620,27.714947
43621,29.486635
43622,30.795515
43623,21.663057
43624,25.048481
43625,25.20241
43626,26.689814
43627,28.916367
43628,30.64943
43629,32.14325
43630,22.49092
43631,26.1535
43632,26.1535
43633,28.022709
43634,30.099249
43635,31.785992
43636,33.37713
43637,23.265602
43638,26.767204
43639,26.767204
43640,28.62647
43641,30.664383
43642,32.792778
43643,34.121037
43644,23.973137
43645,27.219965
43646,27.219965
43647,29.281397
43648,31.622574
43649,33.6918
43650,15.119049
43651,17.260632
43652,18.0155
43653,18.955135
43654,20.593363
43655,22.978287
43656,22.79918
43657,16.263971
43658,18.564348
43659,18.9162
43660,19.855833
43661,21.457575
43662,23.253675
43663,24.285376
43664,17.170895
43665,19.351593
43666,19.351593
43667,20.622719
43668,22.097687
43669,24.03021
43670,25.06191
43671,17.436504
43672,19.910934
43673,20.317238
43674,21.61554
43675,22.96516
43676,24.436514
43677,25.676928
43678,18.085604
43679,20.821648
43680,21.055729
43681,22.622892
43682,24.106037
43683,25.577393
43684,27.204466
43685,18.687359
43686,21.976156
43687,22.221205
43688,24.245974
43689,25.54994
43690,27.289337
43691,28.421803
43692,19.515657
43693,23.020794
43694,23.12952
43695,25.266323
43696,26.617798
43697,28.470158
43698,29.636755
43699,20.492434
43700,24.086784
43701,24.086784
43702,25.932806
43703,27.505363
43704,29.474804
43705,30.744812
43706,21.327875
43707,25.009834
43708,25.009834
43709,26.689814
43710,28.431267
43711,30.64943
43712,32.03989
43713,22.315018
43714,25.886826
43715,26.1535
43716,27.569435
43717,30.099249
43718,31.785992
43719,33.176437
43720,23.22634
43721,26.51352
43722,26.767204
43723,28.564285
43724,30.664383
43725,32.302555
43726,34.121037
43727,23.80347
43728,27.050295
43729,27.219965
43730,29.281397
43731,31.319315
43732,33.530056
43733,35.250748
43734,24.046204
43735,27.936033
43736,28.184088
43737,30.206892
43738,32.35087
43739,34.300564
43740,14.058785
43741,16.7591
43742,16.7591
43743,18.614824
43744,18.239288
43745,20.02963
43746,19.97793
43747,15.119049
43748,17.260632
43749,17.52422
43750,18.376966
43751,19.512026
43752,20.850328
43753,21.795437
43754,15.911859
43755,18.0155
43756,18.0155
43757,18.955135
43758,20.297096
43759,21.428497
43760,23.330833
43761,16.263971
43762,18.564348
43763,18.564348
43764,19.50398
43765,21.105722
43766,22.605976
43767,24.048592
43768,16.894302
43769,19.075
43770,19.075
43771,20.880981
43772,22.35595
43773,23.788534
43774,25.319391
43775,17.596174
43776,20.5755
43777,20.5755
43778,21.873802
43779,23.574694
43780,25.182062
43781,26.421694
43782,18.398273
43783,21.489336
43784,21.976156
43785,23.505041
43786,24.436417
43787,26.34073
43788,27.80307
43789,19.048077
43790,22.638655
43791,22.638655
43792,24.746647
43793,25.681465
43794,27.32222
43795,28.840899
43796,19.912172
43797,23.398582
43798,23.398582
43799,25.338058
43800,26.662718
43801,28.55307
43802,29.849491
43803,20.688856
43804,24.125431
43805,24.383629
43806,25.971453
43807,27.714947
43808,29.486635
43809,30.795515
43810,21.663057
43811,25.048481
43812,25.20241
43813,26.689814
43814,28.916367
43815,30.64943
43816,32.14325
43817,22.49092
43818,26.1535
43819,26.1535
43820,28.022709
43821,30.099249
43822,31.785992
43823,33.37713
43824,23.265602
43825,26.767204
43826,26.767204
43827,28.62647
43828,30.664383
43829,32.792778
43830,24.93862
43831,28.53841
43832,30.058533
43833,31.28255
43834,32.968502
43835,34.791435
43836,38.242477
43837,25.252207
43838,29.419392
43839,29.976398
43840,31.28255
43841,33.450584
43842,36.049294
43843,38.242477
43844,25.837793
43845,29.976398
43846,29.976398
43847,31.833435
43848,34.00147
43849,36.293243
43850,38.389877
43851,25.84072
43852,30.06371
43853,30.06371
43854,31.920742
43855,34.170914
43856,36.342564
43857,38.389877
43858,25.84072
43859,30.06371
43860,30.06371
43861,32.17901
43862,34.785717
43863,37.005493
43864,39.13959
43865,26.699572
43866,31.03375
43867,31.03375
43868,32.878963
43869,35.419746
43870,38.328285
43871,40.10425
43872,26.87716
43873,31.600647
43874,31.713009
43875,33.521805
43876,36.062588
43877,39.026203
43878,40.728855
43879,27.383038
43880,32.600006
43881,32.600006
43882,34.50277
43883,36.85384
43884,39.440613
43885,41.235718
43886,28.235023
43887,32.79732
43888,32.79732
43889,34.860237
43890,37.102356
43891,39.78024
43892,41.614216
43893,28.876194
43894,33.127983
43895,33.127983
43896,35.44149
43897,38.04248
43898,40.37383
43899,42.22058
43900,29.558613
43901,33.875767
43902,33.875767
43903,36.189274
43904,38.83671
43905,41.257565
43906,43.104317
43907,30.179192
43908,34.43044
43909,34.43044
43910,36.99376
43911,39.250973
43912,41.57093
43913,43.579914
43914,30.883852
43915,35.217224
43916,35.217224
43917,37.476646
43918,39.844387
43919,42.16434
43920,21.24834
43921,24.19881
43922,24.84607
43923,26.482433
43924,25.487694
43925,29.282442
43926,30.487331
43927,21.24834
43928,24.455036
43929,24.455036
43930,26.04286
43931,27.444853
43932,29.840721
43933,31.045609
43934,21.54488
43935,24.751572
43936,24.9055
43937,26.392904
43938,28.161173
43939,30.379335
43940,31.731707
43941,21.928654
43942,25.412716
43943,25.412716
43944,26.839888
43945,28.749628
43946,30.561087
43947,31.913448
43948,22.292603
43949,25.85659
43950,25.85659
43951,27.530788
43952,29.634142
43953,31.77416
43954,33.125736
43955,23.187693
43956,26.474873
43957,26.474873
43958,28.525639
43959,30.590366
43960,32.290726
43961,33.580112
43962,23.764824
43963,27.011648
43964,27.011648
43965,28.808733
43966,31.307484
43967,33.214966
43968,34.504353
43969,23.926872
43970,27.589113
43971,27.897387
43972,29.854284
43973,32.02054
43974,34.057648
43975,35.577724
43976,24.630192
43977,28.370298
43978,28.40784
43979,30.483171
43980,32.561623
43981,34.67563
43982,36.21027
43983,25.097466
43984,28.998955
43985,28.998955
43986,31.209044
43987,33.156464
43988,35.205235
43989,37.15346
43990,25.545017
43991,29.716301
43992,29.716301
43993,31.57946
43994,34.23893
43995,36.31939
43996,38.583298
43997,26.03611
43998,30.360619
43999,30.360619
44000,32.574192
44001,34.797546
44002,37.44319
44003,39.61616
44004,26.931284
44005,31.219889
44006,31.219889
44007,33.323322
44008,35.910603
44009,38.41343
44010,23.090443
44011,26.11563
44012,27.913004
44013,30.31729
44014,32.395447
44015,35.918114
44016,37.128323
44017,24.470522
44018,28.226974
44019,28.702045
44020,30.912134
44021,32.886368
44022,34.93514
44023,37.128323
44024,24.93862
44025,28.87999
44026,28.87999
44027,30.912134
44028,32.886368
44029,34.93514
44030,37.128323
44031,24.93862
44032,28.87999
44033,28.87999
44034,30.912134
44035,32.886368
44036,34.93514
44037,37.128323
44038,24.93862
44039,28.87999
44040,28.87999
44041,31.170397
44042,33.144634
44043,35.68202
44044,37.87442
44045,25.411877
44046,29.677654
44047,29.677654
44048,32.059063
44049,34.2271
44050,36.340195
44051,38.532597
44052,25.997463
44053,30.321972
44054,30.678509
44055,32.535545
44056,34.785717
44057,37.431362
44058,39.56546
44059,26.892637
44060,31.181242
44061,31.527334
44062,33.284676
44063,35.898773
44064,38.4016
44065,40.268066
44066,27.02805
44067,31.713009
44068,32.06801
44069,34.28091
44070,36.53521
44071,39.29854
44072,41.040062
44073,28.200764
44074,32.70561
44075,32.70561
44076,34.729877
44077,37.102356
44078,39.78024
44079,41.614216
44080,28.584175
44081,33.127983
44082,33.127983
44083,35.44149
44084,37.80066
44085,40.37383
44086,42.22058
44087,29.44017
44088,33.875767
44089,33.875767
44090,36.189274
44091,38.226284
44092,41.257565
44093,43.104317
44094,30.120102
44095,34.43044
44096,34.43044
44097,36.93858
44098,39.250973
44099,41.57093
44100,37.946632
44101,44.669746
44102,45.43309
44103,49.921143
44104,53.687225
44105,56.945183
44106,54.816784
44107,39.776516
44108,45.756794
44109,45.930805
44110,49.302303
44111,52.326485
44112,54.88168
44113,57.401924
44114,40.04602
44115,45.930805
44116,45.930805
44117,49.302303
44118,52.326485
44119,54.963238
44120,57.42626
44121,40.04602
44122,45.930805
44123,45.930805
44124,49.302303
44125,52.326485
44126,54.963238
44127,57.42626
44128,40.04602
44129,45.930805
44130,45.930805
44131,49.637405
44132,52.661587
44133,55.29834
44134,57.760582
44135,40.37559
44136,46.35897
44137,46.35897
44138,50.028084
44139,53.052265
44140,56.105854
44141,58.625748
44142,40.448486
44143,46.431866
44144,47.00919
44145,50.997677
44146,53.736477
44147,56.683426
44148,59.879536
44149,41.20761
44150,47.275467
44151,47.716896
44152,51.374992
44153,54.193428
44154,57.077435
44155,60.582767
44156,41.205658
44157,47.855267
44158,47.855267
44159,51.90133
44160,54.93473
44161,57.818737
44162,61.751553
44163,41.943336
44164,48.465664
44165,48.465664
44166,52.87743
44167,55.600723
44168,58.569633
44169,62.298058
44170,42.109962
44171,49.16526
44172,49.16526
44173,53.09
44174,56.06655
44175,60.07734
44176,63.826176
44177,42.62983
44178,50.04764
44179,50.04764
44180,53.845085
44181,56.821636
44182,61.26225
44183,64.83493
44184,43.231533
44185,50.790504
44186,50.790504
44187,54.647293
44188,57.74333
44189,61.921402
44190,53.79456
44191,61.23649
44192,66.26021
44193,65.99495
44194,69.91212
44195,76.00194
44196,77.73807
44197,53.78315
44198,62.441853
44199,62.664593
44200,65.750984
44201,70.1276
44202,74.616234
44203,78.40396
44204,53.48783
44205,62.29355
44206,62.29355
44207,65.750984
44208,70.1276
44209,74.42978
44210,78.40396
44211,53.48783
44212,62.29355
44213,62.29355
44214,65.750984
44215,70.1276
44216,74.42978
44217,78.40396
44218,53.48783
44219,62.29355
44220,62.29355
44221,66.08744
44222,70.46406
44223,74.766235
44224,78.73963
44225,53.716667
44226,62.630024
44227,62.630024
44228,66.73291
44229,71.10953
44230,75.830795
44231,79.85886
44232,54.073704
44233,63.00107
44234,63.00107
44235,66.86077
44236,71.50037
44237,76.07522
44238,80.07095
44239,54.073704
44240,63.00107
44241,63.00107
44242,66.86077
44243,71.50037
44244,76.07522
44245,80.07095
44246,54.073704
44247,63.00107
44248,63.00107
44249,66.9545
44250,71.5122
44251,76.08705
44252,80.12166
44253,54.11235
44254,63.094788
44255,63.094788
44256,66.9545
44257,71.5122
44258,76.08705
44259,80.12166
44260,54.11235
44261,63.094788
44262,63.094788
44263,66.9545
44264,71.5122
44265,76.08705
44266,80.12166
44267,54.11235
44268,63.094788
44269,63.094788
44270,66.9545
44271,71.5122
44272,76.08705
44273,80.12166
44274,54.11235
44275,63.094788
44276,63.094788
44277,66.9545
44278,71.5122
44279,76.08705
44280,52.67119
44281,62.013348
44282,58.62251
44283,65.216835
44284,67.46026
44285,70.43047
44286,76.20964
44287,51.742054
44288,60.37757
44289,59.02702
44290,64.01903
44291,67.70512
44292,71.47768
44293,75.54193
44294,51.34943
44295,59.827873
44296,59.307533
44297,63.564175
44298,67.70512
44299,71.81055
44300,75.314545
44301,51.34943
44302,59.307533
44303,59.307533
44304,63.564175
44305,67.70512
44306,71.81055
44307,75.314545
44308,51.34943
44309,59.307533
44310,59.307533
44311,63.95212
44312,68.09305
44313,72.19848
44314,75.70169
44315,51.585938
44316,60.09746
44317,60.09746
44318,64.40696
44319,68.73287
44320,72.425865
44321,76.340416
44322,52.513363
44323,60.984917
44324,60.984917
44325,64.821045
44326,69.146965
44327,73.139595
44328,76.64281
44329,52.900024
44330,61.605537
44331,61.605537
44332,65.02355
44333,69.42237
44334,73.39666
44335,76.89987
44336,52.900024
44337,61.605537
44338,61.605537
44339,65.11728
44340,69.434204
44341,73.40849
44342,76.95058
44343,53.286205
44344,62.10275
44345,62.10275
44346,65.4361
44347,69.9701
44348,74.295555
44349,78.034836
44350,53.286205
44351,62.197628
44352,62.197628
44353,65.4361
44354,69.9701
44355,74.51862
44356,78.29121
44357,53.286205
44358,62.197628
44359,62.197628
44360,65.4361
44361,69.9701
44362,74.51862
44363,78.29121
44364,53.286205
44365,62.197628
44366,62.197628
44367,65.4361
44368,69.9701
44369,74.51862
44370,44.507736
44371,51.982536
44372,53.536003
44373,57.85904
44374,60.73235
44375,66.80106
44376,70.65793
44377,45.72343
44378,53.87307
44379,54.217056
44380,57.678253
44381,62.07891
44382,66.80106
44383,70.36332
44384,46.985176
44385,54.44815
44386,54.44815
44387,57.909348
44388,63.221725
44389,66.80106
44390,70.36332
44391,47.21627
44392,54.44815
44393,54.44815
44394,57.909348
44395,63.221725
44396,66.80106
44397,70.36332
44398,47.21627
44399,54.44815
44400,54.44815
44401,58.24445
44402,63.60968
44403,67.188995
44404,70.750465
44405,47.452778
44406,54.783253
44407,54.783253
44408,58.19414
44409,63.60968
44410,67.43296
44411,70.750465
44412,47.452778
44413,54.783253
44414,54.783253
44415,58.19414
44416,63.60968
44417,67.43296
44418,70.750465
44419,47.452778
44420,54.783253
44421,54.783253
44422,58.19414
44423,63.60968
44424,67.43296
44425,70.750465
44426,47.452778
44427,54.783253
44428,54.783253
44429,58.232788
44430,63.62151
44431,67.44479
44432,70.80117
44433,47.491425
44434,54.8219
44435,54.8219
44436,58.232788
44437,63.62151
44438,67.44479
44439,70.80117
44440,47.491425
44441,54.8219
44442,54.8219
44443,58.232788
44444,63.62151
44445,67.44479
44446,70.80117
44447,47.491425
44448,54.8219
44449,54.8219
44450,58.232788
44451,63.62151
44452,67.44479
44453,70.80117
44454,47.491425
44455,54.8219
44456,54.8219
44457,58.232788
44458,63.62151
44459,67.44479
44460,31.90257
44461,36.771454
44462,36.58445
44463,39.399166
44464,41.646397
44465,48.084824
44466,44.559746
44467,31.90257
44468,36.862408
44469,37.22624
44470,39.498646
44471,42.104107
44472,45.729656
44473,45.839493
44474,32.266396
44475,37.22624
44476,37.34329
44477,39.498646
44478,42.104107
44479,44.844086
44480,46.722446
44481,32.266396
44482,37.34329
44483,37.34329
44484,39.498646
44485,42.104107
44486,44.418846
44487,46.722446
44488,32.266396
44489,37.34329
44490,37.34329
44491,39.756912
44492,42.362373
44493,44.677113
44494,46.97993
44495,32.426067
44496,37.601555
44497,38.052223
44498,40.322838
44499,42.9283
44500,44.973724
44501,47.497448
44502,32.758766
44503,38.139088
44504,38.139088
44505,40.409702
44506,43.015163
44507,45.06059
44508,47.882683
44509,32.758766
44510,38.139088
44511,38.139088
44512,40.409702
44513,43.015163
44514,45.48583
44515,47.882683
44516,32.758766
44517,38.139088
44518,38.139088
44519,40.44835
44520,43.026993
44521,45.497658
44522,47.933384
44523,32.797413
44524,38.177734
44525,38.177734
44526,40.44835
44527,43.026993
44528,45.497658
44529,47.933384
44530,32.797413
44531,38.177734
44532,38.177734
44533,40.44835
44534,43.026993
44535,45.497658
44536,47.933384
44537,32.797413
44538,38.177734
44539,38.177734
44540,40.44835
44541,43.026993
44542,45.497658
44543,47.933384
44544,32.797413
44545,38.177734
44546,38.177734
44547,40.44835
44548,43.026993
44549,45.497658
44550,37.309105
44551,41.19698
44552,40.67513
44553,42.63448
44554,43.653088
44555,45.916855
44556,49.106503
44557,35.090816
44558,39.566536
44559,39.37036
44560,41.5749
44561,44.294415
44562,46.988045
44563,49.992073
44564,34.02067
44565,39.37036
44566,39.37036
44567,41.5749
44568,44.294415
44569,46.988045
44570,49.992073
44571,34.02067
44572,39.37036
44573,39.37036
44574,41.5749
44575,44.294415
44576,46.988045
44577,49.992073
44578,34.02067
44579,39.37036
44580,39.37036
44581,41.833168
44582,44.55268
44583,47.24631
44584,50.249557
44585,34.180344
44586,39.628628
44587,39.628628
44588,41.833168
44589,44.55268
44590,47.631546
44591,50.249557
44592,34.180344
44593,39.628628
44594,39.628628
44595,41.833168
44596,44.55268
44597,47.631546
44598,50.249557
44599,34.180344
44600,39.628628
44601,39.628628
44602,41.833168
44603,44.55268
44604,47.631546
44605,50.249557
44606,34.180344
44607,39.628628
44608,39.628628
44609,41.871815
44610,44.56451
44611,47.643375
44612,50.30026
44613,34.21899
44614,39.667274
44615,39.667274
44616,41.871815
44617,44.56451
44618,47.643375
44619,50.30026
44620,34.21899
44621,39.667274
44622,39.667274
44623,41.871815
44624,44.56451
44625,47.643375
44626,50.30026
44627,34.21899
44628,39.667274
44629,39.667274
44630,41.871815
44631,44.56451
44632,47.643375
44633,50.30026
44634,34.21899
44635,39.667274
44636,39.667274
44637,41.871815
44638,44.56451
44639,47.643375
44640,31.348406
44641,36.771454
44642,36.502316
44643,39.498646
44644,41.646397
44645,43.62854
44646,45.93214
44647,31.863451
44648,36.654404
44649,36.654404
44650,39.066574
44651,41.313805
44652,43.62854
44653,45.93214
44654,31.863451
44655,36.654404
44656,36.654404
44657,39.066574
44658,41.313805
44659,43.62854
44660,45.93214
44661,31.863451
44662,36.654404
44663,36.654404
44664,39.066574
44665,41.313805
44666,43.62854
44667,45.93214
44668,31.863451
44669,36.654404
44670,36.654404
44671,39.32484
44672,41.57207
44673,43.886806
44674,46.189625
44675,32.02312
44676,36.91267
44677,36.91267
44678,39.32484
44679,41.57207
44680,43.886806
44681,46.189625
44682,32.02312
44683,36.91267
44684,36.91267
44685,39.32484
44686,41.57207
44687,43.886806
44688,46.189625
44689,32.02312
44690,36.91267
44691,36.91267
44692,39.32484
44693,41.57207
44694,43.886806
44695,46.189625
44696,32.02312
44697,36.91267
44698,36.91267
44699,39.363487
44700,41.5839
44701,43.898636
44702,46.240326
44703,32.061768
44704,36.951317
44705,37.15932
44706,39.69608
44707,41.916492
44708,44.231228
44709,46.572918
44710,32.100887
44711,37.15932
44712,37.27637
44713,39.69608
44714,41.916492
44715,44.231228
44716,46.572918
44717,32.100887
44718,37.27637
44719,37.6402
44720,39.79556
44721,42.374203
44722,44.688942
44723,47.030632
44724,32.464714
44725,38.09087
44726,38.09087
44727,40.361485
44728,43.026993
44729,45.07242
44730,53.018723
44731,61.23649
44732,62.664593
44733,67.31664
44734,71.75372
44735,73.614395
44736,77.64846
44737,53.48783
44738,62.19867
44739,62.29355
44740,65.99495
44741,70.46047
44742,73.947266
44743,78.40396
44744,53.48783
44745,62.29355
44746,62.29355
44747,65.750984
44748,70.1276
44749,74.20671
44750,78.40396
44751,53.48783
44752,62.29355
44753,62.29355
44754,65.750984
44755,70.1276
44756,74.42978
44757,78.40396
44758,53.48783
44759,62.29355
44760,62.29355
44761,66.08744
44762,70.46406
44763,74.766235
44764,78.73963
44765,53.716667
44766,62.630024
44767,62.630024
44768,66.73291
44769,71.10953
44770,75.830795
44771,79.85886
44772,54.073704
44773,63.00107
44774,63.00107
44775,66.86077
44776,71.50037
44777,76.07522
44778,80.07095
44779,54.073704
44780,63.00107
44781,63.00107
44782,66.86077
44783,71.50037
44784,76.07522
44785,80.07095
44786,54.073704
44787,63.00107
44788,63.00107
44789,66.9545
44790,71.5122
44791,76.08705
44792,80.12166
44793,54.11235
44794,63.094788
44795,63.094788
44796,66.9545
44797,71.5122
44798,76.08705
44799,80.12166
44800,54.11235
44801,63.094788
44802,63.094788
44803,66.9545
44804,71.5122
44805,76.08705
44806,80.12166
44807,54.11235
44808,63.094788
44809,63.094788
44810,66.9545
44811,71.5122
44812,76.08705
44813,80.12166
44814,54.11235
44815,63.094788
44816,63.094788
44817,66.9545
44818,71.5122
44819,76.08705
44820,44.628353
44821,55.12017
44822,55.12017
44823,61.15145
44824,63.46569
44825,65.6314
44826,69.45003
44827,47.21627
44828,54.44815
44829,54.44815
44830,58.804443
44831,63.221725
44832,66.80106
44833,70.36332
44834,47.21627
44835,54.44815
44836,54.44815
44837,57.85904
44838,63.221725
44839,66.80106
44840,70.36332
44841,47.21627
44842,54.44815
44843,54.44815
44844,57.909348
44845,63.221725
44846,66.80106
44847,70.36332
44848,47.21627
44849,54.44815
44850,54.44815
44851,58.24445
44852,63.60968
44853,67.188995
44854,70.750465
44855,47.452778
44856,54.783253
44857,54.783253
44858,58.19414
44859,63.60968
44860,67.43296
44861,70.750465
44862,47.452778
44863,54.783253
44864,54.783253
44865,58.19414
44866,63.60968
44867,67.43296
44868,70.750465
44869,47.452778
44870,54.783253
44871,54.783253
44872,58.19414
44873,63.60968
44874,67.43296
44875,70.750465
44876,47.452778
44877,54.783253
44878,54.783253
44879,58.232788
44880,63.62151
44881,67.44479
44882,70.80117
44883,47.491425
44884,54.8219
44885,54.8219
44886,58.232788
44887,63.62151
44888,67.44479
44889,70.80117
44890,47.491425
44891,54.8219
44892,54.8219
44893,58.232788
44894,63.62151
44895,67.44479
44896,70.80117
44897,47.491425
44898,54.8219
44899,54.8219
44900,58.232788
44901,63.62151
44902,67.44479
44903,70.80117
44904,47.491425
44905,54.8219
44906,54.8219
44907,58.232788
44908,63.62151
44909,67.44479
44910,49.447617
44911,56.09571
44912,59.809113
44913,62.55179
44914,68.23169
44915,69.93783
44916,75.63569
44917,49.858418
44918,57.569687
44919,58.842686
44920,62.88003
44921,66.576904
44922,70.39728
44923,74.30121
44924,49.858418
44925,57.569687
44926,57.51938
44927,62.88003
44928,66.33294
44929,70.39728
44930,74.11475
44931,49.858418
44932,57.569687
44933,57.569687
44934,62.88003
44935,66.33294
44936,70.39728
44937,74.11475
44938,49.858418
44939,57.569687
44940,57.569687
44941,63.267986
44942,66.72087
44943,70.78521
44944,74.5019
44945,50.094925
44946,57.90479
44947,57.90479
44948,63.267986
44949,66.72087
44950,70.78521
44951,74.5019
44952,50.094925
44953,57.90479
44954,57.90479
44955,63.267986
44956,66.72087
44957,70.78521
44958,74.5019
44959,50.094925
44960,57.90479
44961,57.90479
44962,63.267986
44963,66.72087
44964,70.78521
44965,74.5019
44966,50.094925
44967,57.90479
44968,57.90479
44969,63.361706
44970,66.732704
44971,70.79704
44972,74.552605
44973,50.13357
44974,57.943436
44975,57.943436
44976,63.361706
44977,66.732704
44978,70.79704
44979,74.552605
44980,50.13357
44981,57.943436
44982,57.943436
44983,63.361706
44984,66.732704
44985,70.79704
44986,74.552605
44987,50.13357
44988,57.943436
44989,57.943436
44990,63.361706
44991,66.732704
44992,70.79704
44993,74.552605
44994,50.13357
44995,57.943436
44996,57.943436
44997,63.361706
44998,66.732704
44999,70.79704
